  0
SECTION
  2
HEADER
  9
$ACADVER
  1
AC1024
  9
$ACADMAINTVER
 70
6
  9
$DWGCODEPAGE
  3
ANSI_1252
  9
$LASTSAVEDBY
  1
ezdxf
  9
$INSBASE
 10
0.0
 20
0.0
 30
0.0
  9
$EXTMIN
 10
1e+20
 20
1e+20
 30
1e+20
  9
$EXTMAX
 10
-1e+20
 20
-1e+20
 30
-1e+20
  9
$LIMMIN
 10
0.0
 20
0.0
  9
$LIMMAX
 10
420.0
 20
297.0
  9
$ORTHOMODE
 70
0
  9
$REGENMODE
 70
1
  9
$FILLMODE
 70
1
  9
$QTEXTMODE
 70
0
  9
$MIRRTEXT
 70
1
  9
$LTSCALE
 40
1.0
  9
$ATTMODE
 70
1
  9
$TEXTSIZE
 40
2.5
  9
$TRACEWID
 40
1.0
  9
$TEXTSTYLE
  7
Standard
  9
$CLAYER
  8
0
  9
$CELTYPE
  6
ByLayer
  9
$CECOLOR
 62
256
  9
$CELTSCALE
 40
1.0
  9
$DISPSILH
 70
0
  9
$DIMSCALE
 40
1.0
  9
$DIMASZ
 40
2.5
  9
$DIMEXO
 40
0.625
  9
$DIMDLI
 40
3.75
  9
$DIMRND
 40
0.0
  9
$DIMDLE
 40
0.0
  9
$DIMEXE
 40
1.25
  9
$DIMTP
 40
0.0
  9
$DIMTM
 40
0.0
  9
$DIMTXT
 40
2.5
  9
$DIMCEN
 40
2.5
  9
$DIMTSZ
 40
0.0
  9
$DIMTOL
 70
0
  9
$DIMLIM
 70
0
  9
$DIMTIH
 70
0
  9
$DIMTOH
 70
0
  9
$DIMSE1
 70
0
  9
$DIMSE2
 70
0
  9
$DIMTAD
 70
1
  9
$DIMZIN
 70
8
  9
$DIMBLK
  1

  9
$DIMASO
 70
1
  9
$DIMSHO
 70
1
  9
$DIMPOST
  1

  9
$DIMAPOST
  1

  9
$DIMALT
 70
0
  9
$DIMALTD
 70
3
  9
$DIMALTF
 40
0.03937007874
  9
$DIMLFAC
 40
1.0
  9
$DIMTOFL
 70
1
  9
$DIMTVP
 40
0.0
  9
$DIMTIX
 70
0
  9
$DIMSOXD
 70
0
  9
$DIMSAH
 70
0
  9
$DIMBLK1
  1

  9
$DIMBLK2
  1

  9
$DIMSTYLE
  2
ISO-25
  9
$DIMCLRD
 70
0
  9
$DIMCLRE
 70
0
  9
$DIMCLRT
 70
0
  9
$DIMTFAC
 40
1.0
  9
$DIMGAP
 40
0.625
  9
$DIMJUST
 70
0
  9
$DIMSD1
 70
0
  9
$DIMSD2
 70
0
  9
$DIMTOLJ
 70
0
  9
$DIMTZIN
 70
8
  9
$DIMALTZ
 70
0
  9
$DIMALTTZ
 70
0
  9
$DIMUPT
 70
0
  9
$DIMDEC
 70
2
  9
$DIMTDEC
 70
2
  9
$DIMALTU
 70
2
  9
$DIMALTTD
 70
3
  9
$DIMTXSTY
  7
Standard
  9
$DIMAUNIT
 70
0
  9
$DIMADEC
 70
0
  9
$DIMALTRND
 40
0.0
  9
$DIMAZIN
 70
0
  9
$DIMDSEP
 70
44
  9
$DIMATFIT
 70
3
  9
$DIMFRAC
 70
0
  9
$DIMLDRBLK
  1

  9
$DIMLUNIT
 70
2
  9
$DIMLWD
 70
-2
  9
$DIMLWE
 70
-2
  9
$DIMTMOVE
 70
0
  9
$DIMFXL
 40
1.0
  9
$DIMFXLON
 70
0
  9
$DIMJOGANG
 40
0.785398163397
  9
$DIMTFILL
 70
0
  9
$DIMTFILLCLR
 70
0
  9
$DIMARCSYM
 70
0
  9
$DIMLTYPE
  6

  9
$DIMLTEX1
  6

  9
$DIMLTEX2
  6

  9
$DIMTXTDIRECTION
 70
0
  9
$LUNITS
 70
2
  9
$LUPREC
 70
4
  9
$SKETCHINC
 40
1.0
  9
$FILLETRAD
 40
10.0
  9
$AUNITS
 70
0
  9
$AUPREC
 70
2
  9
$MENU
  1
.
  9
$ELEVATION
 40
0.0
  9
$PELEVATION
 40
0.0
  9
$THICKNESS
 40
0.0
  9
$LIMCHECK
 70
0
  9
$CHAMFERA
 40
0.0
  9
$CHAMFERB
 40
0.0
  9
$CHAMFERC
 40
0.0
  9
$CHAMFERD
 40
0.0
  9
$SKPOLY
 70
0
  9
$TDCREATE
 40
2461324.6466435185
  9
$TDUCREATE
 40
2458532.153996898
  9
$TDUPDATE
 40
2461324.6466435185
  9
$TDUUPDATE
 40
2458532.1544311
  9
$TDINDWG
 40
0.0
  9
$TDUSRTIMER
 40
0.0
  9
$USRTIMER
 70
1
  9
$ANGBASE
 50
0.0
  9
$ANGDIR
 70
0
  9
$PDMODE
 70
0
  9
$PDSIZE
 40
0.0
  9
$PLINEWID
 40
0.0
  9
$SPLFRAME
 70
0
  9
$SPLINETYPE
 70
6
  9
$SPLINESEGS
 70
8
  9
$HANDSEED
  5
169A
  9
$SURFTAB1
 70
6
  9
$SURFTAB2
 70
6
  9
$SURFTYPE
 70
6
  9
$SURFU
 70
6
  9
$SURFV
 70
6
  9
$UCSBASE
  2

  9
$UCSNAME
  2

  9
$UCSORG
 10
0.0
 20
0.0
 30
0.0
  9
$UCSXDIR
 10
1.0
 20
0.0
 30
0.0
  9
$UCSYDIR
 10
0.0
 20
1.0
 30
0.0
  9
$UCSORTHOREF
  2

  9
$UCSORTHOVIEW
 70
0
  9
$UCSORGTOP
 10
0.0
 20
0.0
 30
0.0
  9
$UCSORGBOTTOM
 10
0.0
 20
0.0
 30
0.0
  9
$UCSORGLEFT
 10
0.0
 20
0.0
 30
0.0
  9
$UCSORGRIGHT
 10
0.0
 20
0.0
 30
0.0
  9
$UCSORGFRONT
 10
0.0
 20
0.0
 30
0.0
  9
$UCSORGBACK
 10
0.0
 20
0.0
 30
0.0
  9
$PUCSBASE
  2

  9
$PUCSNAME
  2

  9
$PUCSORG
 10
0.0
 20
0.0
 30
0.0
  9
$PUCSXDIR
 10
1.0
 20
0.0
 30
0.0
  9
$PUCSYDIR
 10
0.0
 20
1.0
 30
0.0
  9
$PUCSORTHOREF
  2

  9
$PUCSORTHOVIEW
 70
0
  9
$PUCSORGTOP
 10
0.0
 20
0.0
 30
0.0
  9
$PUCSORGBOTTOM
 10
0.0
 20
0.0
 30
0.0
  9
$PUCSORGLEFT
 10
0.0
 20
0.0
 30
0.0
  9
$PUCSORGRIGHT
 10
0.0
 20
0.0
 30
0.0
  9
$PUCSORGFRONT
 10
0.0
 20
0.0
 30
0.0
  9
$PUCSORGBACK
 10
0.0
 20
0.0
 30
0.0
  9
$USERI1
 70
0
  9
$USERI2
 70
0
  9
$USERI3
 70
0
  9
$USERI4
 70
0
  9
$USERI5
 70
0
  9
$USERR1
 40
0.0
  9
$USERR2
 40
0.0
  9
$USERR3
 40
0.0
  9
$USERR4
 40
0.0
  9
$USERR5
 40
0.0
  9
$WORLDVIEW
 70
1
  9
$SHADEDGE
 70
3
  9
$SHADEDIF
 70
70
  9
$TILEMODE
 70
1
  9
$MAXACTVP
 70
64
  9
$PINSBASE
 10
0.0
 20
0.0
 30
0.0
  9
$PLIMCHECK
 70
0
  9
$PEXTMIN
 10
1e+20
 20
1e+20
 30
1e+20
  9
$PEXTMAX
 10
-1e+20
 20
-1e+20
 30
-1e+20
  9
$PLIMMIN
 10
0.0
 20
0.0
  9
$PLIMMAX
 10
420.0
 20
297.0
  9
$UNITMODE
 70
0
  9
$VISRETAIN
 70
1
  9
$PLINEGEN
 70
0
  9
$PSLTSCALE
 70
1
  9
$TREEDEPTH
 70
3020
  9
$CMLSTYLE
  2
Standard
  9
$CMLJUST
 70
0
  9
$CMLSCALE
 40
20.0
  9
$PROXYGRAPHICS
 70
1
  9
$MEASUREMENT
 70
1
  9
$CELWEIGHT
370
-1
  9
$ENDCAPS
280
0
  9
$JOINSTYLE
280
0
  9
$LWDISPLAY
290
0
  9
$INSUNITS
 70
6
  9
$HYPERLINKBASE
  1

  9
$STYLESHEET
  1

  9
$XEDIT
290
1
  9
$CEPSNTYPE
380
0
  9
$PSTYLEMODE
290
1
  9
$FINGERPRINTGUID
  2
{557591CD-D6FE-4805-8CCC-49958A59C68E}
  9
$VERSIONGUID
  2
{E1101612-ACBD-405F-AF86-B0BCE89593D3}
  9
$EXTNAMES
290
1
  9
$PSVPSCALE
 40
0.0
  9
$OLESTARTUP
290
0
  9
$SORTENTS
280
127
  9
$INDEXCTL
280
0
  9
$HIDETEXT
280
1
  9
$XCLIPFRAME
280
1
  9
$HALOGAP
280
0
  9
$OBSCOLOR
 70
257
  9
$OBSLTYPE
280
0
  9
$INTERSECTIONDISPLAY
280
0
  9
$INTERSECTIONCOLOR
 70
257
  9
$DIMASSOC
280
2
  9
$PROJECTNAME
  1

  9
$CAMERADISPLAY
290
0
  9
$LENSLENGTH
 40
50.0
  9
$CAMERAHEIGHT
 40
0.0
  9
$STEPSPERSEC
 40
24.0
  9
$STEPSIZE
 40
100.0
  9
$3DDWFPREC
 40
2.0
  9
$PSOLWIDTH
 40
0.005
  9
$PSOLHEIGHT
 40
0.08
  9
$LOFTANG1
 40
1.570796326795
  9
$LOFTANG2
 40
1.570796326795
  9
$LOFTMAG1
 40
0.0
  9
$LOFTMAG2
 40
0.0
  9
$LOFTPARAM
 70
7
  9
$LOFTNORMALS
280
1
  9
$LATITUDE
 40
37.795
  9
$LONGITUDE
 40
-122.394
  9
$NORTHDIRECTION
 40
0.0
  9
$TIMEZONE
 70
-8000
  9
$LIGHTGLYPHDISPLAY
280
1
  9
$TILEMODELIGHTSYNCH
280
1
  9
$CMATERIAL
347
20
  9
$SOLIDHIST
280
0
  9
$SHOWHIST
280
1
  9
$DWFFRAME
280
2
  9
$DGNFRAME
280
2
  9
$REALWORLDSCALE
290
1
  9
$INTERFERECOLOR
 62
256
  9
$CSHADOW
280
0
  9
$SHADOWPLANELOCATION
 40
0.0
  0
ENDSEC
  0
SECTION
  2
CLASSES
  0
CLASS
  1
ACDBDICTIONARYWDFLT
  2
AcDbDictionaryWithDefault
  3
ObjectDBX Classes
 90
0
 91
0
280
0
281
0
  0
CLASS
  1
SUN
  2
AcDbSun
  3
SCENEOE
 90
1153
 91
0
280
0
281
0
  0
CLASS
  1
VISUALSTYLE
  2
AcDbVisualStyle
  3
ObjectDBX Classes
 90
4095
 91
0
280
0
281
0
  0
CLASS
  1
MATERIAL
  2
AcDbMaterial
  3
ObjectDBX Classes
 90
1153
 91
0
280
0
281
0
  0
CLASS
  1
SCALE
  2
AcDbScale
  3
ObjectDBX Classes
 90
1153
 91
0
280
0
281
0
  0
CLASS
  1
TABLESTYLE
  2
AcDbTableStyle
  3
ObjectDBX Classes
 90
4095
 91
0
280
0
281
0
  0
CLASS
  1
MLEADERSTYLE
  2
AcDbMLeaderStyle
  3
ACDB_MLEADERSTYLE_CLASS
 90
4095
 91
0
280
0
281
0
  0
CLASS
  1
DICTIONARYVAR
  2
AcDbDictionaryVar
  3
ObjectDBX Classes
 90
0
 91
0
280
0
281
0
  0
CLASS
  1
CELLSTYLEMAP
  2
AcDbCellStyleMap
  3
ObjectDBX Classes
 90
1152
 91
0
280
0
281
0
  0
CLASS
  1
MENTALRAYRENDERSETTINGS
  2
AcDbMentalRayRenderSettings
  3
SCENEOE
 90
1024
 91
0
280
0
281
0
  0
CLASS
  1
ACDBDETAILVIEWSTYLE
  2
AcDbDetailViewStyle
  3
ObjectDBX Classes
 90
1025
 91
0
280
0
281
0
  0
CLASS
  1
ACDBSECTIONVIEWSTYLE
  2
AcDbSectionViewStyle
  3
ObjectDBX Classes
 90
1025
 91
0
280
0
281
0
  0
CLASS
  1
RASTERVARIABLES
  2
AcDbRasterVariables
  3
ISM
 90
0
 91
0
280
0
281
0
  0
CLASS
  1
LAYOUT
  2
AcDbLayout
  3
ObjectDBX Classes
 90
0
 91
0
280
0
281
0
  0
CLASS
  1
ACDBPLACEHOLDER
  2
AcDbPlaceHolder
  3
ObjectDBX Classes
 90
0
 91
0
280
0
281
0
  0
ENDSEC
  0
SECTION
  2
TABLES
  0
TABLE
  2
VPORT
  5
8
330
0
100
AcDbSymbolTable
 70
1
  0
VPORT
  5
23
330
8
100
AcDbSymbolTableRecord
100
AcDbViewportTableRecord
  2
*Active
 70
0
 10
0.0
 20
0.0
 11
1.0
 21
1.0
 12
0.0
 22
0.0
 13
0.0
 23
0.0
 14
0.5
 24
0.5
 15
0.5
 25
0.5
 16
0.0
 26
0.0
 36
1.0
 17
0.0
 27
0.0
 37
0.0
 40
1000.0
 41
1.34
 42
50.0
 43
0.0
 44
0.0
 50
0.0
 51
0.0
 71
0
 72
1000
 73
1
 74
3
 75
0
 76
0
 77
0
 78
0
281
0
 65
0
146
0.0
  0
ENDTAB
  0
TABLE
  2
LTYPE
  5
2
330
0
100
AcDbSymbolTable
 70
3
  0
LTYPE
  5
24
330
2
100
AcDbSymbolTableRecord
100
AcDbLinetypeTableRecord
  2
ByBlock
 70
0
  3

 72
65
 73
0
 40
0.0
  0
LTYPE
  5
25
330
2
100
AcDbSymbolTableRecord
100
AcDbLinetypeTableRecord
  2
ByLayer
 70
0
  3

 72
65
 73
0
 40
0.0
  0
LTYPE
  5
26
330
2
100
AcDbSymbolTableRecord
100
AcDbLinetypeTableRecord
  2
Continuous
 70
0
  3

 72
65
 73
0
 40
0.0
  0
ENDTAB
  0
TABLE
  2
LAYER
  5
1
330
0
100
AcDbSymbolTable
 70
2
  0
LAYER
  5
27
330
1
100
AcDbSymbolTableRecord
100
AcDbLayerTableRecord
  2
0
 70
0
 62
7
  6
Continuous
370
-3
390
13
347
21
  0
LAYER
  5
28
330
1
100
AcDbSymbolTableRecord
100
AcDbLayerTableRecord
  2
Defpoints
 70
0
 62
7
  6
Continuous
290
0
370
-3
390
13
347
21
  0
ENDTAB
  0
TABLE
  2
STYLE
  5
5
330
0
100
AcDbSymbolTable
 70
1
  0
STYLE
  5
29
330
5
100
AcDbSymbolTableRecord
100
AcDbTextStyleTableRecord
  2
Standard
 70
0
 40
0.0
 41
1.0
 50
0.0
 71
0
 42
2.5
  3
txt
  4

  0
ENDTAB
  0
TABLE
  2
VIEW
  5
7
330
0
100
AcDbSymbolTable
 70
0
  0
ENDTAB
  0
TABLE
  2
UCS
  5
6
330
0
100
AcDbSymbolTable
 70
0
  0
ENDTAB
  0
TABLE
  2
APPID
  5
3
330
0
100
AcDbSymbolTable
 70
3
  0
APPID
  5
2A
330
3
100
AcDbSymbolTableRecord
100
AcDbRegAppTableRecord
  2
ACAD
 70
0
  0
APPID
  5
1697
330
3
100
AcDbSymbolTableRecord
100
AcDbRegAppTableRecord
  2
HATCHBACKGROUNDCOLOR
 70
0
  0
APPID
  5
1698
330
3
100
AcDbSymbolTableRecord
100
AcDbRegAppTableRecord
  2
EZDXF
 70
0
  0
ENDTAB
  0
TABLE
  2
DIMSTYLE
  5
4
330
0
100
AcDbSymbolTable
 70
1
100
AcDbDimStyleTable
  0
DIMSTYLE
105
2B
330
4
100
AcDbSymbolTableRecord
100
AcDbDimStyleTableRecord
  2
Standard
 70
0
 40
1.0
 41
2.5
 42
0.625
 43
3.75
 44
1.25
 45
0.0
 46
0.0
 47
0.0
 48
0.0
 49
2.5
140
2.5
141
2.5
142
0.0
143
0.03937007874
144
1.0
145
0.0
146
1.0
147
0.625
148
0.0
 69
0
 70
0
 71
0
 72
0
 73
0
 74
0
 75
0
 76
0
 77
1
 78
8
 79
3
170
0
171
3
172
1
173
0
174
0
175
0
176
0
177
0
178
0
179
2
271
2
272
2
273
2
274
3
275
0
276
0
277
2
278
44
279
0
280
0
281
0
282
0
283
0
284
8
285
0
286
0
288
0
289
3
290
0
371
-2
372
-2
  0
ENDTAB
  0
TABLE
  2
BLOCK_RECORD
  5
9
330
0
100
AcDbSymbolTable
 70
2
  0
BLOCK_RECORD
  5
17
330
9
100
AcDbSymbolTableRecord
100
AcDbBlockTableRecord
  2
*Model_Space
340
1A
 70
0
280
1
281
0
  0
BLOCK_RECORD
  5
1B
330
9
100
AcDbSymbolTableRecord
100
AcDbBlockTableRecord
  2
*Paper_Space
340
1E
 70
0
280
1
281
0
  0
ENDTAB
  0
ENDSEC
  0
SECTION
  2
BLOCKS
  0
BLOCK
  5
18
330
17
100
AcDbEntity
  8
0
100
AcDbBlockBegin
  2
*Model_Space
 70
0
 10
0.0
 20
0.0
 30
0.0
  3
*Model_Space
  1

  0
ENDBLK
  5
19
330
17
100
AcDbEntity
  8
0
100
AcDbBlockEnd
  0
BLOCK
  5
1C
330
1B
100
AcDbEntity
  8
0
100
AcDbBlockBegin
  2
*Paper_Space
 70
0
 10
0.0
 20
0.0
 30
0.0
  3
*Paper_Space
  1

  0
ENDBLK
  5
1D
330
1B
100
AcDbEntity
  8
0
100
AcDbBlockEnd
  0
ENDSEC
  0
SECTION
  2
ENTITIES
  0
LWPOLYLINE
  5
2F
330
17
100
AcDbEntity
  8
0
100
AcDbPolyline
 90
5
 70
0
 10
0.0
 20
0.0
 10
1000.0
 20
0.0
 10
1000.0
 20
1000.0
 10
0.0
 20
1000.0
 10
0.0
 20
0.0
  0
CIRCLE
  5
30
330
17
100
AcDbEntity
  8
0
100
AcDbCircle
 10
340.78168248186154
 20
408.20431535265055
 30
0.0
 40
40.0
  0
CIRCLE
  5
31
330
17
100
AcDbEntity
  8
0
100
AcDbCircle
 10
235.87212337977653
 20
156.9041891122395
 30
0.0
 40
40.0
  0
CIRCLE
  5
32
330
17
100
AcDbEntity
  8
0
100
AcDbCircle
 10
360.1114862109134
 20
915.6140329816676
 30
0.0
 40
40.0
  0
CIRCLE
  5
33
330
17
100
AcDbEntity
  8
0
100
AcDbCircle
 10
389.1093456811173
 20
790.8230248613876
 30
0.0
 40
40.0
  0
CIRCLE
  5
34
330
17
100
AcDbEntity
  8
0
100
AcDbCircle
 10
911.5048393721476
 20
781.7790208600422
 30
0.0
 40
40.0
  0
CIRCLE
  5
35
330
17
100
AcDbEntity
  8
0
100
AcDbCircle
 10
602.0875702885447
 20
693.4320000505007
 30
0.0
 40
40.0
  0
CIRCLE
  5
36
330
17
100
AcDbEntity
  8
0
100
AcDbCircle
 10
917.2264391462376
 20
69.38838547811498
 30
0.0
 40
40.0
  0
CIRCLE
  5
37
330
17
100
AcDbEntity
  8
0
100
AcDbCircle
 10
415.9362308507959
 20
220.3571912973441
 30
0.0
 40
40.0
  0
CIRCLE
  5
38
330
17
100
AcDbEntity
  8
0
100
AcDbCircle
 10
338.41338374486145
 20
320.890171373385
 30
0.0
 40
40.0
  0
CIRCLE
  5
39
330
17
100
AcDbEntity
  8
0
100
AcDbCircle
 10
520.1567205632222
 20
157.08011157197734
 30
0.0
 40
40.0
  0
CIRCLE
  5
3A
330
17
100
AcDbEntity
  8
0
100
AcDbCircle
 10
349.7637889059335
 20
567.7888180449727
 30
0.0
 40
40.0
  0
CIRCLE
  5
3B
330
17
100
AcDbEntity
  8
0
100
AcDbCircle
 10
393.6350483654836
 20
490.7567116859888
 30
0.0
 40
40.0
  0
CIRCLE
  5
3C
330
17
100
AcDbEntity
  8
0
100
AcDbCircle
 10
653.4216847927478
 20
514.6725886447247
 30
0.0
 40
40.0
  0
CIRCLE
  5
3D
330
17
100
AcDbEntity
  8
0
100
AcDbCircle
 10
556.7258852347284
 20
781.2466853240971
 30
0.0
 40
40.0
  0
CIRCLE
  5
3E
330
17
100
AcDbEntity
  8
0
100
AcDbCircle
 10
857.5415686880658
 20
863.6248879918746
 30
0.0
 40
40.0
  0
CIRCLE
  5
3F
330
17
100
AcDbEntity
  8
0
100
AcDbCircle
 10
441.783416391464
 20
911.4151694406224
 30
0.0
 40
40.0
  0
CIRCLE
  5
40
330
17
100
AcDbEntity
  8
0
100
AcDbCircle
 10
931.9898912549636
 20
277.35177405698533
 30
0.0
 40
40.0
  0
CIRCLE
  5
41
330
17
100
AcDbEntity
  8
0
100
AcDbCircle
 10
240.85390656065493
 20
345.7184758951482
 30
0.0
 40
40.0
  0
CIRCLE
  5
42
330
17
100
AcDbEntity
  8
0
100
AcDbCircle
 10
898.4176780391124
 20
674.2209046735234
 30
0.0
 40
40.0
  0
CIRCLE
  5
43
330
17
100
AcDbEntity
  8
0
100
AcDbCircle
 10
156.70699942486814
 20
930.6148088250114
 30
0.0
 40
40.0
  0
CIRCLE
  5
44
330
17
100
AcDbEntity
  8
0
100
AcDbCircle
 10
425.49220876652277
 20
104.71684904095781
 30
0.0
 40
40.0
  0
CIRCLE
  5
45
330
17
100
AcDbEntity
  8
0
100
AcDbCircle
 10
297.5466132858179
 20
674.7314168884355
 30
0.0
 40
40.0
  0
CIRCLE
  5
46
330
17
100
AcDbEntity
  8
0
100
AcDbCircle
 10
946.8373831438288
 20
881.3796878120133
 30
0.0
 40
40.0
  0
CIRCLE
  5
47
330
17
100
AcDbEntity
  8
0
100
AcDbCircle
 10
118.27949418756924
 20
675.3212967660362
 30
0.0
 40
40.0
  0
CIRCLE
  5
48
330
17
100
AcDbEntity
  8
0
100
AcDbCircle
 10
55.74083038609233
 20
575.1465851062304
 30
0.0
 40
40.0
  0
CIRCLE
  5
49
330
17
100
AcDbEntity
  8
0
100
AcDbCircle
 10
567.6087496965423
 20
479.4121091842878
 30
0.0
 40
40.0
  0
CIRCLE
  5
4A
330
17
100
AcDbEntity
  8
0
100
AcDbCircle
 10
787.0358704880131
 20
325.141642625402
 30
0.0
 40
40.0
  0
CIRCLE
  5
4B
330
17
100
AcDbEntity
  8
0
100
AcDbCircle
 10
247.97077659556368
 20
523.4751238067291
 30
0.0
 40
40.0
  0
CIRCLE
  5
4C
330
17
100
AcDbEntity
  8
0
100
AcDbCircle
 10
957.9547751326783
 20
436.4052157707752
 30
0.0
 40
40.0
  0
CIRCLE
  5
4D
330
17
100
AcDbEntity
  8
0
100
AcDbCircle
 10
659.995983814322
 20
348.104639561697
 30
0.0
 40
40.0
  0
CIRCLE
  5
4E
330
17
100
AcDbEntity
  8
0
100
AcDbCircle
 10
110.52632977009259
 20
459.7515120849009
 30
0.0
 40
40.0
  0
CIRCLE
  5
4F
330
17
100
AcDbEntity
  8
0
100
AcDbCircle
 10
208.79140958251566
 20
774.0216786758959
 30
0.0
 40
40.0
  0
CIRCLE
  5
50
330
17
100
AcDbEntity
  8
0
100
AcDbCircle
 10
182.70490224899993
 20
269.2428988860479
 30
0.0
 40
40.0
  0
CIRCLE
  5
51
330
17
100
AcDbEntity
  8
0
100
AcDbCircle
 10
742.2416725901692
 20
740.0742639201594
 30
0.0
 40
40.0
  0
CIRCLE
  5
52
330
17
100
AcDbEntity
  8
0
100
AcDbCircle
 10
854.0577561356923
 20
434.52679375574303
 30
0.0
 40
40.0
  0
CIRCLE
  5
53
330
17
100
AcDbEntity
  8
0
100
AcDbCircle
 10
674.0719912274859
 20
947.3740677669468
 30
0.0
 40
40.0
  0
CIRCLE
  5
54
330
17
100
AcDbEntity
  8
0
100
AcDbCircle
 10
526.8017743926916
 20
361.87488255345346
 30
0.0
 40
40.0
  0
CIRCLE
  5
55
330
17
100
AcDbEntity
  8
0
100
AcDbCircle
 10
818.4500841850142
 20
150.3890123501699
 30
0.0
 40
40.0
  0
CIRCLE
  5
56
330
17
100
AcDbEntity
  8
0
100
AcDbCircle
 10
58.56569192153201
 20
804.7033391535217
 30
0.0
 40
40.0
  0
CIRCLE
  5
57
330
17
100
AcDbEntity
  8
0
100
AcDbCircle
 10
210.44932412195993
 20
51.73895355304353
 30
0.0
 40
40.0
  0
CIRCLE
  5
58
330
17
100
AcDbEntity
  8
0
100
AcDbCircle
 10
473.74821006253467
 20
678.3222770508842
 30
0.0
 40
40.0
  0
CIRCLE
  5
59
330
17
100
AcDbEntity
  8
0
100
AcDbCircle
 10
169.8939659036802
 20
573.5376945667173
 30
0.0
 40
40.0
  0
CIRCLE
  5
5A
330
17
100
AcDbEntity
  8
0
100
AcDbCircle
 10
68.12016292221341
 20
179.70755686880418
 30
0.0
 40
40.0
  0
CIRCLE
  5
5B
330
17
100
AcDbEntity
  8
0
100
AcDbCircle
 10
646.6234015882579
 20
197.7665144103505
 30
0.0
 40
40.0
  0
CIRCLE
  5
5C
330
17
100
AcDbEntity
  8
0
100
AcDbCircle
 10
914.4805935324969
 20
366.9536460803798
 30
0.0
 40
40.0
  0
CIRCLE
  5
5D
330
17
100
AcDbEntity
  8
0
100
AcDbCircle
 10
914.613626157712
 20
161.31507233699048
 30
0.0
 40
40.0
  0
CIRCLE
  5
5E
330
17
100
AcDbEntity
  8
0
100
AcDbCircle
 10
101.26986802066746
 20
303.6397439081579
 30
0.0
 40
40.0
  0
CIRCLE
  5
5F
330
17
100
AcDbEntity
  8
0
100
AcDbCircle
 10
926.4676905799356
 20
555.6645455343305
 30
0.0
 40
40.0
  0
CIRCLE
  5
60
330
17
100
AcDbEntity
  8
0
100
AcDbCircle
 10
328.31410520821686
 20
204.32707440845172
 30
0.0
 40
40.0
  0
CIRCLE
  5
61
330
17
100
AcDbEntity
  8
0
100
AcDbCircle
 10
555.829366527992
 20
593.3009611704798
 30
0.0
 40
40.0
  0
CIRCLE
  5
62
330
17
100
AcDbEntity
  8
0
100
AcDbCircle
 10
477.5075692267717
 20
435.47230908485915
 30
0.0
 40
40.0
  0
CIRCLE
  5
63
330
17
100
AcDbEntity
  8
0
100
AcDbCircle
 10
738.5577049028673
 20
225.06625305243486
 30
0.0
 40
40.0
  0
CIRCLE
  5
64
330
17
100
AcDbEntity
  8
0
100
AcDbCircle
 10
820.4726653010023
 20
69.24255325862993
 30
0.0
 40
40.0
  0
CIRCLE
  5
65
330
17
100
AcDbEntity
  8
0
100
AcDbCircle
 10
548.7173881405267
 20
863.7150438613569
 30
0.0
 40
40.0
  0
CIRCLE
  5
66
330
17
100
AcDbEntity
  8
0
100
AcDbCircle
 10
704.3062474111928
 20
868.2032006849337
 30
0.0
 40
40.0
  0
CIRCLE
  5
67
330
17
100
AcDbEntity
  8
0
100
AcDbCircle
 10
302.10162886508436
 20
761.3106540866685
 30
0.0
 40
40.0
  0
CIRCLE
  5
68
330
17
100
AcDbEntity
  8
0
100
AcDbCircle
 10
721.5317664005163
 20
455.3898473763809
 30
0.0
 40
40.0
  0
CIRCLE
  5
69
330
17
100
AcDbEntity
  8
0
100
AcDbCircle
 10
530.7479041210446
 20
50.53188956961946
 30
0.0
 40
40.0
  0
CIRCLE
  5
6A
330
17
100
AcDbEntity
  8
0
100
AcDbCircle
 10
75.88217420684967
 20
383.91291520232835
 30
0.0
 40
40.0
  0
CIRCLE
  5
6B
330
17
100
AcDbEntity
  8
0
100
AcDbCircle
 10
149.67136798942275
 20
839.5974275647792
 30
0.0
 40
40.0
  0
CIRCLE
  5
6C
330
17
100
AcDbEntity
  8
0
100
AcDbCircle
 10
754.4228444769722
 20
544.8198727447894
 30
0.0
 40
40.0
  0
CIRCLE
  5
6D
330
17
100
AcDbEntity
  8
0
100
AcDbCircle
 10
639.2132177233095
 20
779.1552344949879
 30
0.0
 40
40.0
  0
CIRCLE
  5
6E
330
17
100
AcDbEntity
  8
0
100
AcDbCircle
 10
720.1920484804614
 20
658.1149891931342
 30
0.0
 40
40.0
  0
CIRCLE
  5
6F
330
17
100
AcDbEntity
  8
0
100
AcDbCircle
 10
608.1775300455992
 20
79.91695241257666
 30
0.0
 40
40.0
  0
CIRCLE
  5
70
330
17
100
AcDbEntity
  8
0
100
AcDbCircle
 10
588.8435767801955
 20
935.3084435447009
 30
0.0
 40
40.0
  0
CIRCLE
  5
71
330
17
100
AcDbEntity
  8
0
100
AcDbCircle
 10
469.5849859023541
 20
824.2089856279947
 30
0.0
 40
40.0
  0
CIRCLE
  5
72
330
17
100
AcDbEntity
  8
0
100
AcDbCircle
 10
405.767496525967
 20
632.0517532076512
 30
0.0
 40
40.0
  0
CIRCLE
  5
73
330
17
100
AcDbEntity
  8
0
100
AcDbCircle
 10
468.46109431776983
 20
520.4812369116523
 30
0.0
 40
40.0
  0
CIRCLE
  5
74
330
17
100
AcDbEntity
  8
0
100
AcDbCircle
 10
444.0845946128586
 20
318.6724882702746
 30
0.0
 40
40.0
  0
CIRCLE
  5
75
330
17
100
AcDbEntity
  8
0
100
AcDbCircle
 10
552.2563619588569
 20
231.10035248385535
 30
0.0
 40
40.0
  0
CIRCLE
  5
76
330
17
100
AcDbEntity
  8
0
100
AcDbCircle
 10
241.01960856610722
 20
857.2919186274967
 30
0.0
 40
40.0
  0
CIRCLE
  5
77
330
17
100
AcDbEntity
  8
0
100
AcDbCircle
 10
687.4341604072607
 20
120.9089901762916
 30
0.0
 40
40.0
  0
CIRCLE
  5
78
330
17
100
AcDbEntity
  8
0
100
AcDbCircle
 10
829.0630696774317
 20
959.7710146800041
 30
0.0
 40
40.0
  0
CIRCLE
  5
79
330
17
100
AcDbEntity
  8
0
100
AcDbCircle
 10
155.73861265359818
 20
392.4453989300005
 30
0.0
 40
40.0
  0
CIRCLE
  5
7A
330
17
100
AcDbEntity
  8
0
100
AcDbCircle
 10
301.3388516132758
 20
96.42639390243943
 30
0.0
 40
40.0
  0
CIRCLE
  5
7B
330
17
100
AcDbEntity
  8
0
100
AcDbCircle
 10
109.59530646084698
 20
104.16294921771285
 30
0.0
 40
40.0
  0
CIRCLE
  5
7C
330
17
100
AcDbEntity
  8
0
100
AcDbCircle
 10
832.7345335590921
 20
731.3199271485677
 30
0.0
 40
40.0
  0
CIRCLE
  5
7D
330
17
100
AcDbEntity
  8
0
100
AcDbCircle
 10
235.5802573027135
 20
436.7468718299242
 30
0.0
 40
40.0
  0
CIRCLE
  5
7E
330
17
100
AcDbEntity
  8
0
100
AcDbCircle
 10
839.9583023237818
 20
523.4037355448155
 30
0.0
 40
40.0
  0
CIRCLE
  5
7F
330
17
100
AcDbEntity
  8
0
100
AcDbCircle
 10
217.18711170013503
 20
673.2950173667269
 30
0.0
 40
40.0
  0
CIRCLE
  5
80
330
17
100
AcDbEntity
  8
0
100
AcDbCircle
 10
272.8614543866
 20
270.1258260054141
 30
0.0
 40
40.0
  0
CIRCLE
  5
81
330
17
100
AcDbEntity
  8
0
100
AcDbCircle
 10
40.00624901688286
 20
694.8112233615489
 30
0.0
 40
40.0
  0
CIRCLE
  5
82
330
17
100
AcDbEntity
  8
0
100
AcDbCircle
 10
839.2705717108848
 20
607.3505266113649
 30
0.0
 40
40.0
  0
CIRCLE
  5
83
330
17
100
AcDbEntity
  8
0
100
AcDbCircle
 10
839.5706699562747
 20
236.05672724810435
 30
0.0
 40
40.0
  0
CIRCLE
  5
84
330
17
100
AcDbEntity
  8
0
100
AcDbCircle
 10
58.763634850890256
 20
901.172186497193
 30
0.0
 40
40.0
  0
CIRCLE
  5
85
330
17
100
AcDbEntity
  8
0
100
AcDbCircle
 10
244.9631134265473
 20
937.9634880126448
 30
0.0
 40
40.0
  0
CIRCLE
  5
86
330
17
100
AcDbEntity
  8
0
100
AcDbCircle
 10
646.4706000920297
 20
626.031470331435
 30
0.0
 40
40.0
  0
CIRCLE
  5
87
330
17
100
AcDbEntity
  8
0
100
AcDbCircle
 10
432.8785814685017
 20
583.5099751769221
 30
0.0
 40
10.0
  0
CIRCLE
  5
88
330
17
100
AcDbEntity
  8
0
100
AcDbCircle
 10
946.3572350215694
 20
113.14300226809449
 30
0.0
 40
10.0
  0
CIRCLE
  5
89
330
17
100
AcDbEntity
  8
0
100
AcDbCircle
 10
42.801218580680484
 20
258.0944135169735
 30
0.0
 40
10.0
  0
CIRCLE
  5
8A
330
17
100
AcDbEntity
  8
0
100
AcDbCircle
 10
394.68832613295086
 20
147.46356925241398
 30
0.0
 40
10.0
  0
CIRCLE
  5
8B
330
17
100
AcDbEntity
  8
0
100
AcDbCircle
 10
302.21244785850513
 20
911.2494648502977
 30
0.0
 40
10.0
  0
CIRCLE
  5
8C
330
17
100
AcDbEntity
  8
0
100
AcDbCircle
 10
12.898094788206597
 20
162.3653280741457
 30
0.0
 40
10.0
  0
CIRCLE
  5
8D
330
17
100
AcDbEntity
  8
0
100
AcDbCircle
 10
717.5886072402204
 20
784.1466819487408
 30
0.0
 40
10.0
  0
CIRCLE
  5
8E
330
17
100
AcDbEntity
  8
0
100
AcDbCircle
 10
563.8999108081546
 20
317.6931697496957
 30
0.0
 40
10.0
  0
CIRCLE
  5
8F
330
17
100
AcDbEntity
  8
0
100
AcDbCircle
 10
362.08608036508804
 20
249.76685220479624
 30
0.0
 40
10.0
  0
CIRCLE
  5
90
330
17
100
AcDbEntity
  8
0
100
AcDbCircle
 10
421.59331231913205
 20
706.5569685275617
 30
0.0
 40
10.0
  0
CIRCLE
  5
91
330
17
100
AcDbEntity
  8
0
100
AcDbCircle
 10
81.36116596470582
 20
13.64490915838102
 30
0.0
 40
10.0
  0
CIRCLE
  5
92
330
17
100
AcDbEntity
  8
0
100
AcDbCircle
 10
414.98305855793745
 20
444.3136180489762
 30
0.0
 40
10.0
  0
CIRCLE
  5
93
330
17
100
AcDbEntity
  8
0
100
AcDbCircle
 10
652.7327320696266
 20
888.7389226793846
 30
0.0
 40
10.0
  0
CIRCLE
  5
94
330
17
100
AcDbEntity
  8
0
100
AcDbCircle
 10
372.8220390868276
 20
671.8040395685819
 30
0.0
 40
10.0
  0
CIRCLE
  5
95
330
17
100
AcDbEntity
  8
0
100
AcDbCircle
 10
560.0026260950941
 20
651.4453157418903
 30
0.0
 40
10.0
  0
CIRCLE
  5
96
330
17
100
AcDbEntity
  8
0
100
AcDbCircle
 10
492.18722607088915
 20
899.7163986528299
 30
0.0
 40
10.0
  0
CIRCLE
  5
97
330
17
100
AcDbEntity
  8
0
100
AcDbCircle
 10
975.9140723188444
 20
644.5895082378241
 30
0.0
 40
10.0
  0
CIRCLE
  5
98
330
17
100
AcDbEntity
  8
0
100
AcDbCircle
 10
397.9359241614287
 20
690.8747517313157
 30
0.0
 40
10.0
  0
CIRCLE
  5
99
330
17
100
AcDbEntity
  8
0
100
AcDbCircle
 10
547.4722441089758
 20
294.8853289977671
 30
0.0
 40
10.0
  0
CIRCLE
  5
9A
330
17
100
AcDbEntity
  8
0
100
AcDbCircle
 10
827.8871043299639
 20
376.61740461853776
 30
0.0
 40
10.0
  0
CIRCLE
  5
9B
330
17
100
AcDbEntity
  8
0
100
AcDbCircle
 10
112.58698476877474
 20
761.097549064319
 30
0.0
 40
10.0
  0
CIRCLE
  5
9C
330
17
100
AcDbEntity
  8
0
100
AcDbCircle
 10
232.17447325027715
 20
721.7618255791581
 30
0.0
 40
10.0
  0
CIRCLE
  5
9D
330
17
100
AcDbEntity
  8
0
100
AcDbCircle
 10
669.2137470004104
 20
676.1175744613663
 30
0.0
 40
10.0
  0
CIRCLE
  5
9E
330
17
100
AcDbEntity
  8
0
100
AcDbCircle
 10
771.3626198634603
 20
88.83696088404554
 30
0.0
 40
10.0
  0
CIRCLE
  5
9F
330
17
100
AcDbEntity
  8
0
100
AcDbCircle
 10
880.7537433948773
 20
19.108788215591158
 30
0.0
 40
10.0
  0
CIRCLE
  5
A0
330
17
100
AcDbEntity
  8
0
100
AcDbCircle
 10
722.6634463406036
 20
81.64666993101592
 30
0.0
 40
10.0
  0
CIRCLE
  5
A1
330
17
100
AcDbEntity
  8
0
100
AcDbCircle
 10
980.2957067373014
 20
804.9155885020737
 30
0.0
 40
10.0
  0
CIRCLE
  5
A2
330
17
100
AcDbEntity
  8
0
100
AcDbCircle
 10
471.60388639364356
 20
71.35500510743746
 30
0.0
 40
10.0
  0
CIRCLE
  5
A3
330
17
100
AcDbEntity
  8
0
100
AcDbCircle
 10
425.7007849424066
 20
975.5964151930177
 30
0.0
 40
10.0
  0
CIRCLE
  5
A4
330
17
100
AcDbEntity
  8
0
100
AcDbCircle
 10
506.6607448184425
 20
914.8027604940055
 30
0.0
 40
10.0
  0
CIRCLE
  5
A5
330
17
100
AcDbEntity
  8
0
100
AcDbCircle
 10
725.4434975242341
 20
590.1873562949513
 30
0.0
 40
10.0
  0
CIRCLE
  5
A6
330
17
100
AcDbEntity
  8
0
100
AcDbCircle
 10
808.0872275981626
 20
389.0764358412092
 30
0.0
 40
10.0
  0
CIRCLE
  5
A7
330
17
100
AcDbEntity
  8
0
100
AcDbCircle
 10
67.27242515625426
 20
639.9906437039945
 30
0.0
 40
10.0
  0
CIRCLE
  5
A8
330
17
100
AcDbEntity
  8
0
100
AcDbCircle
 10
203.7081759586934
 20
898.071622570344
 30
0.0
 40
10.0
  0
CIRCLE
  5
A9
330
17
100
AcDbEntity
  8
0
100
AcDbCircle
 10
447.75259906883485
 20
21.22615426873889
 30
0.0
 40
10.0
  0
CIRCLE
  5
AA
330
17
100
AcDbEntity
  8
0
100
AcDbCircle
 10
629.4611364158218
 20
136.12678377582765
 30
0.0
 40
10.0
  0
CIRCLE
  5
AB
330
17
100
AcDbEntity
  8
0
100
AcDbCircle
 10
357.1059164004089
 20
70.54587744275445
 30
0.0
 40
10.0
  0
CIRCLE
  5
AC
330
17
100
AcDbEntity
  8
0
100
AcDbCircle
 10
797.322815955677
 20
445.71424760435053
 30
0.0
 40
10.0
  0
CIRCLE
  5
AD
330
17
100
AcDbEntity
  8
0
100
AcDbCircle
 10
209.75798554104563
 20
113.91802789697381
 30
0.0
 40
10.0
  0
CIRCLE
  5
AE
330
17
100
AcDbEntity
  8
0
100
AcDbCircle
 10
849.9325771723378
 20
355.6225421613511
 30
0.0
 40
10.0
  0
CIRCLE
  5
AF
330
17
100
AcDbEntity
  8
0
100
AcDbCircle
 10
701.9449776289143
 20
178.33808687366738
 30
0.0
 40
10.0
  0
CIRCLE
  5
B0
330
17
100
AcDbEntity
  8
0
100
AcDbCircle
 10
390.14902314193967
 20
981.5155458331326
 30
0.0
 40
10.0
  0
CIRCLE
  5
B1
330
17
100
AcDbEntity
  8
0
100
AcDbCircle
 10
575.5282773009827
 20
411.876686483774
 30
0.0
 40
10.0
  0
CIRCLE
  5
B2
330
17
100
AcDbEntity
  8
0
100
AcDbCircle
 10
753.9078858171587
 20
606.0465812945336
 30
0.0
 40
10.0
  0
CIRCLE
  5
B3
330
17
100
AcDbEntity
  8
0
100
AcDbCircle
 10
986.7943626706968
 20
707.4563581185328
 30
0.0
 40
10.0
  0
CIRCLE
  5
B4
330
17
100
AcDbEntity
  8
0
100
AcDbCircle
 10
171.43260888174024
 20
88.17749815068622
 30
0.0
 40
10.0
  0
CIRCLE
  5
B5
330
17
100
AcDbEntity
  8
0
100
AcDbCircle
 10
330.5179742523472
 20
618.7497274400666
 30
0.0
 40
10.0
  0
CIRCLE
  5
B6
330
17
100
AcDbEntity
  8
0
100
AcDbCircle
 10
930.9447477047183
 20
833.3098620290829
 30
0.0
 40
10.0
  0
CIRCLE
  5
B7
330
17
100
AcDbEntity
  8
0
100
AcDbCircle
 10
705.3520246882315
 20
518.6306886995416
 30
0.0
 40
10.0
  0
CIRCLE
  5
B8
330
17
100
AcDbEntity
  8
0
100
AcDbCircle
 10
321.52052080478484
 20
11.424110974824945
 30
0.0
 40
10.0
  0
CIRCLE
  5
B9
330
17
100
AcDbEntity
  8
0
100
AcDbCircle
 10
388.6106387170956
 20
388.21975050944377
 30
0.0
 40
10.0
  0
CIRCLE
  5
BA
330
17
100
AcDbEntity
  8
0
100
AcDbCircle
 10
466.48109786599457
 20
49.65881878428276
 30
0.0
 40
10.0
  0
CIRCLE
  5
BB
330
17
100
AcDbEntity
  8
0
100
AcDbCircle
 10
952.8984247703348
 20
935.3595564475319
 30
0.0
 40
10.0
  0
CIRCLE
  5
BC
330
17
100
AcDbEntity
  8
0
100
AcDbCircle
 10
778.0230661253812
 20
827.9511443616847
 30
0.0
 40
10.0
  0
CIRCLE
  5
BD
330
17
100
AcDbEntity
  8
0
100
AcDbCircle
 10
970.1079808645364
 20
91.90976839728506
 30
0.0
 40
10.0
  0
CIRCLE
  5
BE
330
17
100
AcDbEntity
  8
0
100
AcDbCircle
 10
730.2231306265339
 20
923.4681815226849
 30
0.0
 40
10.0
  0
CIRCLE
  5
BF
330
17
100
AcDbEntity
  8
0
100
AcDbCircle
 10
142.0095219799104
 20
524.880233591326
 30
0.0
 40
10.0
  0
CIRCLE
  5
C0
330
17
100
AcDbEntity
  8
0
100
AcDbCircle
 10
934.5111536490762
 20
988.7886041619728
 30
0.0
 40
10.0
  0
CIRCLE
  5
C1
330
17
100
AcDbEntity
  8
0
100
AcDbCircle
 10
767.0020536730514
 20
796.3631549427098
 30
0.0
 40
10.0
  0
CIRCLE
  5
C2
330
17
100
AcDbEntity
  8
0
100
AcDbCircle
 10
656.058836793537
 20
697.2816685188035
 30
0.0
 40
10.0
  0
CIRCLE
  5
C3
330
17
100
AcDbEntity
  8
0
100
AcDbCircle
 10
190.77545657036782
 20
517.5871383481438
 30
0.0
 40
10.0
  0
CIRCLE
  5
C4
330
17
100
AcDbEntity
  8
0
100
AcDbCircle
 10
193.22174510558395
 20
325.9589006945053
 30
0.0
 40
10.0
  0
CIRCLE
  5
C5
330
17
100
AcDbEntity
  8
0
100
AcDbCircle
 10
778.9331778828312
 20
928.2553493744525
 30
0.0
 40
10.0
  0
CIRCLE
  5
C6
330
17
100
AcDbEntity
  8
0
100
AcDbCircle
 10
424.05853200707946
 20
733.7031327015305
 30
0.0
 40
10.0
  0
CIRCLE
  5
C7
330
17
100
AcDbEntity
  8
0
100
AcDbCircle
 10
405.38778472555765
 20
17.50424379973838
 30
0.0
 40
10.0
  0
CIRCLE
  5
C8
330
17
100
AcDbEntity
  8
0
100
AcDbCircle
 10
520.9325380844397
 20
518.081631310277
 30
0.0
 40
10.0
  0
CIRCLE
  5
C9
330
17
100
AcDbEntity
  8
0
100
AcDbCircle
 10
180.16341555495765
 20
982.0687578611368
 30
0.0
 40
10.0
  0
CIRCLE
  5
CA
330
17
100
AcDbEntity
  8
0
100
AcDbCircle
 10
393.7757399786636
 20
425.1991488152011
 30
0.0
 40
10.0
  0
CIRCLE
  5
CB
330
17
100
AcDbEntity
  8
0
100
AcDbCircle
 10
487.6092331095804
 20
118.49123846919044
 30
0.0
 40
10.0
  0
CIRCLE
  5
CC
330
17
100
AcDbEntity
  8
0
100
AcDbCircle
 10
38.52397427100756
 20
949.5713867287423
 30
0.0
 40
10.0
  0
CIRCLE
  5
CD
330
17
100
AcDbEntity
  8
0
100
AcDbCircle
 10
711.9958174118323
 20
336.1412011146187
 30
0.0
 40
10.0
  0
CIRCLE
  5
CE
330
17
100
AcDbEntity
  8
0
100
AcDbCircle
 10
393.3752525121687
 20
332.1092636405058
 30
0.0
 40
10.0
  0
CIRCLE
  5
CF
330
17
100
AcDbEntity
  8
0
100
AcDbCircle
 10
522.9932154536779
 20
968.0465328890465
 30
0.0
 40
10.0
  0
CIRCLE
  5
D0
330
17
100
AcDbEntity
  8
0
100
AcDbCircle
 10
751.1262557320314
 20
175.47834465300178
 30
0.0
 40
10.0
  0
CIRCLE
  5
D1
330
17
100
AcDbEntity
  8
0
100
AcDbCircle
 10
801.06048603258
 20
274.9473464332355
 30
0.0
 40
10.0
  0
CIRCLE
  5
D2
330
17
100
AcDbEntity
  8
0
100
AcDbCircle
 10
779.5613942816914
 20
395.9752869814636
 30
0.0
 40
10.0
  0
CIRCLE
  5
D3
330
17
100
AcDbEntity
  8
0
100
AcDbCircle
 10
649.9812827672281
 20
729.9354756409427
 30
0.0
 40
10.0
  0
CIRCLE
  5
D4
330
17
100
AcDbEntity
  8
0
100
AcDbCircle
 10
65.65435983800779
 20
962.1782800453249
 30
0.0
 40
10.0
  0
CIRCLE
  5
D5
330
17
100
AcDbEntity
  8
0
100
AcDbCircle
 10
367.7900946794137
 20
39.384174665790404
 30
0.0
 40
10.0
  0
CIRCLE
  5
D6
330
17
100
AcDbEntity
  8
0
100
AcDbCircle
 10
233.64869926445647
 20
611.0572671783041
 30
0.0
 40
10.0
  0
CIRCLE
  5
D7
330
17
100
AcDbEntity
  8
0
100
AcDbCircle
 10
733.1395307417262
 20
282.83782487835765
 30
0.0
 40
10.0
  0
CIRCLE
  5
D8
330
17
100
AcDbEntity
  8
0
100
AcDbCircle
 10
721.7166166297854
 20
391.7696020886286
 30
0.0
 40
10.0
  0
CIRCLE
  5
D9
330
17
100
AcDbEntity
  8
0
100
AcDbCircle
 10
604.3219931948166
 20
556.0796179257954
 30
0.0
 40
10.0
  0
CIRCLE
  5
DA
330
17
100
AcDbEntity
  8
0
100
AcDbCircle
 10
688.416362389556
 20
280.5032420634226
 30
0.0
 40
10.0
  0
CIRCLE
  5
DB
330
17
100
AcDbEntity
  8
0
100
AcDbCircle
 10
978.8209980442201
 20
623.980978272917
 30
0.0
 40
10.0
  0
CIRCLE
  5
DC
330
17
100
AcDbEntity
  8
0
100
AcDbCircle
 10
488.8376419647393
 20
200.4339130191901
 30
0.0
 40
10.0
  0
CIRCLE
  5
DD
330
17
100
AcDbEntity
  8
0
100
AcDbCircle
 10
935.1904846462853
 20
503.123888841514
 30
0.0
 40
10.0
  0
CIRCLE
  5
DE
330
17
100
AcDbEntity
  8
0
100
AcDbCircle
 10
907.7482371437447
 20
435.298240206351
 30
0.0
 40
10.0
  0
CIRCLE
  5
DF
330
17
100
AcDbEntity
  8
0
100
AcDbCircle
 10
310.80541951571615
 20
872.7460900387994
 30
0.0
 40
10.0
  0
CIRCLE
  5
E0
330
17
100
AcDbEntity
  8
0
100
AcDbCircle
 10
287.56394831822786
 20
811.974820399565
 30
0.0
 40
10.0
  0
CIRCLE
  5
E1
330
17
100
AcDbEntity
  8
0
100
AcDbCircle
 10
402.92579249627244
 20
577.7742238010777
 30
0.0
 40
10.0
  0
CIRCLE
  5
E2
330
17
100
AcDbEntity
  8
0
100
AcDbCircle
 10
652.0589649072575
 20
440.9225469203869
 30
0.0
 40
10.0
  0
CIRCLE
  5
E3
330
17
100
AcDbEntity
  8
0
100
AcDbCircle
 10
983.558773897436
 20
381.15249926487706
 30
0.0
 40
10.0
  0
CIRCLE
  5
E4
330
17
100
AcDbEntity
  8
0
100
AcDbCircle
 10
774.9163214039996
 20
450.7608024085119
 30
0.0
 40
10.0
  0
CIRCLE
  5
E5
330
17
100
AcDbEntity
  8
0
100
AcDbCircle
 10
692.1092187897383
 20
803.4948338629863
 30
0.0
 40
10.0
  0
CIRCLE
  5
E6
330
17
100
AcDbEntity
  8
0
100
AcDbCircle
 10
513.580394136289
 20
303.13349872215014
 30
0.0
 40
10.0
  0
CIRCLE
  5
E7
330
17
100
AcDbEntity
  8
0
100
AcDbCircle
 10
336.643762598548
 20
147.26992817989702
 30
0.0
 40
10.0
  0
CIRCLE
  5
E8
330
17
100
AcDbEntity
  8
0
100
AcDbCircle
 10
127.15828250555865
 20
258.902849121017
 30
0.0
 40
10.0
  0
CIRCLE
  5
E9
330
17
100
AcDbEntity
  8
0
100
AcDbCircle
 10
772.3697673384303
 20
420.0246579522068
 30
0.0
 40
10.0
  0
CIRCLE
  5
EA
330
17
100
AcDbEntity
  8
0
100
AcDbCircle
 10
679.5490918196828
 20
748.3192695122299
 30
0.0
 40
10.0
  0
CIRCLE
  5
EB
330
17
100
AcDbEntity
  8
0
100
AcDbCircle
 10
862.208869651482
 20
800.2131639514927
 30
0.0
 40
10.0
  0
CIRCLE
  5
EC
330
17
100
AcDbEntity
  8
0
100
AcDbCircle
 10
255.5279455418936
 20
214.88897795688595
 30
0.0
 40
10.0
  0
CIRCLE
  5
ED
330
17
100
AcDbEntity
  8
0
100
AcDbCircle
 10
188.87224594085828
 20
623.4305643076511
 30
0.0
 40
10.0
  0
CIRCLE
  5
EE
330
17
100
AcDbEntity
  8
0
100
AcDbCircle
 10
20.764865493371694
 20
471.38351085778373
 30
0.0
 40
10.0
  0
CIRCLE
  5
EF
330
17
100
AcDbEntity
  8
0
100
AcDbCircle
 10
170.94905885204122
 20
172.4682301305152
 30
0.0
 40
10.0
  0
CIRCLE
  5
F0
330
17
100
AcDbEntity
  8
0
100
AcDbCircle
 10
135.73430874255615
 20
748.999980928425
 30
0.0
 40
10.0
  0
CIRCLE
  5
F1
330
17
100
AcDbEntity
  8
0
100
AcDbCircle
 10
756.4284426762815
 20
67.95566571402915
 30
0.0
 40
10.0
  0
CIRCLE
  5
F2
330
17
100
AcDbEntity
  8
0
100
AcDbCircle
 10
440.94152265490266
 20
765.890947670215
 30
0.0
 40
10.0
  0
CIRCLE
  5
F3
330
17
100
AcDbEntity
  8
0
100
AcDbCircle
 10
758.0258023052871
 20
975.3941755913637
 30
0.0
 40
10.0
  0
CIRCLE
  5
F4
330
17
100
AcDbEntity
  8
0
100
AcDbCircle
 10
398.8817988680126
 20
869.8418033241978
 30
0.0
 40
10.0
  0
CIRCLE
  5
F5
330
17
100
AcDbEntity
  8
0
100
AcDbCircle
 10
16.788072488493402
 20
277.2275749660421
 30
0.0
 40
10.0
  0
CIRCLE
  5
F6
330
17
100
AcDbEntity
  8
0
100
AcDbCircle
 10
33.176914006419445
 20
757.123487862989
 30
0.0
 40
10.0
  0
CIRCLE
  5
F7
330
17
100
AcDbEntity
  8
0
100
AcDbCircle
 10
477.256505977477
 20
754.3224824522265
 30
0.0
 40
10.0
  0
CIRCLE
  5
F8
330
17
100
AcDbEntity
  8
0
100
AcDbCircle
 10
683.7989045739431
 20
405.66218672114445
 30
0.0
 40
10.0
  0
CIRCLE
  5
F9
330
17
100
AcDbEntity
  8
0
100
AcDbCircle
 10
833.4655420351429
 20
679.8826231215629
 30
0.0
 40
10.0
  0
CIRCLE
  5
FA
330
17
100
AcDbEntity
  8
0
100
AcDbCircle
 10
136.38124462780152
 20
42.40983324129954
 30
0.0
 40
10.0
  0
CIRCLE
  5
FB
330
17
100
AcDbEntity
  8
0
100
AcDbCircle
 10
31.165143677477396
 20
91.4563644497225
 30
0.0
 40
10.0
  0
CIRCLE
  5
FC
330
17
100
AcDbEntity
  8
0
100
AcDbCircle
 10
48.3807469309188
 20
283.36982952846114
 30
0.0
 40
10.0
  0
CIRCLE
  5
FD
330
17
100
AcDbEntity
  8
0
100
AcDbCircle
 10
592.9049334826084
 20
272.3768118890204
 30
0.0
 40
10.0
  0
CIRCLE
  5
FE
330
17
100
AcDbEntity
  8
0
100
AcDbCircle
 10
824.6147532695251
 20
906.3703136850878
 30
0.0
 40
10.0
  0
CIRCLE
  5
FF
330
17
100
AcDbEntity
  8
0
100
AcDbCircle
 10
146.7053054099732
 20
212.06951009259126
 30
0.0
 40
10.0
  0
CIRCLE
  5
100
330
17
100
AcDbEntity
  8
0
100
AcDbCircle
 10
917.0441501746315
 20
615.7567064515168
 30
0.0
 40
10.0
  0
CIRCLE
  5
101
330
17
100
AcDbEntity
  8
0
100
AcDbCircle
 10
744.3217644224344
 20
116.79392933531709
 30
0.0
 40
10.0
  0
CIRCLE
  5
102
330
17
100
AcDbEntity
  8
0
100
AcDbCircle
 10
754.4859292401527
 20
899.5288150695102
 30
0.0
 40
10.0
  0
CIRCLE
  5
103
330
17
100
AcDbEntity
  8
0
100
AcDbCircle
 10
893.4699594658786
 20
617.225524381601
 30
0.0
 40
10.0
  0
CIRCLE
  5
104
330
17
100
AcDbEntity
  8
0
100
AcDbCircle
 10
951.8999359312627
 20
721.2468698213362
 30
0.0
 40
10.0
  0
CIRCLE
  5
105
330
17
100
AcDbEntity
  8
0
100
AcDbCircle
 10
481.69895015352165
 20
254.8438869109403
 30
0.0
 40
10.0
  0
CIRCLE
  5
106
330
17
100
AcDbEntity
  8
0
100
AcDbCircle
 10
296.2998074453433
 20
858.624839361302
 30
0.0
 40
10.0
  0
CIRCLE
  5
107
330
17
100
AcDbEntity
  8
0
100
AcDbCircle
 10
877.8614028503439
 20
304.8040438325052
 30
0.0
 40
10.0
  0
CIRCLE
  5
108
330
17
100
AcDbEntity
  8
0
100
AcDbCircle
 10
530.3617370710995
 20
672.001472403829
 30
0.0
 40
10.0
  0
CIRCLE
  5
109
330
17
100
AcDbEntity
  8
0
100
AcDbCircle
 10
230.1912775557081
 20
237.96651731599496
 30
0.0
 40
10.0
  0
CIRCLE
  5
10A
330
17
100
AcDbEntity
  8
0
100
AcDbCircle
 10
111.58648333512757
 20
896.1111629911277
 30
0.0
 40
10.0
  0
CIRCLE
  5
10B
330
17
100
AcDbEntity
  8
0
100
AcDbCircle
 10
548.5241861449462
 20
109.91155750090157
 30
0.0
 40
10.0
  0
CIRCLE
  5
10C
330
17
100
AcDbEntity
  8
0
100
AcDbCircle
 10
443.6198483967876
 20
394.3219322940495
 30
0.0
 40
10.0
  0
CIRCLE
  5
10D
330
17
100
AcDbEntity
  8
0
100
AcDbCircle
 10
764.8487466474597
 20
879.5934246408616
 30
0.0
 40
10.0
  0
CIRCLE
  5
10E
330
17
100
AcDbEntity
  8
0
100
AcDbCircle
 10
362.13387069879036
 20
844.5323831591863
 30
0.0
 40
10.0
  0
CIRCLE
  5
10F
330
17
100
AcDbEntity
  8
0
100
AcDbCircle
 10
309.09794053608823
 20
814.8869598315263
 30
0.0
 40
10.0
  0
CIRCLE
  5
110
330
17
100
AcDbEntity
  8
0
100
AcDbCircle
 10
653.2183929984818
 20
285.83910539656995
 30
0.0
 40
10.0
  0
CIRCLE
  5
111
330
17
100
AcDbEntity
  8
0
100
AcDbCircle
 10
168.5982387854358
 20
708.1240434606543
 30
0.0
 40
10.0
  0
CIRCLE
  5
112
330
17
100
AcDbEntity
  8
0
100
AcDbCircle
 10
621.9452147960187
 20
883.2964909646184
 30
0.0
 40
10.0
  0
CIRCLE
  5
113
330
17
100
AcDbEntity
  8
0
100
AcDbCircle
 10
976.8677303614066
 20
351.02680257360515
 30
0.0
 40
10.0
  0
CIRCLE
  5
114
330
17
100
AcDbEntity
  8
0
100
AcDbCircle
 10
133.13243840345754
 20
159.86114387163568
 30
0.0
 40
10.0
  0
CIRCLE
  5
115
330
17
100
AcDbEntity
  8
0
100
AcDbCircle
 10
14.03606793521169
 20
78.45198117074794
 30
0.0
 40
10.0
  0
CIRCLE
  5
116
330
17
100
AcDbEntity
  8
0
100
AcDbCircle
 10
803.5577375091008
 20
785.4429780975393
 30
0.0
 40
10.0
  0
CIRCLE
  5
117
330
17
100
AcDbEntity
  8
0
100
AcDbCircle
 10
499.1493478980915
 20
752.3674103926711
 30
0.0
 40
10.0
  0
CIRCLE
  5
118
330
17
100
AcDbEntity
  8
0
100
AcDbCircle
 10
14.803039286418514
 20
319.45083606953636
 30
0.0
 40
10.0
  0
CIRCLE
  5
119
330
17
100
AcDbEntity
  8
0
100
AcDbCircle
 10
49.78118439971435
 20
11.145360066895426
 30
0.0
 40
10.0
  0
CIRCLE
  5
11A
330
17
100
AcDbEntity
  8
0
100
AcDbCircle
 10
268.2052029840439
 20
578.5814839757754
 30
0.0
 40
10.0
  0
CIRCLE
  5
11B
330
17
100
AcDbEntity
  8
0
100
AcDbCircle
 10
351.0721692361329
 20
650.7557934933762
 30
0.0
 40
10.0
  0
CIRCLE
  5
11C
330
17
100
AcDbEntity
  8
0
100
AcDbCircle
 10
514.9905209469799
 20
713.9760784567386
 30
0.0
 40
10.0
  0
CIRCLE
  5
11D
330
17
100
AcDbEntity
  8
0
100
AcDbCircle
 10
899.3999432881991
 20
224.50374372732625
 30
0.0
 40
10.0
  0
CIRCLE
  5
11E
330
17
100
AcDbEntity
  8
0
100
AcDbCircle
 10
984.7818171280404
 20
757.7968901538403
 30
0.0
 40
10.0
  0
CIRCLE
  5
11F
330
17
100
AcDbEntity
  8
0
100
AcDbCircle
 10
20.222409924998015
 20
394.79799443810793
 30
0.0
 40
10.0
  0
CIRCLE
  5
120
330
17
100
AcDbEntity
  8
0
100
AcDbCircle
 10
878.9983725453583
 20
112.0476602359772
 30
0.0
 40
10.0
  0
CIRCLE
  5
121
330
17
100
AcDbEntity
  8
0
100
AcDbCircle
 10
721.6865196180424
 20
18.301335594030036
 30
0.0
 40
10.0
  0
CIRCLE
  5
122
330
17
100
AcDbEntity
  8
0
100
AcDbCircle
 10
678.1863409529799
 20
44.276393311324696
 30
0.0
 40
10.0
  0
CIRCLE
  5
123
330
17
100
AcDbEntity
  8
0
100
AcDbCircle
 10
895.5877817865394
 20
503.0959566443922
 30
0.0
 40
10.0
  0
CIRCLE
  5
124
330
17
100
AcDbEntity
  8
0
100
AcDbCircle
 10
675.1530165969953
 20
714.1679060597709
 30
0.0
 40
10.0
  0
CIRCLE
  5
125
330
17
100
AcDbEntity
  8
0
100
AcDbCircle
 10
904.7659709092262
 20
482.1633112423898
 30
0.0
 40
10.0
  0
CIRCLE
  5
126
330
17
100
AcDbEntity
  8
0
100
AcDbCircle
 10
791.2387301000111
 20
503.5625500676659
 30
0.0
 40
10.0
  0
CIRCLE
  5
127
330
17
100
AcDbEntity
  8
0
100
AcDbCircle
 10
619.8246623577081
 20
311.6064740156823
 30
0.0
 40
10.0
  0
CIRCLE
  5
128
330
17
100
AcDbEntity
  8
0
100
AcDbCircle
 10
379.43756986571435
 20
731.0369613775933
 30
0.0
 40
10.0
  0
CIRCLE
  5
129
330
17
100
AcDbEntity
  8
0
100
AcDbCircle
 10
27.991142134892787
 20
508.01238256851536
 30
0.0
 40
10.0
  0
CIRCLE
  5
12A
330
17
100
AcDbEntity
  8
0
100
AcDbCircle
 10
377.91239762877893
 20
367.3945035574945
 30
0.0
 40
10.0
  0
CIRCLE
  5
12B
330
17
100
AcDbEntity
  8
0
100
AcDbCircle
 10
289.6337128363457
 20
411.1481301257039
 30
0.0
 40
10.0
  0
CIRCLE
  5
12C
330
17
100
AcDbEntity
  8
0
100
AcDbCircle
 10
603.4588959845883
 20
25.075928993409526
 30
0.0
 40
10.0
  0
CIRCLE
  5
12D
330
17
100
AcDbEntity
  8
0
100
AcDbCircle
 10
421.03506263770134
 20
380.9059721273079
 30
0.0
 40
10.0
  0
CIRCLE
  5
12E
330
17
100
AcDbEntity
  8
0
100
AcDbCircle
 10
913.4679343807785
 20
973.1337344393817
 30
0.0
 40
10.0
  0
CIRCLE
  5
12F
330
17
100
AcDbEntity
  8
0
100
AcDbCircle
 10
884.0256570547024
 20
728.8696128994158
 30
0.0
 40
10.0
  0
CIRCLE
  5
130
330
17
100
AcDbEntity
  8
0
100
AcDbCircle
 10
346.2399272291791
 20
819.2933997575389
 30
0.0
 40
10.0
  0
CIRCLE
  5
131
330
17
100
AcDbEntity
  8
0
100
AcDbCircle
 10
295.86030587952195
 20
450.23927352601885
 30
0.0
 40
10.0
  0
CIRCLE
  5
132
330
17
100
AcDbEntity
  8
0
100
AcDbCircle
 10
726.4825001800963
 20
310.78798959172644
 30
0.0
 40
10.0
  0
CIRCLE
  5
133
330
17
100
AcDbEntity
  8
0
100
AcDbCircle
 10
974.1520422063758
 20
489.70651949025256
 30
0.0
 40
10.0
  0
CIRCLE
  5
134
330
17
100
AcDbEntity
  8
0
100
AcDbCircle
 10
98.16388024858531
 20
535.1904059290589
 30
0.0
 40
10.0
  0
CIRCLE
  5
135
330
17
100
AcDbEntity
  8
0
100
AcDbCircle
 10
186.8215048566396
 20
483.23272256085556
 30
0.0
 40
10.0
  0
CIRCLE
  5
136
330
17
100
AcDbEntity
  8
0
100
AcDbCircle
 10
762.1010510106074
 20
945.1140627612543
 30
0.0
 40
10.0
  0
CIRCLE
  5
137
330
17
100
AcDbEntity
  8
0
100
AcDbCircle
 10
610.8884439691969
 20
585.3459823012674
 30
0.0
 40
10.0
  0
CIRCLE
  5
138
330
17
100
AcDbEntity
  8
0
100
AcDbCircle
 10
731.590144448368
 20
166.29762894196523
 30
0.0
 40
10.0
  0
CIRCLE
  5
139
330
17
100
AcDbEntity
  8
0
100
AcDbCircle
 10
748.6896393957988
 20
402.8232863921664
 30
0.0
 40
10.0
  0
CIRCLE
  5
13A
330
17
100
AcDbEntity
  8
0
100
AcDbCircle
 10
730.3979546772772
 20
807.108341523491
 30
0.0
 40
10.0
  0
CIRCLE
  5
13B
330
17
100
AcDbEntity
  8
0
100
AcDbCircle
 10
760.1916029665467
 20
45.26679174827092
 30
0.0
 40
10.0
  0
CIRCLE
  5
13C
330
17
100
AcDbEntity
  8
0
100
AcDbCircle
 10
183.30304451040584
 20
452.79256531783585
 30
0.0
 40
10.0
  0
CIRCLE
  5
13D
330
17
100
AcDbEntity
  8
0
100
AcDbCircle
 10
987.7693555991234
 20
317.98998692313023
 30
0.0
 40
10.0
  0
CIRCLE
  5
13E
330
17
100
AcDbEntity
  8
0
100
AcDbCircle
 10
342.4292710347846
 20
493.21609194192433
 30
0.0
 40
10.0
  0
CIRCLE
  5
13F
330
17
100
AcDbEntity
  8
0
100
AcDbCircle
 10
960.0647694410179
 20
805.8033522981337
 30
0.0
 40
10.0
  0
CIRCLE
  5
140
330
17
100
AcDbEntity
  8
0
100
AcDbCircle
 10
522.3497523822635
 20
651.009927265544
 30
0.0
 40
10.0
  0
CIRCLE
  5
141
330
17
100
AcDbEntity
  8
0
100
AcDbCircle
 10
460.74018239677747
 20
983.22215094032
 30
0.0
 40
10.0
  0
CIRCLE
  5
142
330
17
100
AcDbEntity
  8
0
100
AcDbCircle
 10
688.2010160827972
 20
589.3140610140977
 30
0.0
 40
10.0
  0
CIRCLE
  5
143
330
17
100
AcDbEntity
  8
0
100
AcDbCircle
 10
651.307941289785
 20
46.66747106117095
 30
0.0
 40
10.0
  0
CIRCLE
  5
144
330
17
100
AcDbEntity
  8
0
100
AcDbCircle
 10
740.9116734329148
 20
143.19682762261206
 30
0.0
 40
10.0
  0
CIRCLE
  5
145
330
17
100
AcDbEntity
  8
0
100
AcDbCircle
 10
860.9770797357793
 20
182.86520949036
 30
0.0
 40
10.0
  0
CIRCLE
  5
146
330
17
100
AcDbEntity
  8
0
100
AcDbCircle
 10
20.825342191226042
 20
118.9535592202382
 30
0.0
 40
10.0
  0
CIRCLE
  5
147
330
17
100
AcDbEntity
  8
0
100
AcDbCircle
 10
964.7641980618924
 20
321.1879363956904
 30
0.0
 40
10.0
  0
CIRCLE
  5
148
330
17
100
AcDbEntity
  8
0
100
AcDbCircle
 10
804.6466078434144
 20
852.1949010718896
 30
0.0
 40
10.0
  0
CIRCLE
  5
149
330
17
100
AcDbEntity
  8
0
100
AcDbCircle
 10
194.91652812335528
 20
202.82980142297814
 30
0.0
 40
10.0
  0
CIRCLE
  5
14A
330
17
100
AcDbEntity
  8
0
100
AcDbCircle
 10
171.96355274030458
 20
326.03790409472373
 30
0.0
 40
10.0
  0
CIRCLE
  5
14B
330
17
100
AcDbEntity
  8
0
100
AcDbCircle
 10
402.20829597984
 20
960.242768482315
 30
0.0
 40
10.0
  0
CIRCLE
  5
14C
330
17
100
AcDbEntity
  8
0
100
AcDbCircle
 10
52.403079193050985
 20
978.5777883865813
 30
0.0
 40
10.0
  0
CIRCLE
  5
14D
330
17
100
AcDbEntity
  8
0
100
AcDbCircle
 10
613.0678794285262
 20
261.36538291739885
 30
0.0
 40
10.0
  0
CIRCLE
  5
14E
330
17
100
AcDbEntity
  8
0
100
AcDbCircle
 10
38.81403122350288
 20
34.9603018496589
 30
0.0
 40
10.0
  0
CIRCLE
  5
14F
330
17
100
AcDbEntity
  8
0
100
AcDbCircle
 10
352.6285692392797
 20
108.52391830311194
 30
0.0
 40
10.0
  0
CIRCLE
  5
150
330
17
100
AcDbEntity
  8
0
100
AcDbCircle
 10
591.0456460682141
 20
343.9925223749978
 30
0.0
 40
10.0
  0
CIRCLE
  5
151
330
17
100
AcDbEntity
  8
0
100
AcDbCircle
 10
289.34126254387047
 20
566.1052002487029
 30
0.0
 40
10.0
  0
CIRCLE
  5
152
330
17
100
AcDbEntity
  8
0
100
AcDbCircle
 10
199.94310968212116
 20
976.9208354918296
 30
0.0
 40
10.0
  0
CIRCLE
  5
153
330
17
100
AcDbEntity
  8
0
100
AcDbCircle
 10
156.0328284747155
 20
338.81791140259446
 30
0.0
 40
10.0
  0
CIRCLE
  5
154
330
17
100
AcDbEntity
  8
0
100
AcDbCircle
 10
255.04970880724235
 20
624.661739688656
 30
0.0
 40
10.0
  0
CIRCLE
  5
155
330
17
100
AcDbEntity
  8
0
100
AcDbCircle
 10
84.02167456993013
 20
511.02934174870836
 30
0.0
 40
10.0
  0
CIRCLE
  5
156
330
17
100
AcDbEntity
  8
0
100
AcDbCircle
 10
954.5165992696524
 20
33.68963876311996
 30
0.0
 40
10.0
  0
CIRCLE
  5
157
330
17
100
AcDbEntity
  8
0
100
AcDbCircle
 10
57.96175447066639
 20
42.21254408480309
 30
0.0
 40
10.0
  0
CIRCLE
  5
158
330
17
100
AcDbEntity
  8
0
100
AcDbCircle
 10
988.692855616277
 20
536.1904952924898
 30
0.0
 40
10.0
  0
CIRCLE
  5
159
330
17
100
AcDbEntity
  8
0
100
AcDbCircle
 10
939.2521415232411
 20
640.296029803969
 30
0.0
 40
10.0
  0
CIRCLE
  5
15A
330
17
100
AcDbEntity
  8
0
100
AcDbCircle
 10
317.41664638660524
 20
456.5848243685488
 30
0.0
 40
10.0
  0
CIRCLE
  5
15B
330
17
100
AcDbEntity
  8
0
100
AcDbCircle
 10
15.565602391832044
 20
450.9013230111146
 30
0.0
 40
10.0
  0
CIRCLE
  5
15C
330
17
100
AcDbEntity
  8
0
100
AcDbCircle
 10
602.0892457351486
 20
860.9463621441773
 30
0.0
 40
10.0
  0
CIRCLE
  5
15D
330
17
100
AcDbEntity
  8
0
100
AcDbCircle
 10
674.9861125100132
 20
265.13859580960525
 30
0.0
 40
10.0
  0
CIRCLE
  5
15E
330
17
100
AcDbEntity
  8
0
100
AcDbCircle
 10
954.839530795532
 20
207.6404061098605
 30
0.0
 40
10.0
  0
CIRCLE
  5
15F
330
17
100
AcDbEntity
  8
0
100
AcDbCircle
 10
50.20216208454167
 20
231.0515490157293
 30
0.0
 40
10.0
  0
CIRCLE
  5
160
330
17
100
AcDbEntity
  8
0
100
AcDbCircle
 10
249.08655363240692
 20
10.771451608339264
 30
0.0
 40
10.0
  0
CIRCLE
  5
161
330
17
100
AcDbEntity
  8
0
100
AcDbCircle
 10
630.1920093695403
 20
564.2527325060815
 30
0.0
 40
10.0
  0
CIRCLE
  5
162
330
17
100
AcDbEntity
  8
0
100
AcDbCircle
 10
97.74327923458665
 20
973.3817243469308
 30
0.0
 40
10.0
  0
CIRCLE
  5
163
330
17
100
AcDbEntity
  8
0
100
AcDbCircle
 10
503.5404357899097
 20
584.0653716812441
 30
0.0
 40
10.0
  0
CIRCLE
  5
164
330
17
100
AcDbEntity
  8
0
100
AcDbCircle
 10
471.77063889443934
 20
135.77094363833962
 30
0.0
 40
10.0
  0
CIRCLE
  5
165
330
17
100
AcDbEntity
  8
0
100
AcDbCircle
 10
306.5313281678546
 20
951.1615327884699
 30
0.0
 40
10.0
  0
CIRCLE
  5
166
330
17
100
AcDbEntity
  8
0
100
AcDbCircle
 10
46.343464004436626
 20
126.81165336462628
 30
0.0
 40
10.0
  0
CIRCLE
  5
167
330
17
100
AcDbEntity
  8
0
100
AcDbCircle
 10
370.69253518885427
 20
701.8882959863049
 30
0.0
 40
10.0
  0
CIRCLE
  5
168
330
17
100
AcDbEntity
  8
0
100
AcDbCircle
 10
231.63961563663264
 20
573.2860472346943
 30
0.0
 40
10.0
  0
CIRCLE
  5
169
330
17
100
AcDbEntity
  8
0
100
AcDbCircle
 10
819.9074074822354
 20
825.4887825119114
 30
0.0
 40
10.0
  0
CIRCLE
  5
16A
330
17
100
AcDbEntity
  8
0
100
AcDbCircle
 10
263.5287523476635
 20
57.02323508046017
 30
0.0
 40
10.0
  0
CIRCLE
  5
16B
330
17
100
AcDbEntity
  8
0
100
AcDbCircle
 10
309.20516968459566
 20
479.5835676536148
 30
0.0
 40
10.0
  0
CIRCLE
  5
16C
330
17
100
AcDbEntity
  8
0
100
AcDbCircle
 10
638.4746436765504
 20
835.4547827480936
 30
0.0
 40
10.0
  0
CIRCLE
  5
16D
330
17
100
AcDbEntity
  8
0
100
AcDbCircle
 10
84.3271314663412
 20
627.3604123390834
 30
0.0
 40
10.0
  0
CIRCLE
  5
16E
330
17
100
AcDbEntity
  8
0
100
AcDbCircle
 10
96.02500073198571
 20
232.30637248585893
 30
0.0
 40
10.0
  0
CIRCLE
  5
16F
330
17
100
AcDbEntity
  8
0
100
AcDbCircle
 10
12.056518189396375
 20
767.2126764371449
 30
0.0
 40
10.0
  0
CIRCLE
  5
170
330
17
100
AcDbEntity
  8
0
100
AcDbCircle
 10
380.13173059555413
 20
62.09303797144468
 30
0.0
 40
10.0
  0
CIRCLE
  5
171
330
17
100
AcDbEntity
  8
0
100
AcDbCircle
 10
683.6841717579929
 20
66.65486761983864
 30
0.0
 40
10.0
  0
CIRCLE
  5
172
330
17
100
AcDbEntity
  8
0
100
AcDbCircle
 10
622.8002493361238
 20
283.18670198531936
 30
0.0
 40
10.0
  0
CIRCLE
  5
173
330
17
100
AcDbEntity
  8
0
100
AcDbCircle
 10
492.98130988691184
 20
778.9481891820717
 30
0.0
 40
10.0
  0
CIRCLE
  5
174
330
17
100
AcDbEntity
  8
0
100
AcDbCircle
 10
767.5622503206777
 20
155.97904001457616
 30
0.0
 40
10.0
  0
CIRCLE
  5
175
330
17
100
AcDbEntity
  8
0
100
AcDbCircle
 10
801.1784540596931
 20
646.1515001882528
 30
0.0
 40
10.0
  0
CIRCLE
  5
176
330
17
100
AcDbEntity
  8
0
100
AcDbCircle
 10
802.8366500041561
 20
904.9073729449045
 30
0.0
 40
10.0
  0
CIRCLE
  5
177
330
17
100
AcDbEntity
  8
0
100
AcDbCircle
 10
985.899205849869
 20
27.66530700701543
 30
0.0
 40
10.0
  0
CIRCLE
  5
178
330
17
100
AcDbEntity
  8
0
100
AcDbCircle
 10
576.9238514677321
 20
533.3876596523394
 30
0.0
 40
10.0
  0
CIRCLE
  5
179
330
17
100
AcDbEntity
  8
0
100
AcDbCircle
 10
713.4073985429574
 20
989.7874912462091
 30
0.0
 40
10.0
  0
CIRCLE
  5
17A
330
17
100
AcDbEntity
  8
0
100
AcDbCircle
 10
281.6931880297149
 20
382.78799977322325
 30
0.0
 40
10.0
  0
CIRCLE
  5
17B
330
17
100
AcDbEntity
  8
0
100
AcDbCircle
 10
893.1688554679838
 20
935.5174424568502
 30
0.0
 40
10.0
  0
CIRCLE
  5
17C
330
17
100
AcDbEntity
  8
0
100
AcDbCircle
 10
899.275234656215
 20
957.7976223205576
 30
0.0
 40
10.0
  0
CIRCLE
  5
17D
330
17
100
AcDbEntity
  8
0
100
AcDbCircle
 10
92.91557625138127
 20
732.5448245239692
 30
0.0
 40
10.0
  0
CIRCLE
  5
17E
330
17
100
AcDbEntity
  8
0
100
AcDbCircle
 10
987.7124884779467
 20
972.6788691610643
 30
0.0
 40
10.0
  0
CIRCLE
  5
17F
330
17
100
AcDbEntity
  8
0
100
AcDbCircle
 10
960.5286128946661
 20
830.6207282739875
 30
0.0
 40
10.0
  0
CIRCLE
  5
180
330
17
100
AcDbEntity
  8
0
100
AcDbCircle
 10
535.6832267667133
 20
946.589240365137
 30
0.0
 40
10.0
  0
CIRCLE
  5
181
330
17
100
AcDbEntity
  8
0
100
AcDbCircle
 10
99.2819508873638
 20
932.2471020352475
 30
0.0
 40
10.0
  0
CIRCLE
  5
182
330
17
100
AcDbEntity
  8
0
100
AcDbCircle
 10
618.4319798937474
 20
382.01474953780433
 30
0.0
 40
10.0
  0
CIRCLE
  5
183
330
17
100
AcDbEntity
  8
0
100
AcDbCircle
 10
347.30410613549935
 20
681.8766006960859
 30
0.0
 40
10.0
  0
CIRCLE
  5
184
330
17
100
AcDbEntity
  8
0
100
AcDbCircle
 10
934.61792701558
 20
959.1136845175034
 30
0.0
 40
10.0
  0
CIRCLE
  5
185
330
17
100
AcDbEntity
  8
0
100
AcDbCircle
 10
304.6614702817784
 20
503.5671296035872
 30
0.0
 40
10.0
  0
CIRCLE
  5
186
330
17
100
AcDbEntity
  8
0
100
AcDbCircle
 10
794.1700035625814
 20
475.16482418147166
 30
0.0
 40
10.0
  0
CIRCLE
  5
187
330
17
100
AcDbEntity
  8
0
100
AcDbCircle
 10
989.5115018498855
 20
142.0677671504151
 30
0.0
 40
10.0
  0
CIRCLE
  5
188
330
17
100
AcDbEntity
  8
0
100
AcDbCircle
 10
621.2175514496253
 20
408.2347795321727
 30
0.0
 40
10.0
  0
CIRCLE
  5
189
330
17
100
AcDbEntity
  8
0
100
AcDbCircle
 10
164.2294699124187
 20
153.08183745644547
 30
0.0
 40
10.0
  0
CIRCLE
  5
18A
330
17
100
AcDbEntity
  8
0
100
AcDbCircle
 10
767.3755842172275
 20
685.0912075042488
 30
0.0
 40
10.0
  0
CIRCLE
  5
18B
330
17
100
AcDbEntity
  8
0
100
AcDbCircle
 10
985.9347534661255
 20
206.49706093987356
 30
0.0
 40
10.0
  0
CIRCLE
  5
18C
330
17
100
AcDbEntity
  8
0
100
AcDbCircle
 10
596.0627738770196
 20
379.3019211909241
 30
0.0
 40
10.0
  0
CIRCLE
  5
18D
330
17
100
AcDbEntity
  8
0
100
AcDbCircle
 10
645.3683063010722
 20
16.16076901338626
 30
0.0
 40
10.0
  0
CIRCLE
  5
18E
330
17
100
AcDbEntity
  8
0
100
AcDbCircle
 10
676.1171417413627
 20
424.5503815235484
 30
0.0
 40
10.0
  0
CIRCLE
  5
18F
330
17
100
AcDbEntity
  8
0
100
AcDbCircle
 10
489.93643005663506
 20
976.5071653146019
 30
0.0
 40
10.0
  0
CIRCLE
  5
190
330
17
100
AcDbEntity
  8
0
100
AcDbCircle
 10
66.7043711529967
 20
63.65841124154234
 30
0.0
 40
10.0
  0
CIRCLE
  5
191
330
17
100
AcDbEntity
  8
0
100
AcDbCircle
 10
691.6587154366254
 20
247.7412642593547
 30
0.0
 40
10.0
  0
CIRCLE
  5
192
330
17
100
AcDbEntity
  8
0
100
AcDbCircle
 10
15.674675832553547
 20
428.7040996987985
 30
0.0
 40
10.0
  0
CIRCLE
  5
193
330
17
100
AcDbEntity
  8
0
100
AcDbCircle
 10
983.71865018446
 20
598.637735688303
 30
0.0
 40
10.0
  0
CIRCLE
  5
194
330
17
100
AcDbEntity
  8
0
100
AcDbCircle
 10
341.2223377503833
 20
726.0767497550755
 30
0.0
 40
10.0
  0
CIRCLE
  5
195
330
17
100
AcDbEntity
  8
0
100
AcDbCircle
 10
569.3215499183942
 20
178.14873534006975
 30
0.0
 40
10.0
  0
CIRCLE
  5
196
330
17
100
AcDbEntity
  8
0
100
AcDbCircle
 10
161.53489654076245
 20
499.824571862917
 30
0.0
 40
10.0
  0
CIRCLE
  5
197
330
17
100
AcDbEntity
  8
0
100
AcDbCircle
 10
320.9148520554569
 20
848.3152613100509
 30
0.0
 40
10.0
  0
CIRCLE
  5
198
330
17
100
AcDbEntity
  8
0
100
AcDbCircle
 10
882.0192391154818
 20
201.32134278752278
 30
0.0
 40
10.0
  0
CIRCLE
  5
199
330
17
100
AcDbEntity
  8
0
100
AcDbCircle
 10
54.77423352510312
 20
519.2433448588336
 30
0.0
 40
10.0
  0
CIRCLE
  5
19A
330
17
100
AcDbEntity
  8
0
100
AcDbCircle
 10
878.5497755703099
 20
984.5509354119183
 30
0.0
 40
10.0
  0
CIRCLE
  5
19B
330
17
100
AcDbEntity
  8
0
100
AcDbCircle
 10
481.50720171857756
 20
596.4367089923563
 30
0.0
 40
10.0
  0
CIRCLE
  5
19C
330
17
100
AcDbEntity
  8
0
100
AcDbCircle
 10
816.7916028094221
 20
478.29042030668677
 30
0.0
 40
10.0
  0
CIRCLE
  5
19D
330
17
100
AcDbEntity
  8
0
100
AcDbCircle
 10
658.7098085701838
 20
842.9876878528843
 30
0.0
 40
10.0
  0
CIRCLE
  5
19E
330
17
100
AcDbEntity
  8
0
100
AcDbCircle
 10
83.7099099561917
 20
853.4543970408675
 30
0.0
 40
10.0
  0
CIRCLE
  5
19F
330
17
100
AcDbEntity
  8
0
100
AcDbCircle
 10
952.8944387758746
 20
682.62974161083
 30
0.0
 40
10.0
  0
CIRCLE
  5
1A0
330
17
100
AcDbEntity
  8
0
100
AcDbCircle
 10
245.79080155809174
 20
96.73195128812131
 30
0.0
 40
10.0
  0
CIRCLE
  5
1A1
330
17
100
AcDbEntity
  8
0
100
AcDbCircle
 10
66.91487430270928
 20
486.0558698090678
 30
0.0
 40
10.0
  0
CIRCLE
  5
1A2
330
17
100
AcDbEntity
  8
0
100
AcDbCircle
 10
812.6289819559122
 20
680.3066853447538
 30
0.0
 40
10.0
  0
CIRCLE
  5
1A3
330
17
100
AcDbEntity
  8
0
100
AcDbCircle
 10
22.714418307279228
 20
53.20628775287378
 30
0.0
 40
10.0
  0
CIRCLE
  5
1A4
330
17
100
AcDbEntity
  8
0
100
AcDbCircle
 10
16.94546383303294
 20
635.9942333329033
 30
0.0
 40
10.0
  0
CIRCLE
  5
1A5
330
17
100
AcDbEntity
  8
0
100
AcDbCircle
 10
116.20497651877223
 20
585.9905581190847
 30
0.0
 40
10.0
  0
CIRCLE
  5
1A6
330
17
100
AcDbEntity
  8
0
100
AcDbCircle
 10
481.780448068004
 20
624.0908401607205
 30
0.0
 40
10.0
  0
CIRCLE
  5
1A7
330
17
100
AcDbEntity
  8
0
100
AcDbCircle
 10
782.7837565260336
 20
899.4000691080468
 30
0.0
 40
10.0
  0
CIRCLE
  5
1A8
330
17
100
AcDbEntity
  8
0
100
AcDbCircle
 10
489.5337848664257
 20
873.2861454167582
 30
0.0
 40
10.0
  0
CIRCLE
  5
1A9
330
17
100
AcDbEntity
  8
0
100
AcDbCircle
 10
461.64764639695994
 20
367.2901367611175
 30
0.0
 40
10.0
  0
CIRCLE
  5
1AA
330
17
100
AcDbEntity
  8
0
100
AcDbCircle
 10
712.7801659608907
 20
56.46470104294329
 30
0.0
 40
10.0
  0
CIRCLE
  5
1AB
330
17
100
AcDbEntity
  8
0
100
AcDbCircle
 10
507.3055899029465
 20
484.01886730075466
 30
0.0
 40
10.0
  0
CIRCLE
  5
1AC
330
17
100
AcDbEntity
  8
0
100
AcDbCircle
 10
36.13493040977046
 20
344.4599186696319
 30
0.0
 40
10.0
  0
CIRCLE
  5
1AD
330
17
100
AcDbEntity
  8
0
100
AcDbCircle
 10
655.6685439927446
 20
407.63258881438753
 30
0.0
 40
10.0
  0
CIRCLE
  5
1AE
330
17
100
AcDbEntity
  8
0
100
AcDbCircle
 10
824.7941593665134
 20
801.398639687661
 30
0.0
 40
10.0
  0
CIRCLE
  5
1AF
330
17
100
AcDbEntity
  8
0
100
AcDbCircle
 10
84.93672273180412
 20
37.51188578920206
 30
0.0
 40
10.0
  0
CIRCLE
  5
1B0
330
17
100
AcDbEntity
  8
0
100
AcDbCircle
 10
526.5799451372067
 20
449.21376820905544
 30
0.0
 40
10.0
  0
CIRCLE
  5
1B1
330
17
100
AcDbEntity
  8
0
100
AcDbCircle
 10
726.7293427045381
 20
968.3911058043157
 30
0.0
 40
10.0
  0
CIRCLE
  5
1B2
330
17
100
AcDbEntity
  8
0
100
AcDbCircle
 10
617.8568875433194
 20
839.6852828954695
 30
0.0
 40
10.0
  0
CIRCLE
  5
1B3
330
17
100
AcDbEntity
  8
0
100
AcDbCircle
 10
338.78381676533996
 20
465.61971542974743
 30
0.0
 40
10.0
  0
CIRCLE
  5
1B4
330
17
100
AcDbEntity
  8
0
100
AcDbCircle
 10
537.2282111982079
 20
729.708802441577
 30
0.0
 40
10.0
  0
CIRCLE
  5
1B5
330
17
100
AcDbEntity
  8
0
100
AcDbCircle
 10
857.6144040470521
 20
15.113266027044087
 30
0.0
 40
10.0
  0
CIRCLE
  5
1B6
330
17
100
AcDbEntity
  8
0
100
AcDbCircle
 10
946.0238505862815
 20
743.4247633289598
 30
0.0
 40
10.0
  0
CIRCLE
  5
1B7
330
17
100
AcDbEntity
  8
0
100
AcDbCircle
 10
377.79932453824455
 20
166.65268221497314
 30
0.0
 40
10.0
  0
CIRCLE
  5
1B8
330
17
100
AcDbEntity
  8
0
100
AcDbCircle
 10
751.6104553709694
 20
95.71698730608014
 30
0.0
 40
10.0
  0
CIRCLE
  5
1B9
330
17
100
AcDbEntity
  8
0
100
AcDbCircle
 10
599.6919438891637
 20
415.8507270058863
 30
0.0
 40
10.0
  0
CIRCLE
  5
1BA
330
17
100
AcDbEntity
  8
0
100
AcDbCircle
 10
583.3850555211566
 20
987.681860510294
 30
0.0
 40
10.0
  0
CIRCLE
  5
1BB
330
17
100
AcDbEntity
  8
0
100
AcDbCircle
 10
17.810345931858464
 20
871.0176192525776
 30
0.0
 40
10.0
  0
CIRCLE
  5
1BC
330
17
100
AcDbEntity
  8
0
100
AcDbCircle
 10
604.4224429095113
 20
236.65149685997295
 30
0.0
 40
10.0
  0
CIRCLE
  5
1BD
330
17
100
AcDbEntity
  8
0
100
AcDbCircle
 10
251.34134508790822
 20
988.6826835788739
 30
0.0
 40
10.0
  0
CIRCLE
  5
1BE
330
17
100
AcDbEntity
  8
0
100
AcDbCircle
 10
104.07419183532083
 20
48.64009622519093
 30
0.0
 40
10.0
  0
CIRCLE
  5
1BF
330
17
100
AcDbEntity
  8
0
100
AcDbCircle
 10
501.51280639804554
 20
616.6608328157218
 30
0.0
 40
10.0
  0
CIRCLE
  5
1C0
330
17
100
AcDbEntity
  8
0
100
AcDbCircle
 10
547.7055019622543
 20
697.7021627791163
 30
0.0
 40
10.0
  0
CIRCLE
  5
1C1
330
17
100
AcDbEntity
  8
0
100
AcDbCircle
 10
43.64649001734436
 20
637.3055516504362
 30
0.0
 40
10.0
  0
CIRCLE
  5
1C2
330
17
100
AcDbEntity
  8
0
100
AcDbCircle
 10
326.09432324867765
 20
517.2386614630378
 30
0.0
 40
10.0
  0
CIRCLE
  5
1C3
330
17
100
AcDbEntity
  8
0
100
AcDbCircle
 10
876.3746657256751
 20
570.3118944490088
 30
0.0
 40
10.0
  0
CIRCLE
  5
1C4
330
17
100
AcDbEntity
  8
0
100
AcDbCircle
 10
297.9100849912058
 20
972.4732528955954
 30
0.0
 40
10.0
  0
CIRCLE
  5
1C5
330
17
100
AcDbEntity
  8
0
100
AcDbCircle
 10
984.3377975183449
 20
666.9901434519003
 30
0.0
 40
10.0
  0
CIRCLE
  5
1C6
330
17
100
AcDbEntity
  8
0
100
AcDbCircle
 10
369.43665004410485
 20
970.339687317313
 30
0.0
 40
10.0
  0
CIRCLE
  5
1C7
330
17
100
AcDbEntity
  8
0
100
AcDbCircle
 10
979.1195492711828
 20
110.65421138168256
 30
0.0
 40
10.0
  0
CIRCLE
  5
1C8
330
17
100
AcDbEntity
  8
0
100
AcDbCircle
 10
475.3103373865466
 20
12.160033811229107
 30
0.0
 40
10.0
  0
CIRCLE
  5
1C9
330
17
100
AcDbEntity
  8
0
100
AcDbCircle
 10
115.58891736968401
 20
211.90056324110907
 30
0.0
 40
10.0
  0
CIRCLE
  5
1CA
330
17
100
AcDbEntity
  8
0
100
AcDbCircle
 10
298.8533653013851
 20
587.0451211816375
 30
0.0
 40
10.0
  0
CIRCLE
  5
1CB
330
17
100
AcDbEntity
  8
0
100
AcDbCircle
 10
924.0373514679595
 20
927.6873002501268
 30
0.0
 40
10.0
  0
CIRCLE
  5
1CC
330
17
100
AcDbEntity
  8
0
100
AcDbCircle
 10
789.5042439380142
 20
692.8643656601295
 30
0.0
 40
10.0
  0
CIRCLE
  5
1CD
330
17
100
AcDbEntity
  8
0
100
AcDbCircle
 10
619.9192157314102
 20
472.918719382631
 30
0.0
 40
10.0
  0
CIRCLE
  5
1CE
330
17
100
AcDbEntity
  8
0
100
AcDbCircle
 10
414.82041669690096
 20
549.1787367841899
 30
0.0
 40
10.0
  0
CIRCLE
  5
1CF
330
17
100
AcDbEntity
  8
0
100
AcDbCircle
 10
952.8858649439452
 20
660.2107165100367
 30
0.0
 40
10.0
  0
CIRCLE
  5
1D0
330
17
100
AcDbEntity
  8
0
100
AcDbCircle
 10
276.31259678183994
 20
199.6343607895965
 30
0.0
 40
10.0
  0
CIRCLE
  5
1D1
330
17
100
AcDbEntity
  8
0
100
AcDbCircle
 10
106.1808679234181
 20
568.2907622126554
 30
0.0
 40
10.0
  0
CIRCLE
  5
1D2
330
17
100
AcDbEntity
  8
0
100
AcDbCircle
 10
583.1725423053626
 20
306.4039210316347
 30
0.0
 40
10.0
  0
CIRCLE
  5
1D3
330
17
100
AcDbEntity
  8
0
100
AcDbCircle
 10
349.8273433397582
 20
861.8486465235302
 30
0.0
 40
10.0
  0
CIRCLE
  5
1D4
330
17
100
AcDbEntity
  8
0
100
AcDbCircle
 10
669.3980753298335
 20
564.4478687564955
 30
0.0
 40
10.0
  0
CIRCLE
  5
1D5
330
17
100
AcDbEntity
  8
0
100
AcDbCircle
 10
115.52162088830644
 20
788.5184811299887
 30
0.0
 40
10.0
  0
CIRCLE
  5
1D6
330
17
100
AcDbEntity
  8
0
100
AcDbCircle
 10
757.527571280121
 20
23.801485621664288
 30
0.0
 40
10.0
  0
CIRCLE
  5
1D7
330
17
100
AcDbEntity
  8
0
100
AcDbCircle
 10
582.7816502363496
 20
141.8149520059863
 30
0.0
 40
10.0
  0
CIRCLE
  5
1D8
330
17
100
AcDbEntity
  8
0
100
AcDbCircle
 10
988.5609896516293
 20
833.2072665668002
 30
0.0
 40
10.0
  0
CIRCLE
  5
1D9
330
17
100
AcDbEntity
  8
0
100
AcDbCircle
 10
443.7263331291669
 20
163.86966116801182
 30
0.0
 40
10.0
  0
CIRCLE
  5
1DA
330
17
100
AcDbEntity
  8
0
100
AcDbCircle
 10
958.5824858255625
 20
623.1350371326965
 30
0.0
 40
10.0
  0
CIRCLE
  5
1DB
330
17
100
AcDbEntity
  8
0
100
AcDbCircle
 10
168.4823153099996
 20
660.4929990911411
 30
0.0
 40
10.0
  0
CIRCLE
  5
1DC
330
17
100
AcDbEntity
  8
0
100
AcDbCircle
 10
503.2599784191608
 20
99.05373984400204
 30
0.0
 40
10.0
  0
CIRCLE
  5
1DD
330
17
100
AcDbEntity
  8
0
100
AcDbCircle
 10
212.78345623857655
 20
223.60662453265115
 30
0.0
 40
10.0
  0
CIRCLE
  5
1DE
330
17
100
AcDbEntity
  8
0
100
AcDbCircle
 10
762.5629280137964
 20
378.7628681658992
 30
0.0
 40
10.0
  0
CIRCLE
  5
1DF
330
17
100
AcDbEntity
  8
0
100
AcDbCircle
 10
978.2801208972919
 20
556.2416335483992
 30
0.0
 40
10.0
  0
CIRCLE
  5
1E0
330
17
100
AcDbEntity
  8
0
100
AcDbCircle
 10
627.8404241312741
 20
858.1438158687554
 30
0.0
 40
10.0
  0
CIRCLE
  5
1E1
330
17
100
AcDbEntity
  8
0
100
AcDbCircle
 10
466.99789233126864
 20
205.97735857826498
 30
0.0
 40
10.0
  0
CIRCLE
  5
1E2
330
17
100
AcDbEntity
  8
0
100
AcDbCircle
 10
782.1451097225081
 20
865.6752759036866
 30
0.0
 40
10.0
  0
CIRCLE
  5
1E3
330
17
100
AcDbEntity
  8
0
100
AcDbCircle
 10
406.39846894341065
 20
405.9367160483134
 30
0.0
 40
10.0
  0
CIRCLE
  5
1E4
330
17
100
AcDbEntity
  8
0
100
AcDbCircle
 10
782.8296433479536
 20
979.7083292313924
 30
0.0
 40
10.0
  0
CIRCLE
  5
1E5
330
17
100
AcDbEntity
  8
0
100
AcDbCircle
 10
854.1391241295458
 20
288.9547177409287
 30
0.0
 40
10.0
  0
CIRCLE
  5
1E6
330
17
100
AcDbEntity
  8
0
100
AcDbCircle
 10
422.83007304504065
 20
30.469799038401593
 30
0.0
 40
10.0
  0
CIRCLE
  5
1E7
330
17
100
AcDbEntity
  8
0
100
AcDbCircle
 10
16.090343315806198
 20
984.05756658668
 30
0.0
 40
10.0
  0
CIRCLE
  5
1E8
330
17
100
AcDbEntity
  8
0
100
AcDbCircle
 10
165.565576841146
 20
24.669808380222268
 30
0.0
 40
10.0
  0
CIRCLE
  5
1E9
330
17
100
AcDbEntity
  8
0
100
AcDbCircle
 10
261.54604818920853
 20
598.781484662135
 30
0.0
 40
10.0
  0
CIRCLE
  5
1EA
330
17
100
AcDbEntity
  8
0
100
AcDbCircle
 10
771.8534313817854
 20
643.801308903304
 30
0.0
 40
10.0
  0
CIRCLE
  5
1EB
330
17
100
AcDbEntity
  8
0
100
AcDbCircle
 10
332.60040705028626
 20
959.5084067965239
 30
0.0
 40
10.0
  0
CIRCLE
  5
1EC
330
17
100
AcDbEntity
  8
0
100
AcDbCircle
 10
44.22020940291792
 20
465.0213545634143
 30
0.0
 40
10.0
  0
CIRCLE
  5
1ED
330
17
100
AcDbEntity
  8
0
100
AcDbCircle
 10
136.14522533976506
 20
612.7546530252571
 30
0.0
 40
10.0
  0
CIRCLE
  5
1EE
330
17
100
AcDbEntity
  8
0
100
AcDbCircle
 10
771.4636804883495
 20
111.66806493174217
 30
0.0
 40
10.0
  0
CIRCLE
  5
1EF
330
17
100
AcDbEntity
  8
0
100
AcDbCircle
 10
516.8100967674741
 20
554.1146946873928
 30
0.0
 40
10.0
  0
CIRCLE
  5
1F0
330
17
100
AcDbEntity
  8
0
100
AcDbCircle
 10
639.8913775293867
 20
266.3138889981485
 30
0.0
 40
10.0
  0
CIRCLE
  5
1F1
330
17
100
AcDbEntity
  8
0
100
AcDbCircle
 10
400.76673302513876
 20
45.623747046153866
 30
0.0
 40
10.0
  0
CIRCLE
  5
1F2
330
17
100
AcDbEntity
  8
0
100
AcDbCircle
 10
873.8765218641205
 20
917.5403849651356
 30
0.0
 40
10.0
  0
CIRCLE
  5
1F3
330
17
100
AcDbEntity
  8
0
100
AcDbCircle
 10
155.12550792137097
 20
757.2347286646641
 30
0.0
 40
10.0
  0
CIRCLE
  5
1F4
330
17
100
AcDbEntity
  8
0
100
AcDbCircle
 10
879.4351793010376
 20
272.1676620470466
 30
0.0
 40
10.0
  0
CIRCLE
  5
1F5
330
17
100
AcDbEntity
  8
0
100
AcDbCircle
 10
404.90268353636054
 20
848.351302285625
 30
0.0
 40
10.0
  0
CIRCLE
  5
1F6
330
17
100
AcDbEntity
  8
0
100
AcDbCircle
 10
127.55834802835852
 20
543.0418161959986
 30
0.0
 40
10.0
  0
CIRCLE
  5
1F7
330
17
100
AcDbEntity
  8
0
100
AcDbCircle
 10
595.9944484715635
 20
181.90763093749842
 30
0.0
 40
10.0
  0
CIRCLE
  5
1F8
330
17
100
AcDbEntity
  8
0
100
AcDbCircle
 10
45.333041632902564
 20
496.5925723729884
 30
0.0
 40
10.0
  0
CIRCLE
  5
1F9
330
17
100
AcDbEntity
  8
0
100
AcDbCircle
 10
442.40676936583
 20
264.1387254668023
 30
0.0
 40
10.0
  0
CIRCLE
  5
1FA
330
17
100
AcDbEntity
  8
0
100
AcDbCircle
 10
587.0549360391395
 20
638.8061581756818
 30
0.0
 40
10.0
  0
CIRCLE
  5
1FB
330
17
100
AcDbEntity
  8
0
100
AcDbCircle
 10
53.146819372009084
 20
444.888274669381
 30
0.0
 40
10.0
  0
CIRCLE
  5
1FC
330
17
100
AcDbEntity
  8
0
100
AcDbCircle
 10
284.0884112633849
 20
37.26589960461056
 30
0.0
 40
10.0
  0
CIRCLE
  5
1FD
330
17
100
AcDbEntity
  8
0
100
AcDbCircle
 10
989.9020788504541
 20
167.9633037051582
 30
0.0
 40
10.0
  0
CIRCLE
  5
1FE
330
17
100
AcDbEntity
  8
0
100
AcDbCircle
 10
979.0511539269697
 20
51.81588518486404
 30
0.0
 40
10.0
  0
CIRCLE
  5
1FF
330
17
100
AcDbEntity
  8
0
100
AcDbCircle
 10
695.8004197733889
 20
383.8191118876014
 30
0.0
 40
10.0
  0
CIRCLE
  5
200
330
17
100
AcDbEntity
  8
0
100
AcDbCircle
 10
606.3100291390441
 20
149.66874291362643
 30
0.0
 40
10.0
  0
CIRCLE
  5
201
330
17
100
AcDbEntity
  8
0
100
AcDbCircle
 10
978.5888108345233
 20
735.8451173629471
 30
0.0
 40
10.0
  0
CIRCLE
  5
202
330
17
100
AcDbEntity
  8
0
100
AcDbCircle
 10
341.1703388599607
 20
51.584311240325924
 30
0.0
 40
10.0
  0
CIRCLE
  5
203
330
17
100
AcDbEntity
  8
0
100
AcDbCircle
 10
365.2963407771966
 20
140.71731420071796
 30
0.0
 40
10.0
  0
CIRCLE
  5
204
330
17
100
AcDbEntity
  8
0
100
AcDbCircle
 10
606.9574668578502
 20
986.7925271924773
 30
0.0
 40
10.0
  0
CIRCLE
  5
205
330
17
100
AcDbEntity
  8
0
100
AcDbCircle
 10
310.30034629905447
 20
614.2010497281926
 30
0.0
 40
10.0
  0
CIRCLE
  5
206
330
17
100
AcDbEntity
  8
0
100
AcDbCircle
 10
755.8307947212578
 20
850.8799786613365
 30
0.0
 40
10.0
  0
CIRCLE
  5
207
330
17
100
AcDbEntity
  8
0
100
AcDbCircle
 10
709.4207119398073
 20
297.8486463169801
 30
0.0
 40
10.0
  0
CIRCLE
  5
208
330
17
100
AcDbEntity
  8
0
100
AcDbCircle
 10
790.5337860124298
 20
808.3532581177708
 30
0.0
 40
10.0
  0
CIRCLE
  5
209
330
17
100
AcDbEntity
  8
0
100
AcDbCircle
 10
858.1030833811596
 20
315.3437548975506
 30
0.0
 40
10.0
  0
CIRCLE
  5
20A
330
17
100
AcDbEntity
  8
0
100
AcDbCircle
 10
485.64574262462554
 20
947.1715380964855
 30
0.0
 40
10.0
  0
CIRCLE
  5
20B
330
17
100
AcDbEntity
  8
0
100
AcDbCircle
 10
456.23837665474815
 20
726.6538267437576
 30
0.0
 40
10.0
  0
CIRCLE
  5
20C
330
17
100
AcDbEntity
  8
0
100
AcDbCircle
 10
737.3609317535054
 20
53.53965758135298
 30
0.0
 40
10.0
  0
CIRCLE
  5
20D
330
17
100
AcDbEntity
  8
0
100
AcDbCircle
 10
785.6181074783367
 20
589.0849272051765
 30
0.0
 40
10.0
  0
CIRCLE
  5
20E
330
17
100
AcDbEntity
  8
0
100
AcDbCircle
 10
706.2296647337851
 20
607.0297600675761
 30
0.0
 40
10.0
  0
CIRCLE
  5
20F
330
17
100
AcDbEntity
  8
0
100
AcDbCircle
 10
51.25355269841317
 20
102.02059957592046
 30
0.0
 40
10.0
  0
CIRCLE
  5
210
330
17
100
AcDbEntity
  8
0
100
AcDbCircle
 10
973.0781807665898
 20
951.4494615981681
 30
0.0
 40
10.0
  0
CIRCLE
  5
211
330
17
100
AcDbEntity
  8
0
100
AcDbCircle
 10
619.9876265027393
 20
450.9437783841019
 30
0.0
 40
10.0
  0
CIRCLE
  5
212
330
17
100
AcDbEntity
  8
0
100
AcDbCircle
 10
170.98961111905595
 20
639.0598227055717
 30
0.0
 40
10.0
  0
CIRCLE
  5
213
330
17
100
AcDbEntity
  8
0
100
AcDbCircle
 10
165.8171176414192
 20
479.86036010118596
 30
0.0
 40
10.0
  0
CIRCLE
  5
214
330
17
100
AcDbEntity
  8
0
100
AcDbCircle
 10
423.24167201728653
 20
155.43583640835809
 30
0.0
 40
10.0
  0
CIRCLE
  5
215
330
17
100
AcDbEntity
  8
0
100
AcDbCircle
 10
31.3617313923853
 20
240.9036014827043
 30
0.0
 40
10.0
  0
CIRCLE
  5
216
330
17
100
AcDbEntity
  8
0
100
AcDbCircle
 10
542.9164735709273
 20
532.6826726544754
 30
0.0
 40
10.0
  0
CIRCLE
  5
217
330
17
100
AcDbEntity
  8
0
100
AcDbCircle
 10
982.971818692947
 20
513.3208143011755
 30
0.0
 40
10.0
  0
CIRCLE
  5
218
330
17
100
AcDbEntity
  8
0
100
AcDbCircle
 10
893.5630272807365
 20
909.1157935702142
 30
0.0
 40
10.0
  0
CIRCLE
  5
219
330
17
100
AcDbEntity
  8
0
100
AcDbCircle
 10
134.60811555858902
 20
779.164060863332
 30
0.0
 40
10.0
  0
CIRCLE
  5
21A
330
17
100
AcDbEntity
  8
0
100
AcDbCircle
 10
816.6092570252815
 20
10.819478517022102
 30
0.0
 40
10.0
  0
CIRCLE
  5
21B
330
17
100
AcDbEntity
  8
0
100
AcDbCircle
 10
464.52300274055347
 20
244.0803801020185
 30
0.0
 40
10.0
  0
CIRCLE
  5
21C
330
17
100
AcDbEntity
  8
0
100
AcDbCircle
 10
874.4402286306674
 20
332.8079429189142
 30
0.0
 40
10.0
  0
CIRCLE
  5
21D
330
17
100
AcDbEntity
  8
0
100
AcDbCircle
 10
938.458392007584
 20
620.0122019542223
 30
0.0
 40
10.0
  0
CIRCLE
  5
21E
330
17
100
AcDbEntity
  8
0
100
AcDbCircle
 10
404.93816304953083
 20
283.1879029680073
 30
0.0
 40
10.0
  0
CIRCLE
  5
21F
330
17
100
AcDbEntity
  8
0
100
AcDbCircle
 10
109.58127566882362
 20
615.6465416838206
 30
0.0
 40
10.0
  0
CIRCLE
  5
220
330
17
100
AcDbEntity
  8
0
100
AcDbCircle
 10
277.6064942733552
 20
623.5647859574669
 30
0.0
 40
10.0
  0
CIRCLE
  5
221
330
17
100
AcDbEntity
  8
0
100
AcDbCircle
 10
42.889282034338315
 20
852.8898202406831
 30
0.0
 40
10.0
  0
CIRCLE
  5
222
330
17
100
AcDbEntity
  8
0
100
AcDbCircle
 10
483.17124965279874
 20
286.60091600286904
 30
0.0
 40
10.0
  0
CIRCLE
  5
223
330
17
100
AcDbEntity
  8
0
100
AcDbCircle
 10
786.6048278632784
 20
241.2587771003946
 30
0.0
 40
10.0
  0
CIRCLE
  5
224
330
17
100
AcDbEntity
  8
0
100
AcDbCircle
 10
649.6169330504749
 20
248.38953269107722
 30
0.0
 40
10.0
  0
CIRCLE
  5
225
330
17
100
AcDbEntity
  8
0
100
AcDbCircle
 10
327.26386084564774
 20
262.82774068047127
 30
0.0
 40
10.0
  0
CIRCLE
  5
226
330
17
100
AcDbEntity
  8
0
100
AcDbCircle
 10
740.9973518401813
 20
940.5802864257234
 30
0.0
 40
10.0
  0
CIRCLE
  5
227
330
17
100
AcDbEntity
  8
0
100
AcDbCircle
 10
803.0114421240135
 20
411.9168128143849
 30
0.0
 40
10.0
  0
CIRCLE
  5
228
330
17
100
AcDbEntity
  8
0
100
AcDbCircle
 10
165.73873984864474
 20
203.7027447803621
 30
0.0
 40
10.0
  0
CIRCLE
  5
229
330
17
100
AcDbEntity
  8
0
100
AcDbCircle
 10
130.71611496226438
 20
232.41634606623555
 30
0.0
 40
10.0
  0
CIRCLE
  5
22A
330
17
100
AcDbEntity
  8
0
100
AcDbCircle
 10
777.1770570596534
 20
182.26928431315514
 30
0.0
 40
10.0
  0
CIRCLE
  5
22B
330
17
100
AcDbEntity
  8
0
100
AcDbCircle
 10
964.915431777145
 20
152.46553274661377
 30
0.0
 40
10.0
  0
CIRCLE
  5
22C
330
17
100
AcDbEntity
  8
0
100
AcDbCircle
 10
504.4058859971333
 20
272.7837911057202
 30
0.0
 40
10.0
  0
CIRCLE
  5
22D
330
17
100
AcDbEntity
  8
0
100
AcDbCircle
 10
738.712561340986
 20
369.5199912522012
 30
0.0
 40
10.0
  0
CIRCLE
  5
22E
330
17
100
AcDbEntity
  8
0
100
AcDbCircle
 10
162.91736353658328
 20
124.38552470619832
 30
0.0
 40
10.0
  0
CIRCLE
  5
22F
330
17
100
AcDbEntity
  8
0
100
AcDbCircle
 10
581.7043087449478
 20
21.31432467788857
 30
0.0
 40
10.0
  0
CIRCLE
  5
230
330
17
100
AcDbEntity
  8
0
100
AcDbCircle
 10
374.96821971266854
 20
112.60797743628888
 30
0.0
 40
10.0
  0
CIRCLE
  5
231
330
17
100
AcDbEntity
  8
0
100
AcDbCircle
 10
519.9852762725984
 20
930.1089276149178
 30
0.0
 40
10.0
  0
CIRCLE
  5
232
330
17
100
AcDbEntity
  8
0
100
AcDbCircle
 10
938.3541439372381
 20
222.47571885068584
 30
0.0
 40
10.0
  0
CIRCLE
  5
233
330
17
100
AcDbEntity
  8
0
100
AcDbCircle
 10
31.082973137699316
 20
296.35173351145215
 30
0.0
 40
10.0
  0
CIRCLE
  5
234
330
17
100
AcDbEntity
  8
0
100
AcDbCircle
 10
293.17110172496285
 20
889.4320872260018
 30
0.0
 40
10.0
  0
CIRCLE
  5
235
330
17
100
AcDbEntity
  8
0
100
AcDbCircle
 10
119.05113707955569
 20
190.19713863001067
 30
0.0
 40
10.0
  0
CIRCLE
  5
236
330
17
100
AcDbEntity
  8
0
100
AcDbCircle
 10
137.15377619966762
 20
503.7401662996109
 30
0.0
 40
10.0
  0
CIRCLE
  5
237
330
17
100
AcDbEntity
  8
0
100
AcDbCircle
 10
315.943811084391
 20
144.48172353277639
 30
0.0
 40
10.0
  0
CIRCLE
  5
238
330
17
100
AcDbEntity
  8
0
100
AcDbCircle
 10
357.87915233378374
 20
987.413034381465
 30
0.0
 40
10.0
  0
CIRCLE
  5
239
330
17
100
AcDbEntity
  8
0
100
AcDbCircle
 10
755.0342214367133
 20
283.04508591212056
 30
0.0
 40
10.0
  0
CIRCLE
  5
23A
330
17
100
AcDbEntity
  8
0
100
AcDbCircle
 10
450.8896937347929
 20
606.1272929203864
 30
0.0
 40
10.0
  0
CIRCLE
  5
23B
330
17
100
AcDbEntity
  8
0
100
AcDbCircle
 10
952.6174755493771
 20
492.14004203983166
 30
0.0
 40
10.0
  0
CIRCLE
  5
23C
330
17
100
AcDbEntity
  8
0
100
AcDbCircle
 10
640.8288459189562
 20
462.4393027300484
 30
0.0
 40
10.0
  0
CIRCLE
  5
23D
330
17
100
AcDbEntity
  8
0
100
AcDbCircle
 10
917.288300785344
 20
727.7676845488103
 30
0.0
 40
10.0
  0
CIRCLE
  5
23E
330
17
100
AcDbEntity
  8
0
100
AcDbCircle
 10
378.344551083748
 20
11.57205024732449
 30
0.0
 40
10.0
  0
CIRCLE
  5
23F
330
17
100
AcDbEntity
  8
0
100
AcDbCircle
 10
366.6902022139399
 20
275.8257455149329
 30
0.0
 40
10.0
  0
CIRCLE
  5
240
330
17
100
AcDbEntity
  8
0
100
AcDbCircle
 10
538.5441391370808
 20
431.2510010272893
 30
0.0
 40
10.0
  0
CIRCLE
  5
241
330
17
100
AcDbEntity
  8
0
100
AcDbCircle
 10
12.917995327148855
 20
15.96423423604934
 30
0.0
 40
10.0
  0
CIRCLE
  5
242
330
17
100
AcDbEntity
  8
0
100
AcDbCircle
 10
604.3580281295756
 20
821.9577291696136
 30
0.0
 40
10.0
  0
CIRCLE
  5
243
330
17
100
AcDbEntity
  8
0
100
AcDbCircle
 10
800.1958789301233
 20
881.1972003434213
 30
0.0
 40
10.0
  0
CIRCLE
  5
244
330
17
100
AcDbEntity
  8
0
100
AcDbCircle
 10
169.8747765919184
 20
738.939560400922
 30
0.0
 40
10.0
  0
CIRCLE
  5
245
330
17
100
AcDbEntity
  8
0
100
AcDbCircle
 10
133.3664963791688
 20
10.10803000535561
 30
0.0
 40
10.0
  0
CIRCLE
  5
246
330
17
100
AcDbEntity
  8
0
100
AcDbCircle
 10
870.3538739133879
 20
89.50934557622068
 30
0.0
 40
10.0
  0
CIRCLE
  5
247
330
17
100
AcDbEntity
  8
0
100
AcDbCircle
 10
316.4066648461003
 20
39.95795874681602
 30
0.0
 40
10.0
  0
CIRCLE
  5
248
330
17
100
AcDbEntity
  8
0
100
AcDbCircle
 10
118.48777461270026
 20
978.7932605156783
 30
0.0
 40
10.0
  0
CIRCLE
  5
249
330
17
100
AcDbEntity
  8
0
100
AcDbCircle
 10
280.35562565954166
 20
484.1371674765838
 30
0.0
 40
10.0
  0
CIRCLE
  5
24A
330
17
100
AcDbEntity
  8
0
100
AcDbCircle
 10
389.21086113218394
 20
303.3637478658341
 30
0.0
 40
10.0
  0
CIRCLE
  5
24B
330
17
100
AcDbEntity
  8
0
100
AcDbCircle
 10
975.9901609853474
 20
231.98877952499663
 30
0.0
 40
10.0
  0
CIRCLE
  5
24C
330
17
100
AcDbEntity
  8
0
100
AcDbCircle
 10
500.9313286536022
 20
227.87457395624716
 30
0.0
 40
10.0
  0
CIRCLE
  5
24D
330
17
100
AcDbEntity
  8
0
100
AcDbCircle
 10
31.472501656607545
 20
412.59843990059
 30
0.0
 40
10.0
  0
CIRCLE
  5
24E
330
17
100
AcDbEntity
  8
0
100
AcDbCircle
 10
963.8725190018492
 20
592.7613595991324
 30
0.0
 40
10.0
  0
CIRCLE
  5
24F
330
17
100
AcDbEntity
  8
0
100
AcDbCircle
 10
680.3334295151667
 20
300.7468766930786
 30
0.0
 40
10.0
  0
CIRCLE
  5
250
330
17
100
AcDbEntity
  8
0
100
AcDbCircle
 10
146.8556529350331
 20
178.4722976512689
 30
0.0
 40
10.0
  0
CIRCLE
  5
251
330
17
100
AcDbEntity
  8
0
100
AcDbCircle
 10
269.57125995816875
 20
722.7335429123848
 30
0.0
 40
10.0
  0
CIRCLE
  5
252
330
17
100
AcDbEntity
  8
0
100
AcDbCircle
 10
702.0621988383539
 20
545.7468628896355
 30
0.0
 40
10.0
  0
CIRCLE
  5
253
330
17
100
AcDbEntity
  8
0
100
AcDbCircle
 10
25.2636781019459
 20
371.7470179403482
 30
0.0
 40
10.0
  0
CIRCLE
  5
254
330
17
100
AcDbEntity
  8
0
100
AcDbCircle
 10
966.3692443223687
 20
127.76225812572417
 30
0.0
 40
10.0
  0
CIRCLE
  5
255
330
17
100
AcDbEntity
  8
0
100
AcDbCircle
 10
450.27268760207886
 20
961.8124595874666
 30
0.0
 40
10.0
  0
CIRCLE
  5
256
330
17
100
AcDbEntity
  8
0
100
AcDbCircle
 10
788.472298803278
 20
762.0858462520839
 30
0.0
 40
10.0
  0
CIRCLE
  5
257
330
17
100
AcDbEntity
  8
0
100
AcDbCircle
 10
848.9492665970537
 20
781.7359565478521
 30
0.0
 40
10.0
  0
CIRCLE
  5
258
330
17
100
AcDbEntity
  8
0
100
AcDbCircle
 10
718.5436399643728
 20
371.5691554523631
 30
0.0
 40
10.0
  0
CIRCLE
  5
259
330
17
100
AcDbEntity
  8
0
100
AcDbCircle
 10
557.4325445967318
 20
987.6514241279059
 30
0.0
 40
10.0
  0
CIRCLE
  5
25A
330
17
100
AcDbEntity
  8
0
100
AcDbCircle
 10
784.9024914506618
 20
664.0107807340167
 30
0.0
 40
10.0
  0
CIRCLE
  5
25B
330
17
100
AcDbEntity
  8
0
100
AcDbCircle
 10
158.17324778099857
 20
52.148229512631744
 30
0.0
 40
10.0
  0
CIRCLE
  5
25C
330
17
100
AcDbEntity
  8
0
100
AcDbCircle
 10
370.09088672318086
 20
86.69937264380482
 30
0.0
 40
10.0
  0
CIRCLE
  5
25D
330
17
100
AcDbEntity
  8
0
100
AcDbCircle
 10
970.8526357100518
 20
775.980365134296
 30
0.0
 40
10.0
  0
CIRCLE
  5
25E
330
17
100
AcDbEntity
  8
0
100
AcDbCircle
 10
579.3087575408404
 20
363.27910432304714
 30
0.0
 40
10.0
  0
CIRCLE
  5
25F
330
17
100
AcDbEntity
  8
0
100
AcDbCircle
 10
80.9460597112495
 20
754.8808838350276
 30
0.0
 40
10.0
  0
CIRCLE
  5
260
330
17
100
AcDbEntity
  8
0
100
AcDbCircle
 10
782.367693292371
 20
611.8815563465355
 30
0.0
 40
10.0
  0
CIRCLE
  5
261
330
17
100
AcDbEntity
  8
0
100
AcDbCircle
 10
45.07003151945022
 20
64.17159734461318
 30
0.0
 40
10.0
  0
CIRCLE
  5
262
330
17
100
AcDbEntity
  8
0
100
AcDbCircle
 10
258.88889008972734
 20
805.9034327783841
 30
0.0
 40
10.0
  0
CIRCLE
  5
263
330
17
100
AcDbEntity
  8
0
100
AcDbCircle
 10
927.1899136827878
 20
484.0702203059223
 30
0.0
 40
10.0
  0
CIRCLE
  5
264
330
17
100
AcDbEntity
  8
0
100
AcDbCircle
 10
308.51559711314854
 20
989.9820963560436
 30
0.0
 40
10.0
  0
CIRCLE
  5
265
330
17
100
AcDbEntity
  8
0
100
AcDbCircle
 10
140.4081150925667
 20
984.9641105286672
 30
0.0
 40
10.0
  0
CIRCLE
  5
266
330
17
100
AcDbEntity
  8
0
100
AcDbCircle
 10
672.6203781908011
 20
10.19058716509515
 30
0.0
 40
10.0
  0
CIRCLE
  5
267
330
17
100
AcDbEntity
  8
0
100
AcDbCircle
 10
376.50585130763665
 20
863.6303664407226
 30
0.0
 40
10.0
  0
CIRCLE
  5
268
330
17
100
AcDbEntity
  8
0
100
AcDbCircle
 10
983.3862357309804
 20
923.7699978747811
 30
0.0
 40
10.0
  0
CIRCLE
  5
269
330
17
100
AcDbEntity
  8
0
100
AcDbCircle
 10
211.41224003535098
 20
611.1508803125804
 30
0.0
 40
10.0
  0
CIRCLE
  5
26A
330
17
100
AcDbEntity
  8
0
100
AcDbCircle
 10
551.1270378868048
 20
672.277655758066
 30
0.0
 40
10.0
  0
CIRCLE
  5
26B
330
17
100
AcDbEntity
  8
0
100
AcDbCircle
 10
11.619772572022056
 20
254.9834241352564
 30
0.0
 40
10.0
  0
CIRCLE
  5
26C
330
17
100
AcDbEntity
  8
0
100
AcDbCircle
 10
778.9738586133018
 20
28.407853679695606
 30
0.0
 40
10.0
  0
CIRCLE
  5
26D
330
17
100
AcDbEntity
  8
0
100
AcDbCircle
 10
907.2997217854639
 20
844.2066963044165
 30
0.0
 40
10.0
  0
CIRCLE
  5
26E
330
17
100
AcDbEntity
  8
0
100
AcDbCircle
 10
690.933076160758
 20
775.0885188435566
 30
0.0
 40
10.0
  0
CIRCLE
  5
26F
330
17
100
AcDbEntity
  8
0
100
AcDbCircle
 10
985.396130896276
 20
575.1560161454768
 30
0.0
 40
10.0
  0
CIRCLE
  5
270
330
17
100
AcDbEntity
  8
0
100
AcDbCircle
 10
108.23087920210877
 20
513.2229909770203
 30
0.0
 40
10.0
  0
CIRCLE
  5
271
330
17
100
AcDbEntity
  8
0
100
AcDbCircle
 10
846.1281935657559
 20
657.4835041724431
 30
0.0
 40
10.0
  0
CIRCLE
  5
272
330
17
100
AcDbEntity
  8
0
100
AcDbCircle
 10
105.5874569898074
 20
952.3269507761444
 30
0.0
 40
10.0
  0
CIRCLE
  5
273
330
17
100
AcDbEntity
  8
0
100
AcDbCircle
 10
696.4827269583836
 20
569.4843023244817
 30
0.0
 40
10.0
  0
CIRCLE
  5
274
330
17
100
AcDbEntity
  8
0
100
AcDbCircle
 10
87.04821271085648
 20
254.06223617531296
 30
0.0
 40
10.0
  0
CIRCLE
  5
275
330
17
100
AcDbEntity
  8
0
100
AcDbCircle
 10
601.1261353679379
 20
528.7540659142396
 30
0.0
 40
10.0
  0
CIRCLE
  5
276
330
17
100
AcDbEntity
  8
0
100
AcDbCircle
 10
350.8236552604297
 20
14.302337469610716
 30
0.0
 40
10.0
  0
CIRCLE
  5
277
330
17
100
AcDbEntity
  8
0
100
AcDbCircle
 10
264.8230738340241
 20
27.28730042913684
 30
0.0
 40
10.0
  0
CIRCLE
  5
278
330
17
100
AcDbEntity
  8
0
100
AcDbCircle
 10
795.5234439504351
 20
10.063404976168357
 30
0.0
 40
10.0
  0
CIRCLE
  5
279
330
17
100
AcDbEntity
  8
0
100
AcDbCircle
 10
47.847964269688916
 20
326.2630130647758
 30
0.0
 40
10.0
  0
CIRCLE
  5
27A
330
17
100
AcDbEntity
  8
0
100
AcDbCircle
 10
911.734730820795
 20
18.976021139162803
 30
0.0
 40
10.0
  0
CIRCLE
  5
27B
330
17
100
AcDbEntity
  8
0
100
AcDbCircle
 10
508.26688660153405
 20
987.992712994535
 30
0.0
 40
10.0
  0
CIRCLE
  5
27C
330
17
100
AcDbEntity
  8
0
100
AcDbCircle
 10
498.7981656498542
 20
726.6821914868996
 30
0.0
 40
10.0
  0
CIRCLE
  5
27D
330
17
100
AcDbEntity
  8
0
100
AcDbCircle
 10
425.3618713024749
 20
412.98709449838077
 30
0.0
 40
10.0
  0
CIRCLE
  5
27E
330
17
100
AcDbEntity
  8
0
100
AcDbCircle
 10
752.1703234282369
 20
827.6017254732974
 30
0.0
 40
10.0
  0
CIRCLE
  5
27F
330
17
100
AcDbEntity
  8
0
100
AcDbCircle
 10
348.8398500542711
 20
628.9975218270858
 30
0.0
 40
10.0
  0
CIRCLE
  5
280
330
17
100
AcDbEntity
  8
0
100
AcDbCircle
 10
297.71884372434465
 20
363.5474954711397
 30
0.0
 40
10.0
  0
CIRCLE
  5
281
330
17
100
AcDbEntity
  8
0
100
AcDbCircle
 10
17.448879727875294
 20
187.93043776624276
 30
0.0
 40
10.0
  0
CIRCLE
  5
282
330
17
100
AcDbEntity
  8
0
100
AcDbCircle
 10
904.8962952560714
 20
460.06341830119925
 30
0.0
 40
10.0
  0
CIRCLE
  5
283
330
17
100
AcDbEntity
  8
0
100
AcDbCircle
 10
690.7690285515362
 20
730.2110768062497
 30
0.0
 40
10.0
  0
CIRCLE
  5
284
330
17
100
AcDbEntity
  8
0
100
AcDbCircle
 10
453.3225998873468
 20
183.57290864964298
 30
0.0
 40
10.0
  0
CIRCLE
  5
285
330
17
100
AcDbEntity
  8
0
100
AcDbCircle
 10
295.97727564240154
 20
165.00674958955318
 30
0.0
 40
10.0
  0
CIRCLE
  5
286
330
17
100
AcDbEntity
  8
0
100
AcDbCircle
 10
492.944319706606
 20
306.3307456002113
 30
0.0
 40
10.0
  0
CIRCLE
  5
287
330
17
100
AcDbEntity
  8
0
100
AcDbCircle
 10
766.4541918790625
 20
134.94341267090843
 30
0.0
 40
10.0
  0
CIRCLE
  5
288
330
17
100
AcDbEntity
  8
0
100
AcDbCircle
 10
657.8400525834886
 20
70.37585211048646
 30
0.0
 40
10.0
  0
CIRCLE
  5
289
330
17
100
AcDbEntity
  8
0
100
AcDbCircle
 10
568.4726562980043
 20
113.737535434807
 30
0.0
 40
10.0
  0
CIRCLE
  5
28A
330
17
100
AcDbEntity
  8
0
100
AcDbCircle
 10
16.467949840899898
 20
606.599813368612
 30
0.0
 40
10.0
  0
CIRCLE
  5
28B
330
17
100
AcDbEntity
  8
0
100
AcDbCircle
 10
10.98492594025978
 20
928.7344131599231
 30
0.0
 40
10.0
  0
CIRCLE
  5
28C
330
17
100
AcDbEntity
  8
0
100
AcDbCircle
 10
700.4011800225015
 20
33.09173703418162
 30
0.0
 40
10.0
  0
CIRCLE
  5
28D
330
17
100
AcDbEntity
  8
0
100
AcDbCircle
 10
28.898177403551454
 20
213.9352083438181
 30
0.0
 40
10.0
  0
CIRCLE
  5
28E
330
17
100
AcDbEntity
  8
0
100
AcDbCircle
 10
960.8346361639981
 20
974.4760876653215
 30
0.0
 40
10.0
  0
CIRCLE
  5
28F
330
17
100
AcDbEntity
  8
0
100
AcDbCircle
 10
790.5769813362738
 20
212.88686646150208
 30
0.0
 40
10.0
  0
CIRCLE
  5
290
330
17
100
AcDbEntity
  8
0
100
AcDbCircle
 10
384.38772240362874
 20
263.8716253151083
 30
0.0
 40
10.0
  0
CIRCLE
  5
291
330
17
100
AcDbEntity
  8
0
100
AcDbCircle
 10
767.7761527468721
 20
491.9249621563101
 30
0.0
 40
10.0
  0
CIRCLE
  5
292
330
17
100
AcDbEntity
  8
0
100
AcDbCircle
 10
419.7656460800649
 20
862.540746766282
 30
0.0
 40
10.0
  0
CIRCLE
  5
293
330
17
100
AcDbEntity
  8
0
100
AcDbCircle
 10
306.7665713519976
 20
533.8840268304109
 30
0.0
 40
10.0
  0
CIRCLE
  5
294
330
17
100
AcDbEntity
  8
0
100
AcDbCircle
 10
148.8407673794177
 20
716.9937509860167
 30
0.0
 40
10.0
  0
CIRCLE
  5
295
330
17
100
AcDbEntity
  8
0
100
AcDbCircle
 10
445.01108259475996
 20
52.82035992171975
 30
0.0
 40
10.0
  0
CIRCLE
  5
296
330
17
100
AcDbEntity
  8
0
100
AcDbCircle
 10
221.0897510789957
 20
591.1062932454827
 30
0.0
 40
10.0
  0
CIRCLE
  5
297
330
17
100
AcDbEntity
  8
0
100
AcDbCircle
 10
10.440982457413908
 20
346.09888060307605
 30
0.0
 40
10.0
  0
CIRCLE
  5
298
330
17
100
AcDbEntity
  8
0
100
AcDbCircle
 10
11.081121741223468
 20
550.7126033269047
 30
0.0
 40
10.0
  0
CIRCLE
  5
299
330
17
100
AcDbEntity
  8
0
100
AcDbCircle
 10
844.495127943601
 20
331.4488738282171
 30
0.0
 40
10.0
  0
CIRCLE
  5
29A
330
17
100
AcDbEntity
  8
0
100
AcDbCircle
 10
210.0167034849429
 20
388.1838705590505
 30
0.0
 40
10.0
  0
CIRCLE
  5
29B
330
17
100
AcDbEntity
  8
0
100
AcDbCircle
 10
247.77244219239
 20
737.9095627519936
 30
0.0
 40
10.0
  0
CIRCLE
  5
29C
330
17
100
AcDbEntity
  8
0
100
AcDbCircle
 10
527.4916641722103
 20
277.8595144779006
 30
0.0
 40
10.0
  0
CIRCLE
  5
29D
330
17
100
AcDbEntity
  8
0
100
AcDbCircle
 10
77.82686781619876
 20
983.9042215050194
 30
0.0
 40
10.0
  0
CIRCLE
  5
29E
330
17
100
AcDbEntity
  8
0
100
AcDbCircle
 10
193.08857998347423
 20
875.1993263426423
 30
0.0
 40
10.0
  0
CIRCLE
  5
29F
330
17
100
AcDbEntity
  8
0
100
AcDbCircle
 10
670.8113208880918
 20
457.3393987117811
 30
0.0
 40
10.0
  0
CIRCLE
  5
2A0
330
17
100
AcDbEntity
  8
0
100
AcDbCircle
 10
17.858284728159102
 20
140.8061275733897
 30
0.0
 40
10.0
  0
CIRCLE
  5
2A1
330
17
100
AcDbEntity
  8
0
100
AcDbCircle
 10
662.2732551537881
 20
27.738185099628904
 30
0.0
 40
10.0
  0
CIRCLE
  5
2A2
330
17
100
AcDbEntity
  8
0
100
AcDbCircle
 10
597.1771606729823
 20
749.3219162141827
 30
0.0
 40
10.0
  0
CIRCLE
  5
2A3
330
17
100
AcDbEntity
  8
0
100
AcDbCircle
 10
183.49682038982283
 20
129.69872080363857
 30
0.0
 40
10.0
  0
CIRCLE
  5
2A4
330
17
100
AcDbEntity
  8
0
100
AcDbCircle
 10
402.49375435299135
 20
169.12836625014555
 30
0.0
 40
10.0
  0
CIRCLE
  5
2A5
330
17
100
AcDbEntity
  8
0
100
AcDbCircle
 10
440.9701305627168
 20
473.1622606987214
 30
0.0
 40
10.0
  0
CIRCLE
  5
2A6
330
17
100
AcDbEntity
  8
0
100
AcDbCircle
 10
64.96667615375571
 20
266.4068881378888
 30
0.0
 40
10.0
  0
CIRCLE
  5
2A7
330
17
100
AcDbEntity
  8
0
100
AcDbCircle
 10
403.02524699873464
 20
364.1680920668823
 30
0.0
 40
10.0
  0
CIRCLE
  5
2A8
330
17
100
AcDbEntity
  8
0
100
AcDbCircle
 10
170.533259687425
 20
520.103467967728
 30
0.0
 40
10.0
  0
CIRCLE
  5
2A9
330
17
100
AcDbEntity
  8
0
100
AcDbCircle
 10
456.50985931506887
 20
629.2662834991893
 30
0.0
 40
10.0
  0
CIRCLE
  5
2AA
330
17
100
AcDbEntity
  8
0
100
AcDbCircle
 10
18.975311031544805
 20
959.5713567364489
 30
0.0
 40
10.0
  0
CIRCLE
  5
2AB
330
17
100
AcDbEntity
  8
0
100
AcDbCircle
 10
535.4999338441517
 20
986.1416053617546
 30
0.0
 40
10.0
  0
CIRCLE
  5
2AC
330
17
100
AcDbEntity
  8
0
100
AcDbCircle
 10
632.5940836784515
 20
979.0986075406973
 30
0.0
 40
10.0
  0
CIRCLE
  5
2AD
330
17
100
AcDbEntity
  8
0
100
AcDbCircle
 10
187.94473342077103
 20
723.6422387140889
 30
0.0
 40
10.0
  0
CIRCLE
  5
2AE
330
17
100
AcDbEntity
  8
0
100
AcDbCircle
 10
400.16352874062085
 20
736.4316538127798
 30
0.0
 40
10.0
  0
CIRCLE
  5
2AF
330
17
100
AcDbEntity
  8
0
100
AcDbCircle
 10
877.4776110771262
 20
487.3168479370041
 30
0.0
 40
10.0
  0
CIRCLE
  5
2B0
330
17
100
AcDbEntity
  8
0
100
AcDbCircle
 10
618.40848448656
 20
428.38434711981745
 30
0.0
 40
10.0
  0
CIRCLE
  5
2B1
330
17
100
AcDbEntity
  8
0
100
AcDbCircle
 10
188.2367012320953
 20
99.42844069289052
 30
0.0
 40
10.0
  0
CIRCLE
  5
2B2
330
17
100
AcDbEntity
  8
0
100
AcDbCircle
 10
605.2939700048045
 20
297.5726058928137
 30
0.0
 40
10.0
  0
CIRCLE
  5
2B3
330
17
100
AcDbEntity
  8
0
100
AcDbCircle
 10
116.41397638337493
 20
730.9208749825323
 30
0.0
 40
10.0
  0
CIRCLE
  5
2B4
330
17
100
AcDbEntity
  8
0
100
AcDbCircle
 10
108.95637855232867
 20
873.6689910560842
 30
0.0
 40
10.0
  0
CIRCLE
  5
2B5
330
17
100
AcDbEntity
  8
0
100
AcDbCircle
 10
708.2116415053068
 20
265.7032469451
 30
0.0
 40
10.0
  0
CIRCLE
  5
2B6
330
17
100
AcDbEntity
  8
0
100
AcDbCircle
 10
123.95382756045616
 20
353.2095040700053
 30
0.0
 40
10.0
  0
CIRCLE
  5
2B7
330
17
100
AcDbEntity
  8
0
100
AcDbCircle
 10
476.6951145262977
 20
575.323565657182
 30
0.0
 40
10.0
  0
CIRCLE
  5
2B8
330
17
100
AcDbEntity
  8
0
100
AcDbCircle
 10
558.120263065374
 20
723.7082148010227
 30
0.0
 40
10.0
  0
CIRCLE
  5
2B9
330
17
100
AcDbEntity
  8
0
100
AcDbCircle
 10
382.4844918091658
 20
840.8286418390611
 30
0.0
 40
10.0
  0
CIRCLE
  5
2BA
330
17
100
AcDbEntity
  8
0
100
AcDbCircle
 10
966.7011453761338
 20
182.278174553719
 30
0.0
 40
10.0
  0
CIRCLE
  5
2BB
330
17
100
AcDbEntity
  8
0
100
AcDbCircle
 10
465.6416479339116
 20
164.29232145567678
 30
0.0
 40
10.0
  0
CIRCLE
  5
2BC
330
17
100
AcDbEntity
  8
0
100
AcDbCircle
 10
808.5573708375936
 20
562.8597371213292
 30
0.0
 40
10.0
  0
CIRCLE
  5
2BD
330
17
100
AcDbEntity
  8
0
100
AcDbCircle
 10
779.4617008811446
 20
267.2513066810352
 30
0.0
 40
10.0
  0
CIRCLE
  5
2BE
330
17
100
AcDbEntity
  8
0
100
AcDbCircle
 10
272.45183440807045
 20
988.8214879450588
 30
0.0
 40
10.0
  0
CIRCLE
  5
2BF
330
17
100
AcDbEntity
  8
0
100
AcDbCircle
 10
600.7783217023817
 20
322.5009599114849
 30
0.0
 40
10.0
  0
CIRCLE
  5
2C0
330
17
100
AcDbEntity
  8
0
100
AcDbCircle
 10
575.9995566128182
 20
383.3894644038629
 30
0.0
 40
10.0
  0
CIRCLE
  5
2C1
330
17
100
AcDbEntity
  8
0
100
AcDbCircle
 10
352.1816506089385
 20
745.6828493752845
 30
0.0
 40
10.0
  0
CIRCLE
  5
2C2
330
17
100
AcDbEntity
  8
0
100
AcDbCircle
 10
955.0069256825788
 20
11.156564003830523
 30
0.0
 40
10.0
  0
CIRCLE
  5
2C3
330
17
100
AcDbEntity
  8
0
100
AcDbCircle
 10
878.2030506617127
 20
949.4502704434165
 30
0.0
 40
10.0
  0
CIRCLE
  5
2C4
330
17
100
AcDbEntity
  8
0
100
AcDbCircle
 10
672.5852214691764
 20
822.4113137672025
 30
0.0
 40
10.0
  0
CIRCLE
  5
2C5
330
17
100
AcDbEntity
  8
0
100
AcDbCircle
 10
977.23697276632
 20
253.6915141462091
 30
0.0
 40
10.0
  0
CIRCLE
  5
2C6
330
17
100
AcDbEntity
  8
0
100
AcDbCircle
 10
341.65144641067644
 20
701.3085352373338
 30
0.0
 40
10.0
  0
CIRCLE
  5
2C7
330
17
100
AcDbEntity
  8
0
100
AcDbCircle
 10
328.9083626273845
 20
988.1084400841822
 30
0.0
 40
10.0
  0
CIRCLE
  5
2C8
330
17
100
AcDbEntity
  8
0
100
AcDbCircle
 10
335.05171609245076
 20
29.837855839291937
 30
0.0
 40
10.0
  0
CIRCLE
  5
2C9
330
17
100
AcDbEntity
  8
0
100
AcDbCircle
 10
791.6823453013693
 20
376.858815479376
 30
0.0
 40
10.0
  0
CIRCLE
  5
2CA
330
17
100
AcDbEntity
  8
0
100
AcDbCircle
 10
559.4235371571772
 20
428.94580379347934
 30
0.0
 40
10.0
  0
CIRCLE
  5
2CB
330
17
100
AcDbEntity
  8
0
100
AcDbCircle
 10
23.201733763343054
 20
531.5124402350294
 30
0.0
 40
10.0
  0
CIRCLE
  5
2CC
330
17
100
AcDbEntity
  8
0
100
AcDbCircle
 10
156.9308421347159
 20
779.4815865733929
 30
0.0
 40
10.0
  0
CIRCLE
  5
2CD
330
17
100
AcDbEntity
  8
0
100
AcDbCircle
 10
56.816578433688406
 20
742.6388356292872
 30
0.0
 40
10.0
  0
CIRCLE
  5
2CE
330
17
100
AcDbEntity
  8
0
100
AcDbCircle
 10
869.6417099710976
 20
51.367522400482706
 30
0.0
 40
10.0
  0
CIRCLE
  5
2CF
330
17
100
AcDbEntity
  8
0
100
AcDbCircle
 10
945.658253481898
 20
701.5058265790426
 30
0.0
 40
10.0
  0
CIRCLE
  5
2D0
330
17
100
AcDbEntity
  8
0
100
AcDbCircle
 10
865.3420499056875
 20
380.5718574671473
 30
0.0
 40
10.0
  0
CIRCLE
  5
2D1
330
17
100
AcDbEntity
  8
0
100
AcDbCircle
 10
229.438786968919
 20
207.95244541612433
 30
0.0
 40
10.0
  0
CIRCLE
  5
2D2
330
17
100
AcDbEntity
  8
0
100
AcDbCircle
 10
890.8525690671408
 20
594.1516384276497
 30
0.0
 40
10.0
  0
CIRCLE
  5
2D3
330
17
100
AcDbEntity
  8
0
100
AcDbCircle
 10
156.27770415865504
 20
72.69469754266908
 30
0.0
 40
10.0
  0
CIRCLE
  5
2D4
330
17
100
AcDbEntity
  8
0
100
AcDbCircle
 10
738.5401846964431
 20
986.224371029163
 30
0.0
 40
10.0
  0
CIRCLE
  5
2D5
330
17
100
AcDbEntity
  8
0
100
AcDbCircle
 10
648.6776098299881
 20
861.4044169451305
 30
0.0
 40
10.0
  0
CIRCLE
  5
2D6
330
17
100
AcDbEntity
  8
0
100
AcDbCircle
 10
737.7586119831653
 20
340.514121065548
 30
0.0
 40
10.0
  0
CIRCLE
  5
2D7
330
17
100
AcDbEntity
  8
0
100
AcDbCircle
 10
15.811576555360027
 20
839.3786767849517
 30
0.0
 40
10.0
  0
CIRCLE
  5
2D8
330
17
100
AcDbEntity
  8
0
100
AcDbCircle
 10
279.3809775844631
 20
12.290020125547741
 30
0.0
 40
10.0
  0
CIRCLE
  5
2D9
330
17
100
AcDbEntity
  8
0
100
AcDbCircle
 10
585.465435130377
 20
430.9638671226485
 30
0.0
 40
10.0
  0
CIRCLE
  5
2DA
330
17
100
AcDbEntity
  8
0
100
AcDbCircle
 10
522.3183990308123
 20
820.5381135188746
 30
0.0
 40
10.0
  0
CIRCLE
  5
2DB
330
17
100
AcDbEntity
  8
0
100
AcDbCircle
 10
156.20215004833702
 20
624.7826531066027
 30
0.0
 40
10.0
  0
CIRCLE
  5
2DC
330
17
100
AcDbEntity
  8
0
100
AcDbCircle
 10
700.5066535497149
 20
707.9362725433656
 30
0.0
 40
10.0
  0
CIRCLE
  5
2DD
330
17
100
AcDbEntity
  8
0
100
AcDbCircle
 10
82.64490949384931
 20
946.1682928322391
 30
0.0
 40
10.0
  0
CIRCLE
  5
2DE
330
17
100
AcDbEntity
  8
0
100
AcDbCircle
 10
209.71052277536387
 20
487.8949610077359
 30
0.0
 40
10.0
  0
CIRCLE
  5
2DF
330
17
100
AcDbEntity
  8
0
100
AcDbCircle
 10
649.6059631573293
 20
570.0980383997853
 30
0.0
 40
10.0
  0
CIRCLE
  5
2E0
330
17
100
AcDbEntity
  8
0
100
AcDbCircle
 10
601.7542684051214
 20
883.9736327173918
 30
0.0
 40
10.0
  0
CIRCLE
  5
2E1
330
17
100
AcDbEntity
  8
0
100
AcDbCircle
 10
480.03435410913596
 20
230.47235286397859
 30
0.0
 40
10.0
  0
CIRCLE
  5
2E2
330
17
100
AcDbEntity
  8
0
100
AcDbCircle
 10
160.36568560190148
 20
447.61310911092704
 30
0.0
 40
10.0
  0
CIRCLE
  5
2E3
330
17
100
AcDbEntity
  8
0
100
AcDbCircle
 10
831.3789841032203
 20
290.88368156871763
 30
0.0
 40
10.0
  0
CIRCLE
  5
2E4
330
17
100
AcDbEntity
  8
0
100
AcDbCircle
 10
463.8421227440365
 20
270.49468570883676
 30
0.0
 40
10.0
  0
CIRCLE
  5
2E5
330
17
100
AcDbEntity
  8
0
100
AcDbCircle
 10
478.26493861837366
 20
382.71877619081795
 30
0.0
 40
10.0
  0
CIRCLE
  5
2E6
330
17
100
AcDbEntity
  8
0
100
AcDbCircle
 10
70.36071503195319
 20
236.3419150662226
 30
0.0
 40
10.0
  0
CIRCLE
  5
2E7
330
17
100
AcDbEntity
  8
0
100
AcDbCircle
 10
494.5041577021106
 20
565.2013785050325
 30
0.0
 40
10.0
  0
CIRCLE
  5
2E8
330
17
100
AcDbEntity
  8
0
100
AcDbCircle
 10
527.0368045070566
 20
695.1638620749771
 30
0.0
 40
10.0
  0
CIRCLE
  5
2E9
330
17
100
AcDbEntity
  8
0
100
AcDbCircle
 10
286.53921440578426
 20
833.5406316100992
 30
0.0
 40
10.0
  0
CIRCLE
  5
2EA
330
17
100
AcDbEntity
  8
0
100
AcDbCircle
 10
543.4759322870989
 20
965.419571341205
 30
0.0
 40
10.0
  0
CIRCLE
  5
2EB
330
17
100
AcDbEntity
  8
0
100
AcDbCircle
 10
490.73060270866125
 20
82.071577437693
 30
0.0
 40
10.0
  0
CIRCLE
  5
2EC
330
17
100
AcDbEntity
  8
0
100
AcDbCircle
 10
931.8881497601462
 20
10.445739159578935
 30
0.0
 40
10.0
  0
CIRCLE
  5
2ED
330
17
100
AcDbEntity
  8
0
100
AcDbCircle
 10
593.8802763848173
 20
840.1631764164898
 30
0.0
 40
10.0
  0
CIRCLE
  5
2EE
330
17
100
AcDbEntity
  8
0
100
AcDbCircle
 10
379.433752269895
 20
440.81813859296983
 30
0.0
 40
10.0
  0
CIRCLE
  5
2EF
330
17
100
AcDbEntity
  8
0
100
AcDbCircle
 10
455.3319094432588
 20
584.6696199877506
 30
0.0
 40
10.0
  0
CIRCLE
  5
2F0
330
17
100
AcDbEntity
  8
0
100
AcDbCircle
 10
117.94082662804453
 20
27.342314387570255
 30
0.0
 40
10.0
  0
CIRCLE
  5
2F1
330
17
100
AcDbEntity
  8
0
100
AcDbCircle
 10
609.4676699166581
 20
356.0612701185405
 30
0.0
 40
10.0
  0
CIRCLE
  5
2F2
330
17
100
AcDbEntity
  8
0
100
AcDbCircle
 10
300.3900420872728
 20
17.08789939660192
 30
0.0
 40
10.0
  0
CIRCLE
  5
2F3
330
17
100
AcDbEntity
  8
0
100
AcDbCircle
 10
176.63031642674449
 20
345.70285148598686
 30
0.0
 40
10.0
  0
CIRCLE
  5
2F4
330
17
100
AcDbEntity
  8
0
100
AcDbCircle
 10
130.02980751860824
 20
887.4087264105654
 30
0.0
 40
10.0
  0
CIRCLE
  5
2F5
330
17
100
AcDbEntity
  8
0
100
AcDbCircle
 10
506.7715094428395
 20
951.3869618353488
 30
0.0
 40
10.0
  0
CIRCLE
  5
2F6
330
17
100
AcDbEntity
  8
0
100
AcDbCircle
 10
623.9284905438556
 20
28.06556559122884
 30
0.0
 40
10.0
  0
CIRCLE
  5
2F7
330
17
100
AcDbEntity
  8
0
100
AcDbCircle
 10
857.9622066025394
 20
112.41323139798236
 30
0.0
 40
10.0
  0
CIRCLE
  5
2F8
330
17
100
AcDbEntity
  8
0
100
AcDbCircle
 10
572.3144422389331
 20
284.65769395505606
 30
0.0
 40
10.0
  0
CIRCLE
  5
2F9
330
17
100
AcDbEntity
  8
0
100
AcDbCircle
 10
571.4645183452423
 20
337.9758578189897
 30
0.0
 40
10.0
  0
CIRCLE
  5
2FA
330
17
100
AcDbEntity
  8
0
100
AcDbCircle
 10
774.2694842158729
 20
961.4038708153897
 30
0.0
 40
10.0
  0
CIRCLE
  5
2FB
330
17
100
AcDbEntity
  8
0
100
AcDbCircle
 10
184.91840308991866
 20
156.94488894896404
 30
0.0
 40
10.0
  0
CIRCLE
  5
2FC
330
17
100
AcDbEntity
  8
0
100
AcDbCircle
 10
13.540498310902233
 20
229.28703622703785
 30
0.0
 40
10.0
  0
CIRCLE
  5
2FD
330
17
100
AcDbEntity
  8
0
100
AcDbCircle
 10
896.4746234854861
 20
319.0632927055728
 30
0.0
 40
10.0
  0
CIRCLE
  5
2FE
330
17
100
AcDbEntity
  8
0
100
AcDbCircle
 10
464.8471954094692
 20
773.9834904767149
 30
0.0
 40
10.0
  0
CIRCLE
  5
2FF
330
17
100
AcDbEntity
  8
0
100
AcDbCircle
 10
286.9718633811285
 20
320.78987817921563
 30
0.0
 40
10.0
  0
CIRCLE
  5
300
330
17
100
AcDbEntity
  8
0
100
AcDbCircle
 10
635.1164660700721
 20
911.3705892854974
 30
0.0
 40
10.0
  0
CIRCLE
  5
301
330
17
100
AcDbEntity
  8
0
100
AcDbCircle
 10
11.662398756939663
 20
740.3933603711798
 30
0.0
 40
10.0
  0
CIRCLE
  5
302
330
17
100
AcDbEntity
  8
0
100
AcDbCircle
 10
389.0369670075507
 20
712.5848930978086
 30
0.0
 40
10.0
  0
CIRCLE
  5
303
330
17
100
AcDbEntity
  8
0
100
AcDbCircle
 10
86.63864656533707
 20
51.84804555718533
 30
0.0
 40
3.0
  0
CIRCLE
  5
304
330
17
100
AcDbEntity
  8
0
100
AcDbCircle
 10
285.9984540393624
 20
423.88346468802223
 30
0.0
 40
3.0
  0
CIRCLE
  5
305
330
17
100
AcDbEntity
  8
0
100
AcDbCircle
 10
166.63596083058712
 20
986.2341973251301
 30
0.0
 40
3.0
  0
CIRCLE
  5
306
330
17
100
AcDbEntity
  8
0
100
AcDbCircle
 10
836.9274032807978
 20
18.473561403412344
 30
0.0
 40
3.0
  0
CIRCLE
  5
307
330
17
100
AcDbEntity
  8
0
100
AcDbCircle
 10
417.0082920257367
 20
987.4592256437762
 30
0.0
 40
3.0
  0
CIRCLE
  5
308
330
17
100
AcDbEntity
  8
0
100
AcDbCircle
 10
982.6614996934875
 20
395.69326213125396
 30
0.0
 40
3.0
  0
CIRCLE
  5
309
330
17
100
AcDbEntity
  8
0
100
AcDbCircle
 10
371.57745938860313
 20
24.55472322746679
 30
0.0
 40
3.0
  0
CIRCLE
  5
30A
330
17
100
AcDbEntity
  8
0
100
AcDbCircle
 10
339.6355624637673
 20
516.8757551279347
 30
0.0
 40
3.0
  0
CIRCLE
  5
30B
330
17
100
AcDbEntity
  8
0
100
AcDbCircle
 10
597.4037936290804
 20
608.288281148139
 30
0.0
 40
3.0
  0
CIRCLE
  5
30C
330
17
100
AcDbEntity
  8
0
100
AcDbCircle
 10
260.89277848567303
 20
4.537773686301373
 30
0.0
 40
3.0
  0
CIRCLE
  5
30D
330
17
100
AcDbEntity
  8
0
100
AcDbCircle
 10
650.9158568397793
 20
676.2740671553685
 30
0.0
 40
3.0
  0
CIRCLE
  5
30E
330
17
100
AcDbEntity
  8
0
100
AcDbCircle
 10
470.2402919639539
 20
737.3582282378794
 30
0.0
 40
3.0
  0
CIRCLE
  5
30F
330
17
100
AcDbEntity
  8
0
100
AcDbCircle
 10
967.3510577361777
 20
717.6404422205652
 30
0.0
 40
3.0
  0
CIRCLE
  5
310
330
17
100
AcDbEntity
  8
0
100
AcDbCircle
 10
409.34414202028967
 20
717.6458441902182
 30
0.0
 40
3.0
  0
CIRCLE
  5
311
330
17
100
AcDbEntity
  8
0
100
AcDbCircle
 10
791.0652832477047
 20
994.8033898473282
 30
0.0
 40
3.0
  0
CIRCLE
  5
312
330
17
100
AcDbEntity
  8
0
100
AcDbCircle
 10
69.61415165845608
 20
7.219919668999083
 30
0.0
 40
3.0
  0
CIRCLE
  5
313
330
17
100
AcDbEntity
  8
0
100
AcDbCircle
 10
317.05863244952366
 20
280.2699588421556
 30
0.0
 40
3.0
  0
CIRCLE
  5
314
330
17
100
AcDbEntity
  8
0
100
AcDbCircle
 10
540.9518859084062
 20
280.54247335208
 30
0.0
 40
3.0
  0
CIRCLE
  5
315
330
17
100
AcDbEntity
  8
0
100
AcDbCircle
 10
431.50896723969197
 20
561.1812538635822
 30
0.0
 40
3.0
  0
CIRCLE
  5
316
330
17
100
AcDbEntity
  8
0
100
AcDbCircle
 10
57.59749613861925
 20
623.1000653428912
 30
0.0
 40
3.0
  0
CIRCLE
  5
317
330
17
100
AcDbEntity
  8
0
100
AcDbCircle
 10
803.2979574931048
 20
425.90949274899646
 30
0.0
 40
3.0
  0
CIRCLE
  5
318
330
17
100
AcDbEntity
  8
0
100
AcDbCircle
 10
38.878363831846436
 20
357.8014548224085
 30
0.0
 40
3.0
  0
CIRCLE
  5
319
330
17
100
AcDbEntity
  8
0
100
AcDbCircle
 10
904.0659778748415
 20
419.4212251570796
 30
0.0
 40
3.0
  0
CIRCLE
  5
31A
330
17
100
AcDbEntity
  8
0
100
AcDbCircle
 10
342.28347086162006
 20
799.0301847602364
 30
0.0
 40
3.0
  0
CIRCLE
  5
31B
330
17
100
AcDbEntity
  8
0
100
AcDbCircle
 10
871.4319051033241
 20
763.6187793469801
 30
0.0
 40
3.0
  0
CIRCLE
  5
31C
330
17
100
AcDbEntity
  8
0
100
AcDbCircle
 10
287.9636321976191
 20
957.3314659182457
 30
0.0
 40
3.0
  0
CIRCLE
  5
31D
330
17
100
AcDbEntity
  8
0
100
AcDbCircle
 10
200.03372819637002
 20
716.1344457102597
 30
0.0
 40
3.0
  0
CIRCLE
  5
31E
330
17
100
AcDbEntity
  8
0
100
AcDbCircle
 10
605.2149726439847
 20
601.1107934221716
 30
0.0
 40
3.0
  0
CIRCLE
  5
31F
330
17
100
AcDbEntity
  8
0
100
AcDbCircle
 10
163.30309865391166
 20
993.123149658675
 30
0.0
 40
3.0
  0
CIRCLE
  5
320
330
17
100
AcDbEntity
  8
0
100
AcDbCircle
 10
329.5037508698408
 20
131.6653213908304
 30
0.0
 40
3.0
  0
CIRCLE
  5
321
330
17
100
AcDbEntity
  8
0
100
AcDbCircle
 10
787.6102552260959
 20
424.0277542483882
 30
0.0
 40
3.0
  0
CIRCLE
  5
322
330
17
100
AcDbEntity
  8
0
100
AcDbCircle
 10
495.78893708688435
 20
262.4360322899859
 30
0.0
 40
3.0
  0
CIRCLE
  5
323
330
17
100
AcDbEntity
  8
0
100
AcDbCircle
 10
277.6057612887857
 20
600.1058855894998
 30
0.0
 40
3.0
  0
CIRCLE
  5
324
330
17
100
AcDbEntity
  8
0
100
AcDbCircle
 10
62.21333581769526
 20
754.7282561858777
 30
0.0
 40
3.0
  0
CIRCLE
  5
325
330
17
100
AcDbEntity
  8
0
100
AcDbCircle
 10
654.1673897085138
 20
710.6445483822453
 30
0.0
 40
3.0
  0
CIRCLE
  5
326
330
17
100
AcDbEntity
  8
0
100
AcDbCircle
 10
536.838050893877
 20
650.0514877905105
 30
0.0
 40
3.0
  0
CIRCLE
  5
327
330
17
100
AcDbEntity
  8
0
100
AcDbCircle
 10
285.7350953066454
 20
55.07336832611667
 30
0.0
 40
3.0
  0
CIRCLE
  5
328
330
17
100
AcDbEntity
  8
0
100
AcDbCircle
 10
353.982588749401
 20
963.6062231322959
 30
0.0
 40
3.0
  0
CIRCLE
  5
329
330
17
100
AcDbEntity
  8
0
100
AcDbCircle
 10
466.5374956397733
 20
597.7342060345355
 30
0.0
 40
3.0
  0
CIRCLE
  5
32A
330
17
100
AcDbEntity
  8
0
100
AcDbCircle
 10
752.7037979624823
 20
267.661762212132
 30
0.0
 40
3.0
  0
CIRCLE
  5
32B
330
17
100
AcDbEntity
  8
0
100
AcDbCircle
 10
104.58870177196381
 20
724.855675295873
 30
0.0
 40
3.0
  0
CIRCLE
  5
32C
330
17
100
AcDbEntity
  8
0
100
AcDbCircle
 10
991.2476153617895
 20
273.7911172495765
 30
0.0
 40
3.0
  0
CIRCLE
  5
32D
330
17
100
AcDbEntity
  8
0
100
AcDbCircle
 10
864.7555118467172
 20
784.4087157202741
 30
0.0
 40
3.0
  0
CIRCLE
  5
32E
330
17
100
AcDbEntity
  8
0
100
AcDbCircle
 10
961.0787182792549
 20
513.9527133520512
 30
0.0
 40
3.0
  0
CIRCLE
  5
32F
330
17
100
AcDbEntity
  8
0
100
AcDbCircle
 10
995.1000999367283
 20
335.7321626752051
 30
0.0
 40
3.0
  0
CIRCLE
  5
330
330
17
100
AcDbEntity
  8
0
100
AcDbCircle
 10
297.64402953137153
 20
143.14173356432372
 30
0.0
 40
3.0
  0
CIRCLE
  5
331
330
17
100
AcDbEntity
  8
0
100
AcDbCircle
 10
48.054972593606834
 20
426.39606554845454
 30
0.0
 40
3.0
  0
CIRCLE
  5
332
330
17
100
AcDbEntity
  8
0
100
AcDbCircle
 10
381.14865631299364
 20
684.3951469295138
 30
0.0
 40
3.0
  0
CIRCLE
  5
333
330
17
100
AcDbEntity
  8
0
100
AcDbCircle
 10
254.03707353671197
 20
643.7287925793685
 30
0.0
 40
3.0
  0
CIRCLE
  5
334
330
17
100
AcDbEntity
  8
0
100
AcDbCircle
 10
847.6202041559197
 20
4.894446991444271
 30
0.0
 40
3.0
  0
CIRCLE
  5
335
330
17
100
AcDbEntity
  8
0
100
AcDbCircle
 10
365.1237903706901
 20
175.58942778362555
 30
0.0
 40
3.0
  0
CIRCLE
  5
336
330
17
100
AcDbEntity
  8
0
100
AcDbCircle
 10
152.43392010332911
 20
197.29654336902075
 30
0.0
 40
3.0
  0
CIRCLE
  5
337
330
17
100
AcDbEntity
  8
0
100
AcDbCircle
 10
646.5685624431854
 20
902.025192594022
 30
0.0
 40
3.0
  0
CIRCLE
  5
338
330
17
100
AcDbEntity
  8
0
100
AcDbCircle
 10
456.510025826602
 20
4.03925487040584
 30
0.0
 40
3.0
  0
CIRCLE
  5
339
330
17
100
AcDbEntity
  8
0
100
AcDbCircle
 10
920.0895700543604
 20
221.15619582704988
 30
0.0
 40
3.0
  0
CIRCLE
  5
33A
330
17
100
AcDbEntity
  8
0
100
AcDbCircle
 10
626.5795433481771
 20
736.570365927521
 30
0.0
 40
3.0
  0
CIRCLE
  5
33B
330
17
100
AcDbEntity
  8
0
100
AcDbCircle
 10
867.7684615426825
 20
814.462886697023
 30
0.0
 40
3.0
  0
CIRCLE
  5
33C
330
17
100
AcDbEntity
  8
0
100
AcDbCircle
 10
332.56326115158186
 20
865.1789027083893
 30
0.0
 40
3.0
  0
CIRCLE
  5
33D
330
17
100
AcDbEntity
  8
0
100
AcDbCircle
 10
288.17960013871897
 20
927.5751490945069
 30
0.0
 40
3.0
  0
CIRCLE
  5
33E
330
17
100
AcDbEntity
  8
0
100
AcDbCircle
 10
899.3223953667139
 20
736.1447229335956
 30
0.0
 40
3.0
  0
CIRCLE
  5
33F
330
17
100
AcDbEntity
  8
0
100
AcDbCircle
 10
155.96220123696622
 20
325.42047991289894
 30
0.0
 40
3.0
  0
CIRCLE
  5
340
330
17
100
AcDbEntity
  8
0
100
AcDbCircle
 10
246.64058522663717
 20
571.8211456068711
 30
0.0
 40
3.0
  0
CIRCLE
  5
341
330
17
100
AcDbEntity
  8
0
100
AcDbCircle
 10
4.880431908545642
 20
915.8341486647646
 30
0.0
 40
3.0
  0
CIRCLE
  5
342
330
17
100
AcDbEntity
  8
0
100
AcDbCircle
 10
222.787360940186
 20
561.4633181525143
 30
0.0
 40
3.0
  0
CIRCLE
  5
343
330
17
100
AcDbEntity
  8
0
100
AcDbCircle
 10
227.0888233977334
 20
982.1508676388629
 30
0.0
 40
3.0
  0
CIRCLE
  5
344
330
17
100
AcDbEntity
  8
0
100
AcDbCircle
 10
992.8657767430254
 20
289.1274072156188
 30
0.0
 40
3.0
  0
CIRCLE
  5
345
330
17
100
AcDbEntity
  8
0
100
AcDbCircle
 10
962.9320304532018
 20
697.3934999262349
 30
0.0
 40
3.0
  0
CIRCLE
  5
346
330
17
100
AcDbEntity
  8
0
100
AcDbCircle
 10
917.0240344328672
 20
956.5696642194712
 30
0.0
 40
3.0
  0
CIRCLE
  5
347
330
17
100
AcDbEntity
  8
0
100
AcDbCircle
 10
774.540238639202
 20
8.539821770223348
 30
0.0
 40
3.0
  0
CIRCLE
  5
348
330
17
100
AcDbEntity
  8
0
100
AcDbCircle
 10
466.6609951962606
 20
184.38613235911077
 30
0.0
 40
3.0
  0
CIRCLE
  5
349
330
17
100
AcDbEntity
  8
0
100
AcDbCircle
 10
747.1270846442729
 20
881.2584088166248
 30
0.0
 40
3.0
  0
CIRCLE
  5
34A
330
17
100
AcDbEntity
  8
0
100
AcDbCircle
 10
411.4181626519675
 20
697.6278114294762
 30
0.0
 40
3.0
  0
CIRCLE
  5
34B
330
17
100
AcDbEntity
  8
0
100
AcDbCircle
 10
498.5815265332194
 20
8.135815394226368
 30
0.0
 40
3.0
  0
CIRCLE
  5
34C
330
17
100
AcDbEntity
  8
0
100
AcDbCircle
 10
67.90252881814212
 20
437.86036745831217
 30
0.0
 40
3.0
  0
CIRCLE
  5
34D
330
17
100
AcDbEntity
  8
0
100
AcDbCircle
 10
652.1759193380799
 20
83.48667971072359
 30
0.0
 40
3.0
  0
CIRCLE
  5
34E
330
17
100
AcDbEntity
  8
0
100
AcDbCircle
 10
147.46306925995844
 20
5.554541965179758
 30
0.0
 40
3.0
  0
CIRCLE
  5
34F
330
17
100
AcDbEntity
  8
0
100
AcDbCircle
 10
635.4139920094636
 20
409.5208857671711
 30
0.0
 40
3.0
  0
CIRCLE
  5
350
330
17
100
AcDbEntity
  8
0
100
AcDbCircle
 10
379.4191370370555
 20
47.347939961377946
 30
0.0
 40
3.0
  0
CIRCLE
  5
351
330
17
100
AcDbEntity
  8
0
100
AcDbCircle
 10
134.1685059900639
 20
190.46350943059144
 30
0.0
 40
3.0
  0
CIRCLE
  5
352
330
17
100
AcDbEntity
  8
0
100
AcDbCircle
 10
117.45231628577723
 20
555.8176282434468
 30
0.0
 40
3.0
  0
CIRCLE
  5
353
330
17
100
AcDbEntity
  8
0
100
AcDbCircle
 10
799.3699144032728
 20
552.5908906085783
 30
0.0
 40
3.0
  0
CIRCLE
  5
354
330
17
100
AcDbEntity
  8
0
100
AcDbCircle
 10
989.32402718465
 20
872.6144328807248
 30
0.0
 40
3.0
  0
CIRCLE
  5
355
330
17
100
AcDbEntity
  8
0
100
AcDbCircle
 10
250.37011640171184
 20
229.0394882793905
 30
0.0
 40
3.0
  0
CIRCLE
  5
356
330
17
100
AcDbEntity
  8
0
100
AcDbCircle
 10
975.123910735296
 20
984.1526937394405
 30
0.0
 40
3.0
  0
CIRCLE
  5
357
330
17
100
AcDbEntity
  8
0
100
AcDbCircle
 10
618.7900346697162
 20
869.91410669758
 30
0.0
 40
3.0
  0
CIRCLE
  5
358
330
17
100
AcDbEntity
  8
0
100
AcDbCircle
 10
392.4829842546035
 20
411.450312148428
 30
0.0
 40
3.0
  0
CIRCLE
  5
359
330
17
100
AcDbEntity
  8
0
100
AcDbCircle
 10
907.2898964672129
 20
911.7061702972757
 30
0.0
 40
3.0
  0
CIRCLE
  5
35A
330
17
100
AcDbEntity
  8
0
100
AcDbCircle
 10
753.6138855742566
 20
626.6595515162446
 30
0.0
 40
3.0
  0
CIRCLE
  5
35B
330
17
100
AcDbEntity
  8
0
100
AcDbCircle
 10
509.3066612208875
 20
252.32908917987814
 30
0.0
 40
3.0
  0
CIRCLE
  5
35C
330
17
100
AcDbEntity
  8
0
100
AcDbCircle
 10
145.47233220627876
 20
198.08212396424554
 30
0.0
 40
3.0
  0
CIRCLE
  5
35D
330
17
100
AcDbEntity
  8
0
100
AcDbCircle
 10
132.30902287612915
 20
626.1902269222024
 30
0.0
 40
3.0
  0
CIRCLE
  5
35E
330
17
100
AcDbEntity
  8
0
100
AcDbCircle
 10
502.0058893353655
 20
205.93273311005348
 30
0.0
 40
3.0
  0
CIRCLE
  5
35F
330
17
100
AcDbEntity
  8
0
100
AcDbCircle
 10
542.7114170067226
 20
652.3396818525877
 30
0.0
 40
3.0
  0
CIRCLE
  5
360
330
17
100
AcDbEntity
  8
0
100
AcDbCircle
 10
289.6215006434354
 20
940.0797950219118
 30
0.0
 40
3.0
  0
CIRCLE
  5
361
330
17
100
AcDbEntity
  8
0
100
AcDbCircle
 10
986.1658140391926
 20
3.0518020574920834
 30
0.0
 40
3.0
  0
CIRCLE
  5
362
330
17
100
AcDbEntity
  8
0
100
AcDbCircle
 10
582.0869579383315
 20
819.6332955636134
 30
0.0
 40
3.0
  0
CIRCLE
  5
363
330
17
100
AcDbEntity
  8
0
100
AcDbCircle
 10
935.2436309364593
 20
327.72321455699444
 30
0.0
 40
3.0
  0
CIRCLE
  5
364
330
17
100
AcDbEntity
  8
0
100
AcDbCircle
 10
362.7295357876013
 20
734.3523266062816
 30
0.0
 40
3.0
  0
CIRCLE
  5
365
330
17
100
AcDbEntity
  8
0
100
AcDbCircle
 10
10.354123425117061
 20
201.10587485326553
 30
0.0
 40
3.0
  0
CIRCLE
  5
366
330
17
100
AcDbEntity
  8
0
100
AcDbCircle
 10
646.4217636145441
 20
991.3126736115915
 30
0.0
 40
3.0
  0
CIRCLE
  5
367
330
17
100
AcDbEntity
  8
0
100
AcDbCircle
 10
129.4886171408817
 20
965.9052482685553
 30
0.0
 40
3.0
  0
CIRCLE
  5
368
330
17
100
AcDbEntity
  8
0
100
AcDbCircle
 10
907.7858930293232
 20
595.7409432854727
 30
0.0
 40
3.0
  0
CIRCLE
  5
369
330
17
100
AcDbEntity
  8
0
100
AcDbCircle
 10
599.1283634376972
 20
252.7944372018408
 30
0.0
 40
3.0
  0
CIRCLE
  5
36A
330
17
100
AcDbEntity
  8
0
100
AcDbCircle
 10
678.2483307828504
 20
694.8277455162138
 30
0.0
 40
3.0
  0
CIRCLE
  5
36B
330
17
100
AcDbEntity
  8
0
100
AcDbCircle
 10
516.3185369789161
 20
537.1175802587542
 30
0.0
 40
3.0
  0
CIRCLE
  5
36C
330
17
100
AcDbEntity
  8
0
100
AcDbCircle
 10
564.2708097629825
 20
133.6481540244774
 30
0.0
 40
3.0
  0
CIRCLE
  5
36D
330
17
100
AcDbEntity
  8
0
100
AcDbCircle
 10
977.6249962852005
 20
294.3599382210712
 30
0.0
 40
3.0
  0
CIRCLE
  5
36E
330
17
100
AcDbEntity
  8
0
100
AcDbCircle
 10
937.5144806635564
 20
201.67751190089578
 30
0.0
 40
3.0
  0
CIRCLE
  5
36F
330
17
100
AcDbEntity
  8
0
100
AcDbCircle
 10
389.6788826719139
 20
281.85419191309387
 30
0.0
 40
3.0
  0
CIRCLE
  5
370
330
17
100
AcDbEntity
  8
0
100
AcDbCircle
 10
403.8839216594934
 20
945.0055864514137
 30
0.0
 40
3.0
  0
CIRCLE
  5
371
330
17
100
AcDbEntity
  8
0
100
AcDbCircle
 10
246.19543202081013
 20
199.41614751324505
 30
0.0
 40
3.0
  0
CIRCLE
  5
372
330
17
100
AcDbEntity
  8
0
100
AcDbCircle
 10
560.9990712592844
 20
13.537918598436713
 30
0.0
 40
3.0
  0
CIRCLE
  5
373
330
17
100
AcDbEntity
  8
0
100
AcDbCircle
 10
125.6327821013413
 20
573.4637920047071
 30
0.0
 40
3.0
  0
CIRCLE
  5
374
330
17
100
AcDbEntity
  8
0
100
AcDbCircle
 10
708.2574855055122
 20
318.99777862195396
 30
0.0
 40
3.0
  0
CIRCLE
  5
375
330
17
100
AcDbEntity
  8
0
100
AcDbCircle
 10
79.6092609681895
 20
712.9909294558023
 30
0.0
 40
3.0
  0
CIRCLE
  5
376
330
17
100
AcDbEntity
  8
0
100
AcDbCircle
 10
978.5591369231663
 20
77.3810245830614
 30
0.0
 40
3.0
  0
CIRCLE
  5
377
330
17
100
AcDbEntity
  8
0
100
AcDbCircle
 10
59.657951256766815
 20
995.7927786566822
 30
0.0
 40
3.0
  0
CIRCLE
  5
378
330
17
100
AcDbEntity
  8
0
100
AcDbCircle
 10
787.2110486330438
 20
849.7953976420183
 30
0.0
 40
3.0
  0
CIRCLE
  5
379
330
17
100
AcDbEntity
  8
0
100
AcDbCircle
 10
600.343615147812
 20
8.518241140774528
 30
0.0
 40
3.0
  0
CIRCLE
  5
37A
330
17
100
AcDbEntity
  8
0
100
AcDbCircle
 10
833.7725508491089
 20
817.6697393499983
 30
0.0
 40
3.0
  0
CIRCLE
  5
37B
330
17
100
AcDbEntity
  8
0
100
AcDbCircle
 10
463.945661481263
 20
871.5226740586425
 30
0.0
 40
3.0
  0
CIRCLE
  5
37C
330
17
100
AcDbEntity
  8
0
100
AcDbCircle
 10
102.76151396899792
 20
813.865996603954
 30
0.0
 40
3.0
  0
CIRCLE
  5
37D
330
17
100
AcDbEntity
  8
0
100
AcDbCircle
 10
347.92526565274215
 20
514.7527032693016
 30
0.0
 40
3.0
  0
CIRCLE
  5
37E
330
17
100
AcDbEntity
  8
0
100
AcDbCircle
 10
5.229891421774353
 20
147.015083276119
 30
0.0
 40
3.0
  0
CIRCLE
  5
37F
330
17
100
AcDbEntity
  8
0
100
AcDbCircle
 10
591.4278244751667
 20
618.9621060848335
 30
0.0
 40
3.0
  0
CIRCLE
  5
380
330
17
100
AcDbEntity
  8
0
100
AcDbCircle
 10
391.9582729285416
 20
275.4778607344402
 30
0.0
 40
3.0
  0
CIRCLE
  5
381
330
17
100
AcDbEntity
  8
0
100
AcDbCircle
 10
565.6076390784958
 20
152.67324073535727
 30
0.0
 40
3.0
  0
CIRCLE
  5
382
330
17
100
AcDbEntity
  8
0
100
AcDbCircle
 10
982.4948178847644
 20
281.43673509480357
 30
0.0
 40
3.0
  0
CIRCLE
  5
383
330
17
100
AcDbEntity
  8
0
100
AcDbCircle
 10
104.7987642057077
 20
805.058926225246
 30
0.0
 40
3.0
  0
CIRCLE
  5
384
330
17
100
AcDbEntity
  8
0
100
AcDbCircle
 10
693.6809125964686
 20
261.0256558719198
 30
0.0
 40
3.0
  0
CIRCLE
  5
385
330
17
100
AcDbEntity
  8
0
100
AcDbCircle
 10
468.6891766336618
 20
958.8482657972394
 30
0.0
 40
3.0
  0
CIRCLE
  5
386
330
17
100
AcDbEntity
  8
0
100
AcDbCircle
 10
548.0041304213887
 20
419.8953072461745
 30
0.0
 40
3.0
  0
CIRCLE
  5
387
330
17
100
AcDbEntity
  8
0
100
AcDbCircle
 10
366.71079480116
 20
451.867428832059
 30
0.0
 40
3.0
  0
CIRCLE
  5
388
330
17
100
AcDbEntity
  8
0
100
AcDbCircle
 10
419.7113418665064
 20
692.733563630334
 30
0.0
 40
3.0
  0
CIRCLE
  5
389
330
17
100
AcDbEntity
  8
0
100
AcDbCircle
 10
781.6722748769891
 20
681.1023433339768
 30
0.0
 40
3.0
  0
CIRCLE
  5
38A
330
17
100
AcDbEntity
  8
0
100
AcDbCircle
 10
595.6781607032583
 20
994.0667333966362
 30
0.0
 40
3.0
  0
CIRCLE
  5
38B
330
17
100
AcDbEntity
  8
0
100
AcDbCircle
 10
560.8851564873694
 20
542.6418851163838
 30
0.0
 40
3.0
  0
CIRCLE
  5
38C
330
17
100
AcDbEntity
  8
0
100
AcDbCircle
 10
430.40668329099634
 20
452.94399631734933
 30
0.0
 40
3.0
  0
CIRCLE
  5
38D
330
17
100
AcDbEntity
  8
0
100
AcDbCircle
 10
33.377624218520246
 20
150.53578815292641
 30
0.0
 40
3.0
  0
CIRCLE
  5
38E
330
17
100
AcDbEntity
  8
0
100
AcDbCircle
 10
110.9089713628606
 20
817.3301356390856
 30
0.0
 40
3.0
  0
CIRCLE
  5
38F
330
17
100
AcDbEntity
  8
0
100
AcDbCircle
 10
436.17466406934784
 20
858.9885494506258
 30
0.0
 40
3.0
  0
CIRCLE
  5
390
330
17
100
AcDbEntity
  8
0
100
AcDbCircle
 10
100.9036127101066
 20
768.9690840483602
 30
0.0
 40
3.0
  0
CIRCLE
  5
391
330
17
100
AcDbEntity
  8
0
100
AcDbCircle
 10
409.80610268392024
 20
990.3792237540981
 30
0.0
 40
3.0
  0
CIRCLE
  5
392
330
17
100
AcDbEntity
  8
0
100
AcDbCircle
 10
281.71971500749765
 20
432.6509856840733
 30
0.0
 40
3.0
  0
CIRCLE
  5
393
330
17
100
AcDbEntity
  8
0
100
AcDbCircle
 10
272.8569537827846
 20
809.1163369527105
 30
0.0
 40
3.0
  0
CIRCLE
  5
394
330
17
100
AcDbEntity
  8
0
100
AcDbCircle
 10
789.3869664046588
 20
198.59487864986113
 30
0.0
 40
3.0
  0
CIRCLE
  5
395
330
17
100
AcDbEntity
  8
0
100
AcDbCircle
 10
300.31372560698594
 20
44.77491169439905
 30
0.0
 40
3.0
  0
CIRCLE
  5
396
330
17
100
AcDbEntity
  8
0
100
AcDbCircle
 10
439.1650510918376
 20
720.2280248838514
 30
0.0
 40
3.0
  0
CIRCLE
  5
397
330
17
100
AcDbEntity
  8
0
100
AcDbCircle
 10
569.4837598757197
 20
140.4973086387417
 30
0.0
 40
3.0
  0
CIRCLE
  5
398
330
17
100
AcDbEntity
  8
0
100
AcDbCircle
 10
299.46403565763825
 20
382.0707697398202
 30
0.0
 40
3.0
  0
CIRCLE
  5
399
330
17
100
AcDbEntity
  8
0
100
AcDbCircle
 10
495.38299566284223
 20
594.8083246244641
 30
0.0
 40
3.0
  0
CIRCLE
  5
39A
330
17
100
AcDbEntity
  8
0
100
AcDbCircle
 10
641.4915177059455
 20
295.36508871938287
 30
0.0
 40
3.0
  0
CIRCLE
  5
39B
330
17
100
AcDbEntity
  8
0
100
AcDbCircle
 10
241.7090419330911
 20
709.5477574303209
 30
0.0
 40
3.0
  0
CIRCLE
  5
39C
330
17
100
AcDbEntity
  8
0
100
AcDbCircle
 10
556.1938293138728
 20
685.3993544735496
 30
0.0
 40
3.0
  0
CIRCLE
  5
39D
330
17
100
AcDbEntity
  8
0
100
AcDbCircle
 10
186.30930080395277
 20
223.37962053185169
 30
0.0
 40
3.0
  0
CIRCLE
  5
39E
330
17
100
AcDbEntity
  8
0
100
AcDbCircle
 10
208.4954370612498
 20
964.5318219204331
 30
0.0
 40
3.0
  0
CIRCLE
  5
39F
330
17
100
AcDbEntity
  8
0
100
AcDbCircle
 10
451.6181180817112
 20
868.5870134370072
 30
0.0
 40
3.0
  0
CIRCLE
  5
3A0
330
17
100
AcDbEntity
  8
0
100
AcDbCircle
 10
167.45589466168315
 20
681.8575939899422
 30
0.0
 40
3.0
  0
CIRCLE
  5
3A1
330
17
100
AcDbEntity
  8
0
100
AcDbCircle
 10
982.3887194114849
 20
189.5642865730486
 30
0.0
 40
3.0
  0
CIRCLE
  5
3A2
330
17
100
AcDbEntity
  8
0
100
AcDbCircle
 10
990.0182855733949
 20
232.29590390817745
 30
0.0
 40
3.0
  0
CIRCLE
  5
3A3
330
17
100
AcDbEntity
  8
0
100
AcDbCircle
 10
994.0269265596959
 20
523.6884876636808
 30
0.0
 40
3.0
  0
CIRCLE
  5
3A4
330
17
100
AcDbEntity
  8
0
100
AcDbCircle
 10
341.53833278418165
 20
256.429288448303
 30
0.0
 40
3.0
  0
CIRCLE
  5
3A5
330
17
100
AcDbEntity
  8
0
100
AcDbCircle
 10
776.4441553838403
 20
710.6633599153168
 30
0.0
 40
3.0
  0
CIRCLE
  5
3A6
330
17
100
AcDbEntity
  8
0
100
AcDbCircle
 10
795.5199365161299
 20
923.8725408483248
 30
0.0
 40
3.0
  0
CIRCLE
  5
3A7
330
17
100
AcDbEntity
  8
0
100
AcDbCircle
 10
45.753404104820355
 20
417.84679409291203
 30
0.0
 40
3.0
  0
CIRCLE
  5
3A8
330
17
100
AcDbEntity
  8
0
100
AcDbCircle
 10
903.8850509579823
 20
895.8456863768876
 30
0.0
 40
3.0
  0
CIRCLE
  5
3A9
330
17
100
AcDbEntity
  8
0
100
AcDbCircle
 10
120.5943009726625
 20
995.5164967363397
 30
0.0
 40
3.0
  0
CIRCLE
  5
3AA
330
17
100
AcDbEntity
  8
0
100
AcDbCircle
 10
69.02023921856467
 20
522.1594843865774
 30
0.0
 40
3.0
  0
CIRCLE
  5
3AB
330
17
100
AcDbEntity
  8
0
100
AcDbCircle
 10
169.46273929575304
 20
140.70688501608342
 30
0.0
 40
3.0
  0
CIRCLE
  5
3AC
330
17
100
AcDbEntity
  8
0
100
AcDbCircle
 10
818.1023576163855
 20
406.1076857480654
 30
0.0
 40
3.0
  0
CIRCLE
  5
3AD
330
17
100
AcDbEntity
  8
0
100
AcDbCircle
 10
632.1674770135714
 20
253.2467004400261
 30
0.0
 40
3.0
  0
CIRCLE
  5
3AE
330
17
100
AcDbEntity
  8
0
100
AcDbCircle
 10
837.0557045944188
 20
313.9998181242525
 30
0.0
 40
3.0
  0
CIRCLE
  5
3AF
330
17
100
AcDbEntity
  8
0
100
AcDbCircle
 10
863.3802277569885
 20
153.60871838068115
 30
0.0
 40
3.0
  0
CIRCLE
  5
3B0
330
17
100
AcDbEntity
  8
0
100
AcDbCircle
 10
490.61014165355584
 20
266.061842555696
 30
0.0
 40
3.0
  0
CIRCLE
  5
3B1
330
17
100
AcDbEntity
  8
0
100
AcDbCircle
 10
164.41928513752015
 20
8.01876736842187
 30
0.0
 40
3.0
  0
CIRCLE
  5
3B2
330
17
100
AcDbEntity
  8
0
100
AcDbCircle
 10
730.3544317091837
 20
610.5471918264896
 30
0.0
 40
3.0
  0
CIRCLE
  5
3B3
330
17
100
AcDbEntity
  8
0
100
AcDbCircle
 10
692.3312248088727
 20
233.12431723965943
 30
0.0
 40
3.0
  0
CIRCLE
  5
3B4
330
17
100
AcDbEntity
  8
0
100
AcDbCircle
 10
609.7355700216264
 20
397.71250909784976
 30
0.0
 40
3.0
  0
CIRCLE
  5
3B5
330
17
100
AcDbEntity
  8
0
100
AcDbCircle
 10
868.214188000579
 20
292.2392247989984
 30
0.0
 40
3.0
  0
CIRCLE
  5
3B6
330
17
100
AcDbEntity
  8
0
100
AcDbCircle
 10
646.9326239971405
 20
419.8598081510723
 30
0.0
 40
3.0
  0
CIRCLE
  5
3B7
330
17
100
AcDbEntity
  8
0
100
AcDbCircle
 10
636.8259363766888
 20
883.9320071707823
 30
0.0
 40
3.0
  0
CIRCLE
  5
3B8
330
17
100
AcDbEntity
  8
0
100
AcDbCircle
 10
192.59604744407713
 20
351.2039038224247
 30
0.0
 40
3.0
  0
CIRCLE
  5
3B9
330
17
100
AcDbEntity
  8
0
100
AcDbCircle
 10
804.4378777147377
 20
697.7715489847822
 30
0.0
 40
3.0
  0
CIRCLE
  5
3BA
330
17
100
AcDbEntity
  8
0
100
AcDbCircle
 10
977.1722003525966
 20
330.04825281972666
 30
0.0
 40
3.0
  0
CIRCLE
  5
3BB
330
17
100
AcDbEntity
  8
0
100
AcDbCircle
 10
661.3544863393294
 20
993.1358092939728
 30
0.0
 40
3.0
  0
CIRCLE
  5
3BC
330
17
100
AcDbEntity
  8
0
100
AcDbCircle
 10
211.5137056904715
 20
5.917582386932032
 30
0.0
 40
3.0
  0
CIRCLE
  5
3BD
330
17
100
AcDbEntity
  8
0
100
AcDbCircle
 10
358.3082298914241
 20
449.3202414895301
 30
0.0
 40
3.0
  0
CIRCLE
  5
3BE
330
17
100
AcDbEntity
  8
0
100
AcDbCircle
 10
840.9284892416767
 20
478.81649589225475
 30
0.0
 40
3.0
  0
CIRCLE
  5
3BF
330
17
100
AcDbEntity
  8
0
100
AcDbCircle
 10
516.1966528333597
 20
618.9877567279776
 30
0.0
 40
3.0
  0
CIRCLE
  5
3C0
330
17
100
AcDbEntity
  8
0
100
AcDbCircle
 10
417.6709001214852
 20
8.161439651293275
 30
0.0
 40
3.0
  0
CIRCLE
  5
3C1
330
17
100
AcDbEntity
  8
0
100
AcDbCircle
 10
878.6699079618206
 20
35.7649623764516
 30
0.0
 40
3.0
  0
CIRCLE
  5
3C2
330
17
100
AcDbEntity
  8
0
100
AcDbCircle
 10
871.0569016248035
 20
157.55231682432452
 30
0.0
 40
3.0
  0
CIRCLE
  5
3C3
330
17
100
AcDbEntity
  8
0
100
AcDbCircle
 10
312.8716192448742
 20
968.4523143182419
 30
0.0
 40
3.0
  0
CIRCLE
  5
3C4
330
17
100
AcDbEntity
  8
0
100
AcDbCircle
 10
283.11092335142797
 20
902.4834951373601
 30
0.0
 40
3.0
  0
CIRCLE
  5
3C5
330
17
100
AcDbEntity
  8
0
100
AcDbCircle
 10
634.6397768744351
 20
993.5708920495211
 30
0.0
 40
3.0
  0
CIRCLE
  5
3C6
330
17
100
AcDbEntity
  8
0
100
AcDbCircle
 10
496.0979357825146
 20
329.7138079791622
 30
0.0
 40
3.0
  0
CIRCLE
  5
3C7
330
17
100
AcDbEntity
  8
0
100
AcDbCircle
 10
70.50513596375984
 20
335.17857166351337
 30
0.0
 40
3.0
  0
CIRCLE
  5
3C8
330
17
100
AcDbEntity
  8
0
100
AcDbCircle
 10
770.363659882909
 20
848.4081932316067
 30
0.0
 40
3.0
  0
CIRCLE
  5
3C9
330
17
100
AcDbEntity
  8
0
100
AcDbCircle
 10
520.3275339908342
 20
903.4213188897453
 30
0.0
 40
3.0
  0
CIRCLE
  5
3CA
330
17
100
AcDbEntity
  8
0
100
AcDbCircle
 10
712.2936825843132
 20
166.81525579109172
 30
0.0
 40
3.0
  0
CIRCLE
  5
3CB
330
17
100
AcDbEntity
  8
0
100
AcDbCircle
 10
280.7690221093579
 20
398.44355045236006
 30
0.0
 40
3.0
  0
CIRCLE
  5
3CC
330
17
100
AcDbEntity
  8
0
100
AcDbCircle
 10
257.05278621032744
 20
718.5200132705567
 30
0.0
 40
3.0
  0
CIRCLE
  5
3CD
330
17
100
AcDbEntity
  8
0
100
AcDbCircle
 10
995.6759279781731
 20
590.1342136141701
 30
0.0
 40
3.0
  0
CIRCLE
  5
3CE
330
17
100
AcDbEntity
  8
0
100
AcDbCircle
 10
79.87561319686547
 20
614.2962032278532
 30
0.0
 40
3.0
  0
CIRCLE
  5
3CF
330
17
100
AcDbEntity
  8
0
100
AcDbCircle
 10
473.4297795224874
 20
357.96801740176585
 30
0.0
 40
3.0
  0
CIRCLE
  5
3D0
330
17
100
AcDbEntity
  8
0
100
AcDbCircle
 10
40.994892383399176
 20
965.862643415548
 30
0.0
 40
3.0
  0
CIRCLE
  5
3D1
330
17
100
AcDbEntity
  8
0
100
AcDbCircle
 10
481.2416146264738
 20
97.98744523085232
 30
0.0
 40
3.0
  0
CIRCLE
  5
3D2
330
17
100
AcDbEntity
  8
0
100
AcDbCircle
 10
849.2809385645138
 20
379.89417765354824
 30
0.0
 40
3.0
  0
CIRCLE
  5
3D3
330
17
100
AcDbEntity
  8
0
100
AcDbCircle
 10
693.9775355707638
 20
219.59302758908035
 30
0.0
 40
3.0
  0
CIRCLE
  5
3D4
330
17
100
AcDbEntity
  8
0
100
AcDbCircle
 10
989.4873460566747
 20
856.1978588605759
 30
0.0
 40
3.0
  0
CIRCLE
  5
3D5
330
17
100
AcDbEntity
  8
0
100
AcDbCircle
 10
740.2127393847119
 20
606.5953274250031
 30
0.0
 40
3.0
  0
CIRCLE
  5
3D6
330
17
100
AcDbEntity
  8
0
100
AcDbCircle
 10
251.49818883283342
 20
80.18954649900189
 30
0.0
 40
3.0
  0
CIRCLE
  5
3D7
330
17
100
AcDbEntity
  8
0
100
AcDbCircle
 10
547.5549437233074
 20
916.0769048497123
 30
0.0
 40
3.0
  0
CIRCLE
  5
3D8
330
17
100
AcDbEntity
  8
0
100
AcDbCircle
 10
822.7563600267293
 20
775.4858484959775
 30
0.0
 40
3.0
  0
CIRCLE
  5
3D9
330
17
100
AcDbEntity
  8
0
100
AcDbCircle
 10
322.8364819288672
 20
720.1629864735266
 30
0.0
 40
3.0
  0
CIRCLE
  5
3DA
330
17
100
AcDbEntity
  8
0
100
AcDbCircle
 10
927.7764606951619
 20
605.421250398291
 30
0.0
 40
3.0
  0
CIRCLE
  5
3DB
330
17
100
AcDbEntity
  8
0
100
AcDbCircle
 10
514.7583553636401
 20
495.7458561329776
 30
0.0
 40
3.0
  0
CIRCLE
  5
3DC
330
17
100
AcDbEntity
  8
0
100
AcDbCircle
 10
816.3707274228461
 20
664.2761992895514
 30
0.0
 40
3.0
  0
CIRCLE
  5
3DD
330
17
100
AcDbEntity
  8
0
100
AcDbCircle
 10
711.2583508800868
 20
803.2796036188096
 30
0.0
 40
3.0
  0
CIRCLE
  5
3DE
330
17
100
AcDbEntity
  8
0
100
AcDbCircle
 10
972.0211864416801
 20
373.9232088761599
 30
0.0
 40
3.0
  0
CIRCLE
  5
3DF
330
17
100
AcDbEntity
  8
0
100
AcDbCircle
 10
815.5496482291824
 20
282.18867079003627
 30
0.0
 40
3.0
  0
CIRCLE
  5
3E0
330
17
100
AcDbEntity
  8
0
100
AcDbCircle
 10
932.0448899951573
 20
729.599923725729
 30
0.0
 40
3.0
  0
CIRCLE
  5
3E1
330
17
100
AcDbEntity
  8
0
100
AcDbCircle
 10
8.200687191195424
 20
404.01019991563066
 30
0.0
 40
3.0
  0
CIRCLE
  5
3E2
330
17
100
AcDbEntity
  8
0
100
AcDbCircle
 10
900.7993016834521
 20
873.6993491026749
 30
0.0
 40
3.0
  0
CIRCLE
  5
3E3
330
17
100
AcDbEntity
  8
0
100
AcDbCircle
 10
549.800682197025
 20
545.1505576925631
 30
0.0
 40
3.0
  0
CIRCLE
  5
3E4
330
17
100
AcDbEntity
  8
0
100
AcDbCircle
 10
350.46443423426274
 20
90.08120605148636
 30
0.0
 40
3.0
  0
CIRCLE
  5
3E5
330
17
100
AcDbEntity
  8
0
100
AcDbCircle
 10
473.564557539808
 20
987.5879020306942
 30
0.0
 40
3.0
  0
CIRCLE
  5
3E6
330
17
100
AcDbEntity
  8
0
100
AcDbCircle
 10
257.951749822294
 20
108.07763133798738
 30
0.0
 40
3.0
  0
CIRCLE
  5
3E7
330
17
100
AcDbEntity
  8
0
100
AcDbCircle
 10
502.02908135177313
 20
932.3904239697819
 30
0.0
 40
3.0
  0
CIRCLE
  5
3E8
330
17
100
AcDbEntity
  8
0
100
AcDbCircle
 10
5.740562409330976
 20
52.160078629918836
 30
0.0
 40
3.0
  0
CIRCLE
  5
3E9
330
17
100
AcDbEntity
  8
0
100
AcDbCircle
 10
282.77904899486333
 20
580.3296955779629
 30
0.0
 40
3.0
  0
CIRCLE
  5
3EA
330
17
100
AcDbEntity
  8
0
100
AcDbCircle
 10
519.5001973688608
 20
679.9101300911093
 30
0.0
 40
3.0
  0
CIRCLE
  5
3EB
330
17
100
AcDbEntity
  8
0
100
AcDbCircle
 10
10.998596577788105
 20
65.31514322091846
 30
0.0
 40
3.0
  0
CIRCLE
  5
3EC
330
17
100
AcDbEntity
  8
0
100
AcDbCircle
 10
563.0530433742679
 20
972.6655070393462
 30
0.0
 40
3.0
  0
CIRCLE
  5
3ED
330
17
100
AcDbEntity
  8
0
100
AcDbCircle
 10
799.5893643109744
 20
826.1264356550967
 30
0.0
 40
3.0
  0
CIRCLE
  5
3EE
330
17
100
AcDbEntity
  8
0
100
AcDbCircle
 10
213.8595016207353
 20
822.5392536898222
 30
0.0
 40
3.0
  0
CIRCLE
  5
3EF
330
17
100
AcDbEntity
  8
0
100
AcDbCircle
 10
533.109688172177
 20
904.8484399535753
 30
0.0
 40
3.0
  0
CIRCLE
  5
3F0
330
17
100
AcDbEntity
  8
0
100
AcDbCircle
 10
422.6482118451367
 20
559.9008982433727
 30
0.0
 40
3.0
  0
CIRCLE
  5
3F1
330
17
100
AcDbEntity
  8
0
100
AcDbCircle
 10
421.13770422105995
 20
676.0498184043623
 30
0.0
 40
3.0
  0
CIRCLE
  5
3F2
330
17
100
AcDbEntity
  8
0
100
AcDbCircle
 10
96.19640302089472
 20
840.2299075896677
 30
0.0
 40
3.0
  0
CIRCLE
  5
3F3
330
17
100
AcDbEntity
  8
0
100
AcDbCircle
 10
865.6314619561414
 20
298.0583090254746
 30
0.0
 40
3.0
  0
CIRCLE
  5
3F4
330
17
100
AcDbEntity
  8
0
100
AcDbCircle
 10
388.0297666909592
 20
132.19917346269398
 30
0.0
 40
3.0
  0
CIRCLE
  5
3F5
330
17
100
AcDbEntity
  8
0
100
AcDbCircle
 10
265.8780812043182
 20
641.1383024910037
 30
0.0
 40
3.0
  0
CIRCLE
  5
3F6
330
17
100
AcDbEntity
  8
0
100
AcDbCircle
 10
769.682192604172
 20
668.0443150836195
 30
0.0
 40
3.0
  0
CIRCLE
  5
3F7
330
17
100
AcDbEntity
  8
0
100
AcDbCircle
 10
871.6416729195995
 20
933.3877439469214
 30
0.0
 40
3.0
  0
CIRCLE
  5
3F8
330
17
100
AcDbEntity
  8
0
100
AcDbCircle
 10
9.183108334597108
 20
823.6103847108548
 30
0.0
 40
3.0
  0
CIRCLE
  5
3F9
330
17
100
AcDbEntity
  8
0
100
AcDbCircle
 10
922.9127308870527
 20
211.730012759951
 30
0.0
 40
3.0
  0
CIRCLE
  5
3FA
330
17
100
AcDbEntity
  8
0
100
AcDbCircle
 10
612.2188246849331
 20
135.23541969070064
 30
0.0
 40
3.0
  0
CIRCLE
  5
3FB
330
17
100
AcDbEntity
  8
0
100
AcDbCircle
 10
401.742590050352
 20
31.095140568718517
 30
0.0
 40
3.0
  0
CIRCLE
  5
3FC
330
17
100
AcDbEntity
  8
0
100
AcDbCircle
 10
269.84078039860634
 20
610.3751255532183
 30
0.0
 40
3.0
  0
CIRCLE
  5
3FD
330
17
100
AcDbEntity
  8
0
100
AcDbCircle
 10
92.93484520024589
 20
522.1913026801851
 30
0.0
 40
3.0
  0
CIRCLE
  5
3FE
330
17
100
AcDbEntity
  8
0
100
AcDbCircle
 10
698.283014277389
 20
63.11270447449479
 30
0.0
 40
3.0
  0
CIRCLE
  5
3FF
330
17
100
AcDbEntity
  8
0
100
AcDbCircle
 10
547.3964456266257
 20
738.2620996018537
 30
0.0
 40
3.0
  0
CIRCLE
  5
400
330
17
100
AcDbEntity
  8
0
100
AcDbCircle
 10
714.5711486041765
 20
703.3504130360208
 30
0.0
 40
3.0
  0
CIRCLE
  5
401
330
17
100
AcDbEntity
  8
0
100
AcDbCircle
 10
692.6052171555484
 20
54.55545682855136
 30
0.0
 40
3.0
  0
CIRCLE
  5
402
330
17
100
AcDbEntity
  8
0
100
AcDbCircle
 10
762.2744906062294
 20
631.3871991489136
 30
0.0
 40
3.0
  0
CIRCLE
  5
403
330
17
100
AcDbEntity
  8
0
100
AcDbCircle
 10
896.5062531986143
 20
980.0408968797954
 30
0.0
 40
3.0
  0
CIRCLE
  5
404
330
17
100
AcDbEntity
  8
0
100
AcDbCircle
 10
16.165300651163736
 20
946.1401095738682
 30
0.0
 40
3.0
  0
CIRCLE
  5
405
330
17
100
AcDbEntity
  8
0
100
AcDbCircle
 10
460.3476622112702
 20
749.8240107222274
 30
0.0
 40
3.0
  0
CIRCLE
  5
406
330
17
100
AcDbEntity
  8
0
100
AcDbCircle
 10
867.7856576794231
 20
280.17439388670454
 30
0.0
 40
3.0
  0
CIRCLE
  5
407
330
17
100
AcDbEntity
  8
0
100
AcDbCircle
 10
121.40461510143392
 20
150.08090410420803
 30
0.0
 40
3.0
  0
CIRCLE
  5
408
330
17
100
AcDbEntity
  8
0
100
AcDbCircle
 10
609.5011136115421
 20
462.6038100248194
 30
0.0
 40
3.0
  0
CIRCLE
  5
409
330
17
100
AcDbEntity
  8
0
100
AcDbCircle
 10
841.7299816049873
 20
373.7219295548889
 30
0.0
 40
3.0
  0
CIRCLE
  5
40A
330
17
100
AcDbEntity
  8
0
100
AcDbCircle
 10
510.7485850471259
 20
469.9789141173775
 30
0.0
 40
3.0
  0
CIRCLE
  5
40B
330
17
100
AcDbEntity
  8
0
100
AcDbCircle
 10
687.7673054664041
 20
991.6083315783169
 30
0.0
 40
3.0
  0
CIRCLE
  5
40C
330
17
100
AcDbEntity
  8
0
100
AcDbCircle
 10
90.29303749238514
 20
868.4917769427055
 30
0.0
 40
3.0
  0
CIRCLE
  5
40D
330
17
100
AcDbEntity
  8
0
100
AcDbCircle
 10
860.0315494294141
 20
697.2868074402217
 30
0.0
 40
3.0
  0
CIRCLE
  5
40E
330
17
100
AcDbEntity
  8
0
100
AcDbCircle
 10
731.121239905968
 20
328.4998293737575
 30
0.0
 40
3.0
  0
CIRCLE
  5
40F
330
17
100
AcDbEntity
  8
0
100
AcDbCircle
 10
869.4314922069275
 20
353.62155031645807
 30
0.0
 40
3.0
  0
CIRCLE
  5
410
330
17
100
AcDbEntity
  8
0
100
AcDbCircle
 10
463.11921428919544
 20
150.95846776760126
 30
0.0
 40
3.0
  0
CIRCLE
  5
411
330
17
100
AcDbEntity
  8
0
100
AcDbCircle
 10
291.59230721998694
 20
351.4475064135808
 30
0.0
 40
3.0
  0
CIRCLE
  5
412
330
17
100
AcDbEntity
  8
0
100
AcDbCircle
 10
411.651045098825
 20
353.2367226844565
 30
0.0
 40
3.0
  0
CIRCLE
  5
413
330
17
100
AcDbEntity
  8
0
100
AcDbCircle
 10
574.4243943786199
 20
52.51798708067786
 30
0.0
 40
3.0
  0
CIRCLE
  5
414
330
17
100
AcDbEntity
  8
0
100
AcDbCircle
 10
136.26608669286014
 20
141.3735967874054
 30
0.0
 40
3.0
  0
CIRCLE
  5
415
330
17
100
AcDbEntity
  8
0
100
AcDbCircle
 10
796.390395172626
 20
576.4917896164606
 30
0.0
 40
3.0
  0
CIRCLE
  5
416
330
17
100
AcDbEntity
  8
0
100
AcDbCircle
 10
863.8435179209714
 20
365.7721455769369
 30
0.0
 40
3.0
  0
CIRCLE
  5
417
330
17
100
AcDbEntity
  8
0
100
AcDbCircle
 10
100.27512770758419
 20
884.8385773339013
 30
0.0
 40
3.0
  0
CIRCLE
  5
418
330
17
100
AcDbEntity
  8
0
100
AcDbCircle
 10
536.8215229088513
 20
553.7845290440248
 30
0.0
 40
3.0
  0
CIRCLE
  5
419
330
17
100
AcDbEntity
  8
0
100
AcDbCircle
 10
599.2379369238664
 20
542.9998839533384
 30
0.0
 40
3.0
  0
CIRCLE
  5
41A
330
17
100
AcDbEntity
  8
0
100
AcDbCircle
 10
637.916255036251
 20
388.9468097116457
 30
0.0
 40
3.0
  0
CIRCLE
  5
41B
330
17
100
AcDbEntity
  8
0
100
AcDbCircle
 10
80.58536706619203
 20
969.1691696496702
 30
0.0
 40
3.0
  0
CIRCLE
  5
41C
330
17
100
AcDbEntity
  8
0
100
AcDbCircle
 10
68.65119085058562
 20
947.9873030213547
 30
0.0
 40
3.0
  0
CIRCLE
  5
41D
330
17
100
AcDbEntity
  8
0
100
AcDbCircle
 10
301.7521281886672
 20
517.0129773669477
 30
0.0
 40
3.0
  0
CIRCLE
  5
41E
330
17
100
AcDbEntity
  8
0
100
AcDbCircle
 10
58.54618306687075
 20
458.06261964204884
 30
0.0
 40
3.0
  0
CIRCLE
  5
41F
330
17
100
AcDbEntity
  8
0
100
AcDbCircle
 10
429.9928274159319
 20
749.217323549227
 30
0.0
 40
3.0
  0
CIRCLE
  5
420
330
17
100
AcDbEntity
  8
0
100
AcDbCircle
 10
364.69139314818733
 20
122.03293979101622
 30
0.0
 40
3.0
  0
CIRCLE
  5
421
330
17
100
AcDbEntity
  8
0
100
AcDbCircle
 10
975.7167376060146
 20
965.9692150340802
 30
0.0
 40
3.0
  0
CIRCLE
  5
422
330
17
100
AcDbEntity
  8
0
100
AcDbCircle
 10
273.50454037964755
 20
460.80783051327074
 30
0.0
 40
3.0
  0
CIRCLE
  5
423
330
17
100
AcDbEntity
  8
0
100
AcDbCircle
 10
613.2351807359366
 20
742.7918465897603
 30
0.0
 40
3.0
  0
CIRCLE
  5
424
330
17
100
AcDbEntity
  8
0
100
AcDbCircle
 10
486.67588188861043
 20
19.159510765915183
 30
0.0
 40
3.0
  0
CIRCLE
  5
425
330
17
100
AcDbEntity
  8
0
100
AcDbCircle
 10
377.2185909564792
 20
133.3777416596326
 30
0.0
 40
3.0
  0
CIRCLE
  5
426
330
17
100
AcDbEntity
  8
0
100
AcDbCircle
 10
943.5021059574958
 20
826.791111811153
 30
0.0
 40
3.0
  0
CIRCLE
  5
427
330
17
100
AcDbEntity
  8
0
100
AcDbCircle
 10
585.2282286586948
 20
890.6152457285552
 30
0.0
 40
3.0
  0
CIRCLE
  5
428
330
17
100
AcDbEntity
  8
0
100
AcDbCircle
 10
548.6934336408078
 20
908.2523978156082
 30
0.0
 40
3.0
  0
CIRCLE
  5
429
330
17
100
AcDbEntity
  8
0
100
AcDbCircle
 10
425.05808993550585
 20
525.6210759349005
 30
0.0
 40
3.0
  0
CIRCLE
  5
42A
330
17
100
AcDbEntity
  8
0
100
AcDbCircle
 10
140.39208846420985
 20
72.60182702755964
 30
0.0
 40
3.0
  0
CIRCLE
  5
42B
330
17
100
AcDbEntity
  8
0
100
AcDbCircle
 10
899.1844242288739
 20
884.5056915227639
 30
0.0
 40
3.0
  0
CIRCLE
  5
42C
330
17
100
AcDbEntity
  8
0
100
AcDbCircle
 10
384.96845946781076
 20
86.86233825270006
 30
0.0
 40
3.0
  0
CIRCLE
  5
42D
330
17
100
AcDbEntity
  8
0
100
AcDbCircle
 10
718.5409328693821
 20
160.78480428009482
 30
0.0
 40
3.0
  0
CIRCLE
  5
42E
330
17
100
AcDbEntity
  8
0
100
AcDbCircle
 10
784.2226439601422
 20
946.4729137877781
 30
0.0
 40
3.0
  0
CIRCLE
  5
42F
330
17
100
AcDbEntity
  8
0
100
AcDbCircle
 10
11.491049977757614
 20
378.0114913142666
 30
0.0
 40
3.0
  0
CIRCLE
  5
430
330
17
100
AcDbEntity
  8
0
100
AcDbCircle
 10
791.0390184454086
 20
775.9212989805901
 30
0.0
 40
3.0
  0
CIRCLE
  5
431
330
17
100
AcDbEntity
  8
0
100
AcDbCircle
 10
419.94490662145586
 20
580.2969846012732
 30
0.0
 40
3.0
  0
CIRCLE
  5
432
330
17
100
AcDbEntity
  8
0
100
AcDbCircle
 10
584.7126279241685
 20
167.5158545672002
 30
0.0
 40
3.0
  0
CIRCLE
  5
433
330
17
100
AcDbEntity
  8
0
100
AcDbCircle
 10
644.3286529507529
 20
134.87843505033302
 30
0.0
 40
3.0
  0
CIRCLE
  5
434
330
17
100
AcDbEntity
  8
0
100
AcDbCircle
 10
58.889954374064985
 20
250.71082446769688
 30
0.0
 40
3.0
  0
CIRCLE
  5
435
330
17
100
AcDbEntity
  8
0
100
AcDbCircle
 10
984.6723758398606
 20
778.7813285934325
 30
0.0
 40
3.0
  0
CIRCLE
  5
436
330
17
100
AcDbEntity
  8
0
100
AcDbCircle
 10
745.8825822373473
 20
308.26449126195325
 30
0.0
 40
3.0
  0
CIRCLE
  5
437
330
17
100
AcDbEntity
  8
0
100
AcDbCircle
 10
946.8161461186487
 20
818.38014280383
 30
0.0
 40
3.0
  0
CIRCLE
  5
438
330
17
100
AcDbEntity
  8
0
100
AcDbCircle
 10
207.30684991397322
 20
402.4464071056828
 30
0.0
 40
3.0
  0
CIRCLE
  5
439
330
17
100
AcDbEntity
  8
0
100
AcDbCircle
 10
384.50906315165275
 20
352.5114887999122
 30
0.0
 40
3.0
  0
CIRCLE
  5
43A
330
17
100
AcDbEntity
  8
0
100
AcDbCircle
 10
508.7373654390915
 20
761.7446297777238
 30
0.0
 40
3.0
  0
CIRCLE
  5
43B
330
17
100
AcDbEntity
  8
0
100
AcDbCircle
 10
180.079369737879
 20
650.0900490730264
 30
0.0
 40
3.0
  0
CIRCLE
  5
43C
330
17
100
AcDbEntity
  8
0
100
AcDbCircle
 10
426.614494329862
 20
679.7601371673244
 30
0.0
 40
3.0
  0
CIRCLE
  5
43D
330
17
100
AcDbEntity
  8
0
100
AcDbCircle
 10
973.070950706323
 20
527.4823256390038
 30
0.0
 40
3.0
  0
CIRCLE
  5
43E
330
17
100
AcDbEntity
  8
0
100
AcDbCircle
 10
890.2293083303773
 20
458.1844291043339
 30
0.0
 40
3.0
  0
CIRCLE
  5
43F
330
17
100
AcDbEntity
  8
0
100
AcDbCircle
 10
994.6797150704356
 20
559.685531430591
 30
0.0
 40
3.0
  0
CIRCLE
  5
440
330
17
100
AcDbEntity
  8
0
100
AcDbCircle
 10
218.4441108903415
 20
568.4493440913564
 30
0.0
 40
3.0
  0
CIRCLE
  5
441
330
17
100
AcDbEntity
  8
0
100
AcDbCircle
 10
907.8121087793334
 20
994.9440156861067
 30
0.0
 40
3.0
  0
CIRCLE
  5
442
330
17
100
AcDbEntity
  8
0
100
AcDbCircle
 10
732.3398094705985
 20
906.2787542683336
 30
0.0
 40
3.0
  0
CIRCLE
  5
443
330
17
100
AcDbEntity
  8
0
100
AcDbCircle
 10
275.5234220503936
 20
802.7122611755971
 30
0.0
 40
3.0
  0
CIRCLE
  5
444
330
17
100
AcDbEntity
  8
0
100
AcDbCircle
 10
812.49995430491
 20
795.7335134321295
 30
0.0
 40
3.0
  0
CIRCLE
  5
445
330
17
100
AcDbEntity
  8
0
100
AcDbCircle
 10
489.4589578046952
 20
923.0883681082222
 30
0.0
 40
3.0
  0
CIRCLE
  5
446
330
17
100
AcDbEntity
  8
0
100
AcDbCircle
 10
64.19080923921287
 20
619.367804753198
 30
0.0
 40
3.0
  0
CIRCLE
  5
447
330
17
100
AcDbEntity
  8
0
100
AcDbCircle
 10
863.3465344958569
 20
132.90241908267444
 30
0.0
 40
3.0
  0
CIRCLE
  5
448
330
17
100
AcDbEntity
  8
0
100
AcDbCircle
 10
45.78603424274639
 20
84.375317506311
 30
0.0
 40
3.0
  0
CIRCLE
  5
449
330
17
100
AcDbEntity
  8
0
100
AcDbCircle
 10
98.9685114203848
 20
625.4424837425329
 30
0.0
 40
3.0
  0
CIRCLE
  5
44A
330
17
100
AcDbEntity
  8
0
100
AcDbCircle
 10
733.2523264075909
 20
352.9865920617855
 30
0.0
 40
3.0
  0
CIRCLE
  5
44B
330
17
100
AcDbEntity
  8
0
100
AcDbCircle
 10
282.1018564919315
 20
160.83897870903246
 30
0.0
 40
3.0
  0
CIRCLE
  5
44C
330
17
100
AcDbEntity
  8
0
100
AcDbCircle
 10
769.1040447801398
 20
854.5782159133403
 30
0.0
 40
3.0
  0
CIRCLE
  5
44D
330
17
100
AcDbEntity
  8
0
100
AcDbCircle
 10
482.7249131476906
 20
742.229873719948
 30
0.0
 40
3.0
  0
CIRCLE
  5
44E
330
17
100
AcDbEntity
  8
0
100
AcDbCircle
 10
804.7252609879032
 20
209.77219056133848
 30
0.0
 40
3.0
  0
CIRCLE
  5
44F
330
17
100
AcDbEntity
  8
0
100
AcDbCircle
 10
222.90131359374186
 20
294.2545663936101
 30
0.0
 40
3.0
  0
CIRCLE
  5
450
330
17
100
AcDbEntity
  8
0
100
AcDbCircle
 10
907.1369650058438
 20
858.2624999649988
 30
0.0
 40
3.0
  0
CIRCLE
  5
451
330
17
100
AcDbEntity
  8
0
100
AcDbCircle
 10
375.0354410796127
 20
749.4075167360774
 30
0.0
 40
3.0
  0
CIRCLE
  5
452
330
17
100
AcDbEntity
  8
0
100
AcDbCircle
 10
991.8149350547933
 20
190.87171641021678
 30
0.0
 40
3.0
  0
CIRCLE
  5
453
330
17
100
AcDbEntity
  8
0
100
AcDbCircle
 10
99.82703505879978
 20
635.9303832852103
 30
0.0
 40
3.0
  0
CIRCLE
  5
454
330
17
100
AcDbEntity
  8
0
100
AcDbCircle
 10
903.7855563140323
 20
243.60815936527644
 30
0.0
 40
3.0
  0
CIRCLE
  5
455
330
17
100
AcDbEntity
  8
0
100
AcDbCircle
 10
607.0180430668413
 20
337.6344485725737
 30
0.0
 40
3.0
  0
CIRCLE
  5
456
330
17
100
AcDbEntity
  8
0
100
AcDbCircle
 10
65.75404846383432
 20
857.5705407075743
 30
0.0
 40
3.0
  0
CIRCLE
  5
457
330
17
100
AcDbEntity
  8
0
100
AcDbCircle
 10
349.33341418949806
 20
36.81277167446593
 30
0.0
 40
3.0
  0
CIRCLE
  5
458
330
17
100
AcDbEntity
  8
0
100
AcDbCircle
 10
991.5618790928635
 20
939.672403623355
 30
0.0
 40
3.0
  0
CIRCLE
  5
459
330
17
100
AcDbEntity
  8
0
100
AcDbCircle
 10
959.90958500174
 20
995.1597836728133
 30
0.0
 40
3.0
  0
CIRCLE
  5
45A
330
17
100
AcDbEntity
  8
0
100
AcDbCircle
 10
440.329241261316
 20
562.8250197426933
 30
0.0
 40
3.0
  0
CIRCLE
  5
45B
330
17
100
AcDbEntity
  8
0
100
AcDbCircle
 10
846.6494217048825
 20
191.20672392146358
 30
0.0
 40
3.0
  0
CIRCLE
  5
45C
330
17
100
AcDbEntity
  8
0
100
AcDbCircle
 10
725.4463500487067
 20
507.5157892972034
 30
0.0
 40
3.0
  0
CIRCLE
  5
45D
330
17
100
AcDbEntity
  8
0
100
AcDbCircle
 10
497.45681431144845
 20
247.2556462022686
 30
0.0
 40
3.0
  0
CIRCLE
  5
45E
330
17
100
AcDbEntity
  8
0
100
AcDbCircle
 10
890.7904732050496
 20
120.13353430661763
 30
0.0
 40
3.0
  0
CIRCLE
  5
45F
330
17
100
AcDbEntity
  8
0
100
AcDbCircle
 10
316.60901482951084
 20
938.2790098944674
 30
0.0
 40
3.0
  0
CIRCLE
  5
460
330
17
100
AcDbEntity
  8
0
100
AcDbCircle
 10
886.231231666411
 20
539.7828557603564
 30
0.0
 40
3.0
  0
CIRCLE
  5
461
330
17
100
AcDbEntity
  8
0
100
AcDbCircle
 10
292.1202746627995
 20
429.12626254157556
 30
0.0
 40
3.0
  0
CIRCLE
  5
462
330
17
100
AcDbEntity
  8
0
100
AcDbCircle
 10
644.6284015022728
 20
709.5409005237262
 30
0.0
 40
3.0
  0
CIRCLE
  5
463
330
17
100
AcDbEntity
  8
0
100
AcDbCircle
 10
277.87330946684585
 20
892.0427929417554
 30
0.0
 40
3.0
  0
CIRCLE
  5
464
330
17
100
AcDbEntity
  8
0
100
AcDbCircle
 10
778.9181192299426
 20
773.7870636311569
 30
0.0
 40
3.0
  0
CIRCLE
  5
465
330
17
100
AcDbEntity
  8
0
100
AcDbCircle
 10
720.7335507092957
 20
822.3467749640304
 30
0.0
 40
3.0
  0
CIRCLE
  5
466
330
17
100
AcDbEntity
  8
0
100
AcDbCircle
 10
960.0911176618844
 20
760.9321224838393
 30
0.0
 40
3.0
  0
CIRCLE
  5
467
330
17
100
AcDbEntity
  8
0
100
AcDbCircle
 10
385.21266583155546
 20
189.8936897591835
 30
0.0
 40
3.0
  0
CIRCLE
  5
468
330
17
100
AcDbEntity
  8
0
100
AcDbCircle
 10
887.3377724041665
 20
6.8570934811029325
 30
0.0
 40
3.0
  0
CIRCLE
  5
469
330
17
100
AcDbEntity
  8
0
100
AcDbCircle
 10
11.618144758143707
 20
498.2462749094316
 30
0.0
 40
3.0
  0
CIRCLE
  5
46A
330
17
100
AcDbEntity
  8
0
100
AcDbCircle
 10
750.137321068444
 20
863.8835345247024
 30
0.0
 40
3.0
  0
CIRCLE
  5
46B
330
17
100
AcDbEntity
  8
0
100
AcDbCircle
 10
776.9859631803469
 20
48.64509614824971
 30
0.0
 40
3.0
  0
CIRCLE
  5
46C
330
17
100
AcDbEntity
  8
0
100
AcDbCircle
 10
599.0590774316918
 20
649.134062020561
 30
0.0
 40
3.0
  0
CIRCLE
  5
46D
330
17
100
AcDbEntity
  8
0
100
AcDbCircle
 10
213.6058561972503
 20
238.5922891326705
 30
0.0
 40
3.0
  0
CIRCLE
  5
46E
330
17
100
AcDbEntity
  8
0
100
AcDbCircle
 10
779.2250204817801
 20
435.73821418609447
 30
0.0
 40
3.0
  0
CIRCLE
  5
46F
330
17
100
AcDbEntity
  8
0
100
AcDbCircle
 10
214.80482985058035
 20
558.1912992386112
 30
0.0
 40
3.0
  0
CIRCLE
  5
470
330
17
100
AcDbEntity
  8
0
100
AcDbCircle
 10
885.7856634715357
 20
823.2747253858889
 30
0.0
 40
3.0
  0
CIRCLE
  5
471
330
17
100
AcDbEntity
  8
0
100
AcDbCircle
 10
115.2096526183831
 20
600.065550510781
 30
0.0
 40
3.0
  0
CIRCLE
  5
472
330
17
100
AcDbEntity
  8
0
100
AcDbCircle
 10
339.0259822224484
 20
978.5081985460134
 30
0.0
 40
3.0
  0
CIRCLE
  5
473
330
17
100
AcDbEntity
  8
0
100
AcDbCircle
 10
193.38528065564046
 20
183.84175793391782
 30
0.0
 40
3.0
  0
CIRCLE
  5
474
330
17
100
AcDbEntity
  8
0
100
AcDbCircle
 10
869.5141871457457
 20
140.81910860622102
 30
0.0
 40
3.0
  0
CIRCLE
  5
475
330
17
100
AcDbEntity
  8
0
100
AcDbCircle
 10
990.8870944215419
 20
302.3920387255128
 30
0.0
 40
3.0
  0
CIRCLE
  5
476
330
17
100
AcDbEntity
  8
0
100
AcDbCircle
 10
713.7914969285309
 20
917.3395596857031
 30
0.0
 40
3.0
  0
CIRCLE
  5
477
330
17
100
AcDbEntity
  8
0
100
AcDbCircle
 10
884.9591384718709
 20
257.61378728992065
 30
0.0
 40
3.0
  0
CIRCLE
  5
478
330
17
100
AcDbEntity
  8
0
100
AcDbCircle
 10
291.4015106815184
 20
493.16090877531656
 30
0.0
 40
3.0
  0
CIRCLE
  5
479
330
17
100
AcDbEntity
  8
0
100
AcDbCircle
 10
960.4122448001127
 20
346.83191430671644
 30
0.0
 40
3.0
  0
CIRCLE
  5
47A
330
17
100
AcDbEntity
  8
0
100
AcDbCircle
 10
750.1499590793721
 20
959.3840653829121
 30
0.0
 40
3.0
  0
CIRCLE
  5
47B
330
17
100
AcDbEntity
  8
0
100
AcDbCircle
 10
743.9270265429429
 20
694.7708007178779
 30
0.0
 40
3.0
  0
CIRCLE
  5
47C
330
17
100
AcDbEntity
  8
0
100
AcDbCircle
 10
537.2303409437719
 20
518.3059870138818
 30
0.0
 40
3.0
  0
CIRCLE
  5
47D
330
17
100
AcDbEntity
  8
0
100
AcDbCircle
 10
803.0693775096194
 20
491.7210539398921
 30
0.0
 40
3.0
  0
CIRCLE
  5
47E
330
17
100
AcDbEntity
  8
0
100
AcDbCircle
 10
4.9062788294451805
 20
283.75149560755904
 30
0.0
 40
3.0
  0
CIRCLE
  5
47F
330
17
100
AcDbEntity
  8
0
100
AcDbCircle
 10
726.5078578588781
 20
937.7226452907006
 30
0.0
 40
3.0
  0
CIRCLE
  5
480
330
17
100
AcDbEntity
  8
0
100
AcDbCircle
 10
29.34716511329807
 20
266.6317707120171
 30
0.0
 40
3.0
  0
CIRCLE
  5
481
330
17
100
AcDbEntity
  8
0
100
AcDbCircle
 10
116.38781458746092
 20
914.2841473545819
 30
0.0
 40
3.0
  0
CIRCLE
  5
482
330
17
100
AcDbEntity
  8
0
100
AcDbCircle
 10
937.3744776795568
 20
604.5751004370197
 30
0.0
 40
3.0
  0
CIRCLE
  5
483
330
17
100
AcDbEntity
  8
0
100
AcDbCircle
 10
78.36878889345543
 20
137.57846141727578
 30
0.0
 40
3.0
  0
CIRCLE
  5
484
330
17
100
AcDbEntity
  8
0
100
AcDbCircle
 10
629.8945163578192
 20
956.0921984516983
 30
0.0
 40
3.0
  0
CIRCLE
  5
485
330
17
100
AcDbEntity
  8
0
100
AcDbCircle
 10
844.9959301179342
 20
818.8371075963562
 30
0.0
 40
3.0
  0
CIRCLE
  5
486
330
17
100
AcDbEntity
  8
0
100
AcDbCircle
 10
194.9263074471422
 20
361.37883041886295
 30
0.0
 40
3.0
  0
CIRCLE
  5
487
330
17
100
AcDbEntity
  8
0
100
AcDbCircle
 10
266.43418819118864
 20
473.88891410031044
 30
0.0
 40
3.0
  0
CIRCLE
  5
488
330
17
100
AcDbEntity
  8
0
100
AcDbCircle
 10
31.652059083893963
 20
840.0210307847751
 30
0.0
 40
3.0
  0
CIRCLE
  5
489
330
17
100
AcDbEntity
  8
0
100
AcDbCircle
 10
136.01318358627066
 20
62.62558440652202
 30
0.0
 40
3.0
  0
CIRCLE
  5
48A
330
17
100
AcDbEntity
  8
0
100
AcDbCircle
 10
723.7511773702694
 20
325.09352929549283
 30
0.0
 40
3.0
  0
CIRCLE
  5
48B
330
17
100
AcDbEntity
  8
0
100
AcDbCircle
 10
479.2334423966047
 20
273.1671711189127
 30
0.0
 40
3.0
  0
CIRCLE
  5
48C
330
17
100
AcDbEntity
  8
0
100
AcDbCircle
 10
587.5973226735116
 20
624.2985147071382
 30
0.0
 40
3.0
  0
CIRCLE
  5
48D
330
17
100
AcDbEntity
  8
0
100
AcDbCircle
 10
14.574157350419007
 20
485.5228694152915
 30
0.0
 40
3.0
  0
CIRCLE
  5
48E
330
17
100
AcDbEntity
  8
0
100
AcDbCircle
 10
721.5212956099557
 20
405.2780256928499
 30
0.0
 40
3.0
  0
CIRCLE
  5
48F
330
17
100
AcDbEntity
  8
0
100
AcDbCircle
 10
57.275323018652394
 20
242.72577724540378
 30
0.0
 40
3.0
  0
CIRCLE
  5
490
330
17
100
AcDbEntity
  8
0
100
AcDbCircle
 10
787.3794904129617
 20
747.7554202112657
 30
0.0
 40
3.0
  0
CIRCLE
  5
491
330
17
100
AcDbEntity
  8
0
100
AcDbCircle
 10
707.8024924735104
 20
817.0660501527826
 30
0.0
 40
3.0
  0
CIRCLE
  5
492
330
17
100
AcDbEntity
  8
0
100
AcDbCircle
 10
359.2913880085696
 20
166.75286458241058
 30
0.0
 40
3.0
  0
CIRCLE
  5
493
330
17
100
AcDbEntity
  8
0
100
AcDbCircle
 10
206.96765334487066
 20
830.2116736527581
 30
0.0
 40
3.0
  0
CIRCLE
  5
494
330
17
100
AcDbEntity
  8
0
100
AcDbCircle
 10
748.8783586782552
 20
350.38288742946077
 30
0.0
 40
3.0
  0
CIRCLE
  5
495
330
17
100
AcDbEntity
  8
0
100
AcDbCircle
 10
113.49004293981622
 20
922.3899320798788
 30
0.0
 40
3.0
  0
CIRCLE
  5
496
330
17
100
AcDbEntity
  8
0
100
AcDbCircle
 10
755.6123084038877
 20
781.6934914938786
 30
0.0
 40
3.0
  0
CIRCLE
  5
497
330
17
100
AcDbEntity
  8
0
100
AcDbCircle
 10
226.44369360201136
 20
95.40209924406199
 30
0.0
 40
3.0
  0
CIRCLE
  5
498
330
17
100
AcDbEntity
  8
0
100
AcDbCircle
 10
688.1209497503435
 20
487.06428238981687
 30
0.0
 40
3.0
  0
CIRCLE
  5
499
330
17
100
AcDbEntity
  8
0
100
AcDbCircle
 10
918.1593991193449
 20
112.92091228918268
 30
0.0
 40
3.0
  0
CIRCLE
  5
49A
330
17
100
AcDbEntity
  8
0
100
AcDbCircle
 10
633.8469825223968
 20
822.9806818315171
 30
0.0
 40
3.0
  0
CIRCLE
  5
49B
330
17
100
AcDbEntity
  8
0
100
AcDbCircle
 10
427.4430397933112
 20
58.44409758758997
 30
0.0
 40
3.0
  0
CIRCLE
  5
49C
330
17
100
AcDbEntity
  8
0
100
AcDbCircle
 10
967.0068828622298
 20
744.932825963851
 30
0.0
 40
3.0
  0
CIRCLE
  5
49D
330
17
100
AcDbEntity
  8
0
100
AcDbCircle
 10
898.2545547277574
 20
17.364433289273894
 30
0.0
 40
3.0
  0
CIRCLE
  5
49E
330
17
100
AcDbEntity
  8
0
100
AcDbCircle
 10
597.0776613683332
 20
797.9699505823017
 30
0.0
 40
3.0
  0
CIRCLE
  5
49F
330
17
100
AcDbEntity
  8
0
100
AcDbCircle
 10
782.6909614174624
 20
711.2372980853299
 30
0.0
 40
3.0
  0
CIRCLE
  5
4A0
330
17
100
AcDbEntity
  8
0
100
AcDbCircle
 10
86.30225514930257
 20
542.6017291460914
 30
0.0
 40
3.0
  0
CIRCLE
  5
4A1
330
17
100
AcDbEntity
  8
0
100
AcDbCircle
 10
598.9437784935714
 20
602.1499558112487
 30
0.0
 40
3.0
  0
CIRCLE
  5
4A2
330
17
100
AcDbEntity
  8
0
100
AcDbCircle
 10
690.4864335241732
 20
209.715290518426
 30
0.0
 40
3.0
  0
CIRCLE
  5
4A3
330
17
100
AcDbEntity
  8
0
100
AcDbCircle
 10
29.61766647228192
 20
741.7176922775743
 30
0.0
 40
3.0
  0
CIRCLE
  5
4A4
330
17
100
AcDbEntity
  8
0
100
AcDbCircle
 10
395.8169838502913
 20
559.496523690852
 30
0.0
 40
3.0
  0
CIRCLE
  5
4A5
330
17
100
AcDbEntity
  8
0
100
AcDbCircle
 10
407.2424805753894
 20
428.76878689561073
 30
0.0
 40
3.0
  0
CIRCLE
  5
4A6
330
17
100
AcDbEntity
  8
0
100
AcDbCircle
 10
267.3467036178068
 20
387.0961804116821
 30
0.0
 40
3.0
  0
CIRCLE
  5
4A7
330
17
100
AcDbEntity
  8
0
100
AcDbCircle
 10
108.95130688522394
 20
163.8912421171993
 30
0.0
 40
3.0
  0
CIRCLE
  5
4A8
330
17
100
AcDbEntity
  8
0
100
AcDbCircle
 10
991.1020694767419
 20
490.82877439447566
 30
0.0
 40
3.0
  0
CIRCLE
  5
4A9
330
17
100
AcDbEntity
  8
0
100
AcDbCircle
 10
695.1000114675376
 20
743.5105816988748
 30
0.0
 40
3.0
  0
CIRCLE
  5
4AA
330
17
100
AcDbEntity
  8
0
100
AcDbCircle
 10
27.360086453077972
 20
74.67166722851148
 30
0.0
 40
3.0
  0
CIRCLE
  5
4AB
330
17
100
AcDbEntity
  8
0
100
AcDbCircle
 10
527.5568646472775
 20
634.8491131576238
 30
0.0
 40
3.0
  0
CIRCLE
  5
4AC
330
17
100
AcDbEntity
  8
0
100
AcDbCircle
 10
788.1250010806931
 20
739.2611998957942
 30
0.0
 40
3.0
  0
CIRCLE
  5
4AD
330
17
100
AcDbEntity
  8
0
100
AcDbCircle
 10
653.8488533712261
 20
822.1113309346323
 30
0.0
 40
3.0
  0
CIRCLE
  5
4AE
330
17
100
AcDbEntity
  8
0
100
AcDbCircle
 10
124.01307617926382
 20
522.3572848995098
 30
0.0
 40
3.0
  0
CIRCLE
  5
4AF
330
17
100
AcDbEntity
  8
0
100
AcDbCircle
 10
805.1757640239307
 20
462.422790955261
 30
0.0
 40
3.0
  0
CIRCLE
  5
4B0
330
17
100
AcDbEntity
  8
0
100
AcDbCircle
 10
643.3497708723805
 20
109.12830452770176
 30
0.0
 40
3.0
  0
CIRCLE
  5
4B1
330
17
100
AcDbEntity
  8
0
100
AcDbCircle
 10
117.40981028993032
 20
50.95114146533843
 30
0.0
 40
3.0
  0
CIRCLE
  5
4B2
330
17
100
AcDbEntity
  8
0
100
AcDbCircle
 10
107.12258500662608
 20
245.2619122524768
 30
0.0
 40
3.0
  0
CIRCLE
  5
4B3
330
17
100
AcDbEntity
  8
0
100
AcDbCircle
 10
104.06015665570281
 20
204.78237440043534
 30
0.0
 40
3.0
  0
CIRCLE
  5
4B4
330
17
100
AcDbEntity
  8
0
100
AcDbCircle
 10
338.46200307282686
 20
132.27208767872105
 30
0.0
 40
3.0
  0
CIRCLE
  5
4B5
330
17
100
AcDbEntity
  8
0
100
AcDbCircle
 10
206.53506660215544
 20
911.6894398359616
 30
0.0
 40
3.0
  0
CIRCLE
  5
4B6
330
17
100
AcDbEntity
  8
0
100
AcDbCircle
 10
994.37705730618
 20
503.5328487163614
 30
0.0
 40
3.0
  0
CIRCLE
  5
4B7
330
17
100
AcDbEntity
  8
0
100
AcDbCircle
 10
625.1316993383026
 20
120.6784957040092
 30
0.0
 40
3.0
  0
CIRCLE
  5
4B8
330
17
100
AcDbEntity
  8
0
100
AcDbCircle
 10
702.6442319434749
 20
191.80265319970573
 30
0.0
 40
3.0
  0
CIRCLE
  5
4B9
330
17
100
AcDbEntity
  8
0
100
AcDbCircle
 10
978.2997219610556
 20
134.12727126988443
 30
0.0
 40
3.0
  0
CIRCLE
  5
4BA
330
17
100
AcDbEntity
  8
0
100
AcDbCircle
 10
99.42842836914535
 20
6.430379097744242
 30
0.0
 40
3.0
  0
CIRCLE
  5
4BB
330
17
100
AcDbEntity
  8
0
100
AcDbCircle
 10
618.231988267137
 20
366.9110820948512
 30
0.0
 40
3.0
  0
CIRCLE
  5
4BC
330
17
100
AcDbEntity
  8
0
100
AcDbCircle
 10
960.4069339920848
 20
740.4137369139366
 30
0.0
 40
3.0
  0
CIRCLE
  5
4BD
330
17
100
AcDbEntity
  8
0
100
AcDbCircle
 10
86.12744877297064
 20
641.9625050443749
 30
0.0
 40
3.0
  0
CIRCLE
  5
4BE
330
17
100
AcDbEntity
  8
0
100
AcDbCircle
 10
32.47149373064196
 20
142.81504943004074
 30
0.0
 40
3.0
  0
CIRCLE
  5
4BF
330
17
100
AcDbEntity
  8
0
100
AcDbCircle
 10
975.6276454170836
 20
827.0238697069879
 30
0.0
 40
3.0
  0
CIRCLE
  5
4C0
330
17
100
AcDbEntity
  8
0
100
AcDbCircle
 10
3.371154746603982
 20
173.91853932744672
 30
0.0
 40
3.0
  0
CIRCLE
  5
4C1
330
17
100
AcDbEntity
  8
0
100
AcDbCircle
 10
289.6132227109955
 20
983.3937505568002
 30
0.0
 40
3.0
  0
CIRCLE
  5
4C2
330
17
100
AcDbEntity
  8
0
100
AcDbCircle
 10
220.0132959700272
 20
100.13364095721494
 30
0.0
 40
3.0
  0
CIRCLE
  5
4C3
330
17
100
AcDbEntity
  8
0
100
AcDbCircle
 10
405.6263726014072
 20
63.53982589850678
 30
0.0
 40
3.0
  0
CIRCLE
  5
4C4
330
17
100
AcDbEntity
  8
0
100
AcDbCircle
 10
883.8265602525571
 20
287.8420831358959
 30
0.0
 40
3.0
  0
CIRCLE
  5
4C5
330
17
100
AcDbEntity
  8
0
100
AcDbCircle
 10
6.280248002521498
 20
974.8087768308509
 30
0.0
 40
3.0
  0
CIRCLE
  5
4C6
330
17
100
AcDbEntity
  8
0
100
AcDbCircle
 10
6.65511896624411
 20
382.0799307835201
 30
0.0
 40
3.0
  0
CIRCLE
  5
4C7
330
17
100
AcDbEntity
  8
0
100
AcDbCircle
 10
666.2809365882973
 20
732.4907423318465
 30
0.0
 40
3.0
  0
CIRCLE
  5
4C8
330
17
100
AcDbEntity
  8
0
100
AcDbCircle
 10
633.6546886866427
 20
924.6023743421842
 30
0.0
 40
3.0
  0
CIRCLE
  5
4C9
330
17
100
AcDbEntity
  8
0
100
AcDbCircle
 10
643.0470974831759
 20
34.76764779934132
 30
0.0
 40
3.0
  0
CIRCLE
  5
4CA
330
17
100
AcDbEntity
  8
0
100
AcDbCircle
 10
361.109428734623
 20
24.478426103223995
 30
0.0
 40
3.0
  0
CIRCLE
  5
4CB
330
17
100
AcDbEntity
  8
0
100
AcDbCircle
 10
346.7796491340892
 20
159.73672276341463
 30
0.0
 40
3.0
  0
CIRCLE
  5
4CC
330
17
100
AcDbEntity
  8
0
100
AcDbCircle
 10
472.27546457154796
 20
189.32734977104826
 30
0.0
 40
3.0
  0
CIRCLE
  5
4CD
330
17
100
AcDbEntity
  8
0
100
AcDbCircle
 10
870.3164902559811
 20
125.43007634770059
 30
0.0
 40
3.0
  0
CIRCLE
  5
4CE
330
17
100
AcDbEntity
  8
0
100
AcDbCircle
 10
3.1193323995233655
 20
788.4704253039598
 30
0.0
 40
3.0
  0
CIRCLE
  5
4CF
330
17
100
AcDbEntity
  8
0
100
AcDbCircle
 10
244.32534995306756
 20
800.4024955921177
 30
0.0
 40
3.0
  0
CIRCLE
  5
4D0
330
17
100
AcDbEntity
  8
0
100
AcDbCircle
 10
123.71934081145855
 20
244.52003631325297
 30
0.0
 40
3.0
  0
CIRCLE
  5
4D1
330
17
100
AcDbEntity
  8
0
100
AcDbCircle
 10
358.5977652191861
 20
517.8302394727682
 30
0.0
 40
3.0
  0
CIRCLE
  5
4D2
330
17
100
AcDbEntity
  8
0
100
AcDbCircle
 10
808.0649347946213
 20
833.4285721490871
 30
0.0
 40
3.0
  0
CIRCLE
  5
4D3
330
17
100
AcDbEntity
  8
0
100
AcDbCircle
 10
64.57603437428976
 20
471.8733277420593
 30
0.0
 40
3.0
  0
CIRCLE
  5
4D4
330
17
100
AcDbEntity
  8
0
100
AcDbCircle
 10
539.191883747614
 20
906.9423966613841
 30
0.0
 40
3.0
  0
CIRCLE
  5
4D5
330
17
100
AcDbEntity
  8
0
100
AcDbCircle
 10
27.23901304354241
 20
197.44643480430736
 30
0.0
 40
3.0
  0
CIRCLE
  5
4D6
330
17
100
AcDbEntity
  8
0
100
AcDbCircle
 10
65.19542554722564
 20
327.9587145356393
 30
0.0
 40
3.0
  0
CIRCLE
  5
4D7
330
17
100
AcDbEntity
  8
0
100
AcDbCircle
 10
720.6747580139051
 20
39.29801555726126
 30
0.0
 40
3.0
  0
CIRCLE
  5
4D8
330
17
100
AcDbEntity
  8
0
100
AcDbCircle
 10
600.58144362323
 20
134.26137344795941
 30
0.0
 40
3.0
  0
CIRCLE
  5
4D9
330
17
100
AcDbEntity
  8
0
100
AcDbCircle
 10
21.023154491259902
 20
621.9570421630821
 30
0.0
 40
3.0
  0
CIRCLE
  5
4DA
330
17
100
AcDbEntity
  8
0
100
AcDbCircle
 10
128.70764787996447
 20
177.22190481719136
 30
0.0
 40
3.0
  0
CIRCLE
  5
4DB
330
17
100
AcDbEntity
  8
0
100
AcDbCircle
 10
722.7328102340108
 20
180.25807468604307
 30
0.0
 40
3.0
  0
CIRCLE
  5
4DC
330
17
100
AcDbEntity
  8
0
100
AcDbCircle
 10
228.56507651574208
 20
252.5576632670678
 30
0.0
 40
3.0
  0
CIRCLE
  5
4DD
330
17
100
AcDbEntity
  8
0
100
AcDbCircle
 10
91.0694858128505
 20
600.1278192722403
 30
0.0
 40
3.0
  0
CIRCLE
  5
4DE
330
17
100
AcDbEntity
  8
0
100
AcDbCircle
 10
8.444377654290715
 20
595.7728462342291
 30
0.0
 40
3.0
  0
CIRCLE
  5
4DF
330
17
100
AcDbEntity
  8
0
100
AcDbCircle
 10
340.2965525995996
 20
972.2434722861799
 30
0.0
 40
3.0
  0
CIRCLE
  5
4E0
330
17
100
AcDbEntity
  8
0
100
AcDbCircle
 10
254.28082505223
 20
787.3787118840844
 30
0.0
 40
3.0
  0
CIRCLE
  5
4E1
330
17
100
AcDbEntity
  8
0
100
AcDbCircle
 10
585.6363522148605
 20
7.645797166536024
 30
0.0
 40
3.0
  0
CIRCLE
  5
4E2
330
17
100
AcDbEntity
  8
0
100
AcDbCircle
 10
607.6444218457079
 20
126.47264405864597
 30
0.0
 40
3.0
  0
CIRCLE
  5
4E3
330
17
100
AcDbEntity
  8
0
100
AcDbCircle
 10
766.1775824879064
 20
598.1043989738987
 30
0.0
 40
3.0
  0
CIRCLE
  5
4E4
330
17
100
AcDbEntity
  8
0
100
AcDbCircle
 10
911.1237514344689
 20
415.02048600140137
 30
0.0
 40
3.0
  0
CIRCLE
  5
4E5
330
17
100
AcDbEntity
  8
0
100
AcDbCircle
 10
362.35221236797906
 20
364.8124743907855
 30
0.0
 40
3.0
  0
CIRCLE
  5
4E6
330
17
100
AcDbEntity
  8
0
100
AcDbCircle
 10
171.49375583016277
 20
622.0218401927399
 30
0.0
 40
3.0
  0
CIRCLE
  5
4E7
330
17
100
AcDbEntity
  8
0
100
AcDbCircle
 10
542.9724658635005
 20
414.02878262570886
 30
0.0
 40
3.0
  0
CIRCLE
  5
4E8
330
17
100
AcDbEntity
  8
0
100
AcDbCircle
 10
706.8879463905145
 20
394.23040587374146
 30
0.0
 40
3.0
  0
CIRCLE
  5
4E9
330
17
100
AcDbEntity
  8
0
100
AcDbCircle
 10
698.4090664244583
 20
306.55938365412646
 30
0.0
 40
3.0
  0
CIRCLE
  5
4EA
330
17
100
AcDbEntity
  8
0
100
AcDbCircle
 10
976.9735180733538
 20
365.1055674368511
 30
0.0
 40
3.0
  0
CIRCLE
  5
4EB
330
17
100
AcDbEntity
  8
0
100
AcDbCircle
 10
48.913541350716265
 20
77.31738659854803
 30
0.0
 40
3.0
  0
CIRCLE
  5
4EC
330
17
100
AcDbEntity
  8
0
100
AcDbCircle
 10
768.3936268716614
 20
619.7937677201616
 30
0.0
 40
3.0
  0
CIRCLE
  5
4ED
330
17
100
AcDbEntity
  8
0
100
AcDbCircle
 10
252.48959132054193
 20
709.5509009712255
 30
0.0
 40
3.0
  0
CIRCLE
  5
4EE
330
17
100
AcDbEntity
  8
0
100
AcDbCircle
 10
143.06269578979922
 20
636.7568321222099
 30
0.0
 40
3.0
  0
CIRCLE
  5
4EF
330
17
100
AcDbEntity
  8
0
100
AcDbCircle
 10
759.4836408221693
 20
428.29893980503067
 30
0.0
 40
3.0
  0
CIRCLE
  5
4F0
330
17
100
AcDbEntity
  8
0
100
AcDbCircle
 10
934.0896799731465
 20
206.9741895846061
 30
0.0
 40
3.0
  0
CIRCLE
  5
4F1
330
17
100
AcDbEntity
  8
0
100
AcDbCircle
 10
343.3606714437587
 20
668.7380383569475
 30
0.0
 40
3.0
  0
CIRCLE
  5
4F2
330
17
100
AcDbEntity
  8
0
100
AcDbCircle
 10
390.40874464378123
 20
536.833168274317
 30
0.0
 40
3.0
  0
CIRCLE
  5
4F3
330
17
100
AcDbEntity
  8
0
100
AcDbCircle
 10
829.8582300810947
 20
663.759743790388
 30
0.0
 40
3.0
  0
CIRCLE
  5
4F4
330
17
100
AcDbEntity
  8
0
100
AcDbCircle
 10
977.4564456584311
 20
163.04048203212417
 30
0.0
 40
3.0
  0
CIRCLE
  5
4F5
330
17
100
AcDbEntity
  8
0
100
AcDbCircle
 10
709.536632311203
 20
505.62053691511295
 30
0.0
 40
3.0
  0
CIRCLE
  5
4F6
330
17
100
AcDbEntity
  8
0
100
AcDbCircle
 10
439.85815480434394
 20
366.3454976212285
 30
0.0
 40
3.0
  0
CIRCLE
  5
4F7
330
17
100
AcDbEntity
  8
0
100
AcDbCircle
 10
31.029400195195723
 20
314.8704757328568
 30
0.0
 40
3.0
  0
CIRCLE
  5
4F8
330
17
100
AcDbEntity
  8
0
100
AcDbCircle
 10
906.5001073773507
 20
736.6217520286081
 30
0.0
 40
3.0
  0
CIRCLE
  5
4F9
330
17
100
AcDbEntity
  8
0
100
AcDbCircle
 10
468.937495221634
 20
26.21248419447361
 30
0.0
 40
3.0
  0
CIRCLE
  5
4FA
330
17
100
AcDbEntity
  8
0
100
AcDbCircle
 10
143.8287986361707
 20
733.9591391549493
 30
0.0
 40
3.0
  0
CIRCLE
  5
4FB
330
17
100
AcDbEntity
  8
0
100
AcDbCircle
 10
436.25295183810164
 20
12.10028200148869
 30
0.0
 40
3.0
  0
CIRCLE
  5
4FC
330
17
100
AcDbEntity
  8
0
100
AcDbCircle
 10
738.5486081088528
 20
5.44966134978265
 30
0.0
 40
3.0
  0
CIRCLE
  5
4FD
330
17
100
AcDbEntity
  8
0
100
AcDbCircle
 10
464.37413042243753
 20
615.1503696115815
 30
0.0
 40
3.0
  0
CIRCLE
  5
4FE
330
17
100
AcDbEntity
  8
0
100
AcDbCircle
 10
74.97173904288144
 20
527.0023959097354
 30
0.0
 40
3.0
  0
CIRCLE
  5
4FF
330
17
100
AcDbEntity
  8
0
100
AcDbCircle
 10
786.9114001408475
 20
107.57415324044176
 30
0.0
 40
3.0
  0
CIRCLE
  5
500
330
17
100
AcDbEntity
  8
0
100
AcDbCircle
 10
665.215737485274
 20
249.94373652427961
 30
0.0
 40
3.0
  0
CIRCLE
  5
501
330
17
100
AcDbEntity
  8
0
100
AcDbCircle
 10
620.9354144297891
 20
244.87535351714564
 30
0.0
 40
3.0
  0
CIRCLE
  5
502
330
17
100
AcDbEntity
  8
0
100
AcDbCircle
 10
633.099506466903
 20
441.8075272450808
 30
0.0
 40
3.0
  0
CIRCLE
  5
503
330
17
100
AcDbEntity
  8
0
100
AcDbCircle
 10
288.87798619556423
 20
904.9462776346986
 30
0.0
 40
3.0
  0
CIRCLE
  5
504
330
17
100
AcDbEntity
  8
0
100
AcDbCircle
 10
890.4188504589616
 20
406.8398465121395
 30
0.0
 40
3.0
  0
CIRCLE
  5
505
330
17
100
AcDbEntity
  8
0
100
AcDbCircle
 10
929.4208256313391
 20
111.4088641310124
 30
0.0
 40
3.0
  0
CIRCLE
  5
506
330
17
100
AcDbEntity
  8
0
100
AcDbCircle
 10
609.110463383588
 20
219.76930676353993
 30
0.0
 40
3.0
  0
CIRCLE
  5
507
330
17
100
AcDbEntity
  8
0
100
AcDbCircle
 10
75.59792553197333
 20
724.9480981587196
 30
0.0
 40
3.0
  0
CIRCLE
  5
508
330
17
100
AcDbEntity
  8
0
100
AcDbCircle
 10
364.2923839580661
 20
4.078661998940287
 30
0.0
 40
3.0
  0
CIRCLE
  5
509
330
17
100
AcDbEntity
  8
0
100
AcDbCircle
 10
227.94667299902082
 20
734.8261807686657
 30
0.0
 40
3.0
  0
CIRCLE
  5
50A
330
17
100
AcDbEntity
  8
0
100
AcDbCircle
 10
429.3509502451322
 20
672.9870810751023
 30
0.0
 40
3.0
  0
CIRCLE
  5
50B
330
17
100
AcDbEntity
  8
0
100
AcDbCircle
 10
292.90629033561015
 20
542.3555967249401
 30
0.0
 40
3.0
  0
CIRCLE
  5
50C
330
17
100
AcDbEntity
  8
0
100
AcDbCircle
 10
830.2744985344104
 20
392.08689810223717
 30
0.0
 40
3.0
  0
CIRCLE
  5
50D
330
17
100
AcDbEntity
  8
0
100
AcDbCircle
 10
927.6475551080242
 20
627.7986914279654
 30
0.0
 40
3.0
  0
CIRCLE
  5
50E
330
17
100
AcDbEntity
  8
0
100
AcDbCircle
 10
517.8823874521103
 20
833.395084185574
 30
0.0
 40
3.0
  0
CIRCLE
  5
50F
330
17
100
AcDbEntity
  8
0
100
AcDbCircle
 10
281.66182497538256
 20
460.04692146896366
 30
0.0
 40
3.0
  0
CIRCLE
  5
510
330
17
100
AcDbEntity
  8
0
100
AcDbCircle
 10
817.6822748783428
 20
359.1786812923185
 30
0.0
 40
3.0
  0
CIRCLE
  5
511
330
17
100
AcDbEntity
  8
0
100
AcDbCircle
 10
912.8158827005475
 20
208.44639394511725
 30
0.0
 40
3.0
  0
CIRCLE
  5
512
330
17
100
AcDbEntity
  8
0
100
AcDbCircle
 10
519.6597414597521
 20
634.7810367431475
 30
0.0
 40
3.0
  0
CIRCLE
  5
513
330
17
100
AcDbEntity
  8
0
100
AcDbCircle
 10
726.4864436079804
 20
33.223632668853185
 30
0.0
 40
3.0
  0
CIRCLE
  5
514
330
17
100
AcDbEntity
  8
0
100
AcDbCircle
 10
630.773597392776
 20
241.60886330249926
 30
0.0
 40
3.0
  0
CIRCLE
  5
515
330
17
100
AcDbEntity
  8
0
100
AcDbCircle
 10
124.12229427245859
 20
509.7284695665982
 30
0.0
 40
3.0
  0
CIRCLE
  5
516
330
17
100
AcDbEntity
  8
0
100
AcDbCircle
 10
67.53330662415094
 20
975.3094033149325
 30
0.0
 40
3.0
  0
CIRCLE
  5
517
330
17
100
AcDbEntity
  8
0
100
AcDbCircle
 10
962.1661579537557
 20
56.646331356666835
 30
0.0
 40
3.0
  0
CIRCLE
  5
518
330
17
100
AcDbEntity
  8
0
100
AcDbCircle
 10
691.308678168
 20
824.8287724411865
 30
0.0
 40
3.0
  0
CIRCLE
  5
519
330
17
100
AcDbEntity
  8
0
100
AcDbCircle
 10
576.1264212845135
 20
554.0265408015564
 30
0.0
 40
3.0
  0
CIRCLE
  5
51A
330
17
100
AcDbEntity
  8
0
100
AcDbCircle
 10
375.2222032674271
 20
186.00188252632415
 30
0.0
 40
3.0
  0
CIRCLE
  5
51B
330
17
100
AcDbEntity
  8
0
100
AcDbCircle
 10
733.9957707030132
 20
30.019001393233168
 30
0.0
 40
3.0
  0
CIRCLE
  5
51C
330
17
100
AcDbEntity
  8
0
100
AcDbCircle
 10
865.0616807147921
 20
929.1699968917185
 30
0.0
 40
3.0
  0
CIRCLE
  5
51D
330
17
100
AcDbEntity
  8
0
100
AcDbCircle
 10
343.03310908873186
 20
784.7796841558268
 30
0.0
 40
3.0
  0
CIRCLE
  5
51E
330
17
100
AcDbEntity
  8
0
100
AcDbCircle
 10
759.7345485642213
 20
268.0258102456252
 30
0.0
 40
3.0
  0
CIRCLE
  5
51F
330
17
100
AcDbEntity
  8
0
100
AcDbCircle
 10
568.014228306742
 20
522.6251259845804
 30
0.0
 40
3.0
  0
CIRCLE
  5
520
330
17
100
AcDbEntity
  8
0
100
AcDbCircle
 10
974.6013709729925
 20
215.84406445290438
 30
0.0
 40
3.0
  0
CIRCLE
  5
521
330
17
100
AcDbEntity
  8
0
100
AcDbCircle
 10
670.0485421489429
 20
904.2389326753952
 30
0.0
 40
3.0
  0
CIRCLE
  5
522
330
17
100
AcDbEntity
  8
0
100
AcDbCircle
 10
665.8627281977622
 20
890.1091086504958
 30
0.0
 40
3.0
  0
CIRCLE
  5
523
330
17
100
AcDbEntity
  8
0
100
AcDbCircle
 10
742.2116145141509
 20
385.864590348531
 30
0.0
 40
3.0
  0
CIRCLE
  5
524
330
17
100
AcDbEntity
  8
0
100
AcDbCircle
 10
513.9058426779758
 20
288.74507960721854
 30
0.0
 40
3.0
  0
CIRCLE
  5
525
330
17
100
AcDbEntity
  8
0
100
AcDbCircle
 10
867.9077055268557
 20
777.626544809159
 30
0.0
 40
3.0
  0
CIRCLE
  5
526
330
17
100
AcDbEntity
  8
0
100
AcDbCircle
 10
362.834193408629
 20
869.6338700558425
 30
0.0
 40
3.0
  0
CIRCLE
  5
527
330
17
100
AcDbEntity
  8
0
100
AcDbCircle
 10
875.2329831372899
 20
347.8812795314731
 30
0.0
 40
3.0
  0
CIRCLE
  5
528
330
17
100
AcDbEntity
  8
0
100
AcDbCircle
 10
958.7956320596087
 20
607.3350097023088
 30
0.0
 40
3.0
  0
CIRCLE
  5
529
330
17
100
AcDbEntity
  8
0
100
AcDbCircle
 10
227.44246266214412
 20
483.95773354686673
 30
0.0
 40
3.0
  0
CIRCLE
  5
52A
330
17
100
AcDbEntity
  8
0
100
AcDbCircle
 10
390.7247859999018
 20
745.7718461530739
 30
0.0
 40
3.0
  0
CIRCLE
  5
52B
330
17
100
AcDbEntity
  8
0
100
AcDbCircle
 10
850.6592184345898
 20
370.9935760893011
 30
0.0
 40
3.0
  0
CIRCLE
  5
52C
330
17
100
AcDbEntity
  8
0
100
AcDbCircle
 10
160.0962863415072
 20
106.62623763931894
 30
0.0
 40
3.0
  0
CIRCLE
  5
52D
330
17
100
AcDbEntity
  8
0
100
AcDbCircle
 10
50.90015675208049
 20
308.6253930800033
 30
0.0
 40
3.0
  0
CIRCLE
  5
52E
330
17
100
AcDbEntity
  8
0
100
AcDbCircle
 10
741.9890675762109
 20
914.6720189472486
 30
0.0
 40
3.0
  0
CIRCLE
  5
52F
330
17
100
AcDbEntity
  8
0
100
AcDbCircle
 10
316.80152380005654
 20
826.588965203416
 30
0.0
 40
3.0
  0
CIRCLE
  5
530
330
17
100
AcDbEntity
  8
0
100
AcDbCircle
 10
740.0610184645038
 20
590.9439399639789
 30
0.0
 40
3.0
  0
CIRCLE
  5
531
330
17
100
AcDbEntity
  8
0
100
AcDbCircle
 10
33.12561984596439
 20
484.30336238549086
 30
0.0
 40
3.0
  0
CIRCLE
  5
532
330
17
100
AcDbEntity
  8
0
100
AcDbCircle
 10
362.2848240082856
 20
717.6953671272892
 30
0.0
 40
3.0
  0
CIRCLE
  5
533
330
17
100
AcDbEntity
  8
0
100
AcDbCircle
 10
447.93282310107804
 20
986.974343115516
 30
0.0
 40
3.0
  0
CIRCLE
  5
534
330
17
100
AcDbEntity
  8
0
100
AcDbCircle
 10
876.3581066761644
 20
749.0772043155097
 30
0.0
 40
3.0
  0
CIRCLE
  5
535
330
17
100
AcDbEntity
  8
0
100
AcDbCircle
 10
938.8641285240329
 20
929.5709475053947
 30
0.0
 40
3.0
  0
CIRCLE
  5
536
330
17
100
AcDbEntity
  8
0
100
AcDbCircle
 10
144.51226547180713
 20
314.935971092241
 30
0.0
 40
3.0
  0
CIRCLE
  5
537
330
17
100
AcDbEntity
  8
0
100
AcDbCircle
 10
66.94437430976468
 20
26.910740714527474
 30
0.0
 40
3.0
  0
CIRCLE
  5
538
330
17
100
AcDbEntity
  8
0
100
AcDbCircle
 10
263.223473027667
 20
737.6366111687163
 30
0.0
 40
3.0
  0
CIRCLE
  5
539
330
17
100
AcDbEntity
  8
0
100
AcDbCircle
 10
239.06621523929638
 20
629.4387845057967
 30
0.0
 40
3.0
  0
CIRCLE
  5
53A
330
17
100
AcDbEntity
  8
0
100
AcDbCircle
 10
798.5739976319309
 20
865.4471906706705
 30
0.0
 40
3.0
  0
CIRCLE
  5
53B
330
17
100
AcDbEntity
  8
0
100
AcDbCircle
 10
238.1392802429429
 20
299.1856060094471
 30
0.0
 40
3.0
  0
CIRCLE
  5
53C
330
17
100
AcDbEntity
  8
0
100
AcDbCircle
 10
185.69042350087435
 20
964.9156321884228
 30
0.0
 40
3.0
  0
CIRCLE
  5
53D
330
17
100
AcDbEntity
  8
0
100
AcDbCircle
 10
636.0321652497291
 20
416.16549670534937
 30
0.0
 40
3.0
  0
CIRCLE
  5
53E
330
17
100
AcDbEntity
  8
0
100
AcDbCircle
 10
173.22637609271098
 20
113.14783558011311
 30
0.0
 40
3.0
  0
CIRCLE
  5
53F
330
17
100
AcDbEntity
  8
0
100
AcDbCircle
 10
116.42724208237937
 20
965.0787550856859
 30
0.0
 40
3.0
  0
CIRCLE
  5
540
330
17
100
AcDbEntity
  8
0
100
AcDbCircle
 10
256.26208120176375
 20
701.736061363466
 30
0.0
 40
3.0
  0
CIRCLE
  5
541
330
17
100
AcDbEntity
  8
0
100
AcDbCircle
 10
433.136414134693
 20
786.9820827640684
 30
0.0
 40
3.0
  0
CIRCLE
  5
542
330
17
100
AcDbEntity
  8
0
100
AcDbCircle
 10
183.82526382137453
 20
435.6745966605266
 30
0.0
 40
3.0
  0
CIRCLE
  5
543
330
17
100
AcDbEntity
  8
0
100
AcDbCircle
 10
884.8042136774455
 20
238.64673795743556
 30
0.0
 40
3.0
  0
CIRCLE
  5
544
330
17
100
AcDbEntity
  8
0
100
AcDbCircle
 10
35.484545422489724
 20
620.5602565782324
 30
0.0
 40
3.0
  0
CIRCLE
  5
545
330
17
100
AcDbEntity
  8
0
100
AcDbCircle
 10
814.579951657981
 20
364.89613429206224
 30
0.0
 40
3.0
  0
CIRCLE
  5
546
330
17
100
AcDbEntity
  8
0
100
AcDbCircle
 10
3.000638785685446
 20
649.5713532201222
 30
0.0
 40
3.0
  0
CIRCLE
  5
547
330
17
100
AcDbEntity
  8
0
100
AcDbCircle
 10
967.5166872394127
 20
65.00170129771959
 30
0.0
 40
3.0
  0
CIRCLE
  5
548
330
17
100
AcDbEntity
  8
0
100
AcDbCircle
 10
202.24547760520522
 20
510.79572122566316
 30
0.0
 40
3.0
  0
CIRCLE
  5
549
330
17
100
AcDbEntity
  8
0
100
AcDbCircle
 10
718.2296239166748
 20
929.6520236975115
 30
0.0
 40
3.0
  0
CIRCLE
  5
54A
330
17
100
AcDbEntity
  8
0
100
AcDbCircle
 10
638.6236812221035
 20
445.05434123888347
 30
0.0
 40
3.0
  0
CIRCLE
  5
54B
330
17
100
AcDbEntity
  8
0
100
AcDbCircle
 10
671.7674170606173
 20
282.95721075468174
 30
0.0
 40
3.0
  0
CIRCLE
  5
54C
330
17
100
AcDbEntity
  8
0
100
AcDbCircle
 10
806.7445658046731
 20
364.247746531473
 30
0.0
 40
3.0
  0
CIRCLE
  5
54D
330
17
100
AcDbEntity
  8
0
100
AcDbCircle
 10
463.5881742427141
 20
20.881292159924584
 30
0.0
 40
3.0
  0
CIRCLE
  5
54E
330
17
100
AcDbEntity
  8
0
100
AcDbCircle
 10
748.7927729750705
 20
587.9345782939117
 30
0.0
 40
3.0
  0
CIRCLE
  5
54F
330
17
100
AcDbEntity
  8
0
100
AcDbCircle
 10
667.400871320396
 20
725.4018782717674
 30
0.0
 40
3.0
  0
CIRCLE
  5
550
330
17
100
AcDbEntity
  8
0
100
AcDbCircle
 10
495.4571168776954
 20
320.530461292516
 30
0.0
 40
3.0
  0
CIRCLE
  5
551
330
17
100
AcDbEntity
  8
0
100
AcDbCircle
 10
800.3233871676376
 20
632.3277548366316
 30
0.0
 40
3.0
  0
CIRCLE
  5
552
330
17
100
AcDbEntity
  8
0
100
AcDbCircle
 10
993.0797099995209
 20
119.556385334634
 30
0.0
 40
3.0
  0
CIRCLE
  5
553
330
17
100
AcDbEntity
  8
0
100
AcDbCircle
 10
292.62986862596694
 20
614.2326137219319
 30
0.0
 40
3.0
  0
CIRCLE
  5
554
330
17
100
AcDbEntity
  8
0
100
AcDbCircle
 10
188.38435167989627
 20
11.028734886436954
 30
0.0
 40
3.0
  0
CIRCLE
  5
555
330
17
100
AcDbEntity
  8
0
100
AcDbCircle
 10
380.8958712825165
 20
149.740563298978
 30
0.0
 40
3.0
  0
CIRCLE
  5
556
330
17
100
AcDbEntity
  8
0
100
AcDbCircle
 10
479.4593324479345
 20
882.9670443208852
 30
0.0
 40
3.0
  0
CIRCLE
  5
557
330
17
100
AcDbEntity
  8
0
100
AcDbCircle
 10
822.9682971944706
 20
349.1724491540159
 30
0.0
 40
3.0
  0
CIRCLE
  5
558
330
17
100
AcDbEntity
  8
0
100
AcDbCircle
 10
859.6833158759396
 20
338.2223148536781
 30
0.0
 40
3.0
  0
CIRCLE
  5
559
330
17
100
AcDbEntity
  8
0
100
AcDbCircle
 10
968.5753755809341
 20
987.4215122100056
 30
0.0
 40
3.0
  0
CIRCLE
  5
55A
330
17
100
AcDbEntity
  8
0
100
AcDbCircle
 10
128.36639418188724
 20
202.56340347029212
 30
0.0
 40
3.0
  0
CIRCLE
  5
55B
330
17
100
AcDbEntity
  8
0
100
AcDbCircle
 10
794.6064546856724
 20
396.5837101656794
 30
0.0
 40
3.0
  0
CIRCLE
  5
55C
330
17
100
AcDbEntity
  8
0
100
AcDbCircle
 10
714.3808313906786
 20
349.6941196166669
 30
0.0
 40
3.0
  0
CIRCLE
  5
55D
330
17
100
AcDbEntity
  8
0
100
AcDbCircle
 10
938.274293677924
 20
944.7989482114634
 30
0.0
 40
3.0
  0
CIRCLE
  5
55E
330
17
100
AcDbEntity
  8
0
100
AcDbCircle
 10
649.1923331460117
 20
142.64403064617645
 30
0.0
 40
3.0
  0
CIRCLE
  5
55F
330
17
100
AcDbEntity
  8
0
100
AcDbCircle
 10
355.9340181402943
 20
704.453958479564
 30
0.0
 40
3.0
  0
CIRCLE
  5
560
330
17
100
AcDbEntity
  8
0
100
AcDbCircle
 10
589.8291154145638
 20
36.5720893776675
 30
0.0
 40
3.0
  0
CIRCLE
  5
561
330
17
100
AcDbEntity
  8
0
100
AcDbCircle
 10
984.5699522327478
 20
267.0246501721386
 30
0.0
 40
3.0
  0
CIRCLE
  5
562
330
17
100
AcDbEntity
  8
0
100
AcDbCircle
 10
626.9196651134707
 20
548.9064145434122
 30
0.0
 40
3.0
  0
CIRCLE
  5
563
330
17
100
AcDbEntity
  8
0
100
AcDbCircle
 10
917.2410639059669
 20
503.82727049629534
 30
0.0
 40
3.0
  0
CIRCLE
  5
564
330
17
100
AcDbEntity
  8
0
100
AcDbCircle
 10
959.0616783787881
 20
748.3149591392132
 30
0.0
 40
3.0
  0
CIRCLE
  5
565
330
17
100
AcDbEntity
  8
0
100
AcDbCircle
 10
148.9830767459227
 20
156.40330159944313
 30
0.0
 40
3.0
  0
CIRCLE
  5
566
330
17
100
AcDbEntity
  8
0
100
AcDbCircle
 10
116.37682229121386
 20
231.15333462765452
 30
0.0
 40
3.0
  0
CIRCLE
  5
567
330
17
100
AcDbEntity
  8
0
100
AcDbCircle
 10
640.0010029588224
 20
395.14539915790914
 30
0.0
 40
3.0
  0
CIRCLE
  5
568
330
17
100
AcDbEntity
  8
0
100
AcDbCircle
 10
303.3180696982814
 20
561.833369765317
 30
0.0
 40
3.0
  0
CIRCLE
  5
569
330
17
100
AcDbEntity
  8
0
100
AcDbCircle
 10
507.7595636446922
 20
736.4616358508449
 30
0.0
 40
3.0
  0
CIRCLE
  5
56A
330
17
100
AcDbEntity
  8
0
100
AcDbCircle
 10
386.0739294237781
 20
49.76131475980831
 30
0.0
 40
3.0
  0
CIRCLE
  5
56B
330
17
100
AcDbEntity
  8
0
100
AcDbCircle
 10
902.341040218849
 20
516.2851266678832
 30
0.0
 40
3.0
  0
CIRCLE
  5
56C
330
17
100
AcDbEntity
  8
0
100
AcDbCircle
 10
446.1632237441411
 20
34.73488775616386
 30
0.0
 40
3.0
  0
CIRCLE
  5
56D
330
17
100
AcDbEntity
  8
0
100
AcDbCircle
 10
336.8672762235035
 20
787.3404885636817
 30
0.0
 40
3.0
  0
CIRCLE
  5
56E
330
17
100
AcDbEntity
  8
0
100
AcDbCircle
 10
798.2916914400716
 20
107.63542325567751
 30
0.0
 40
3.0
  0
CIRCLE
  5
56F
330
17
100
AcDbEntity
  8
0
100
AcDbCircle
 10
37.453598278983094
 20
518.5044813914957
 30
0.0
 40
3.0
  0
CIRCLE
  5
570
330
17
100
AcDbEntity
  8
0
100
AcDbCircle
 10
641.9316552495046
 20
306.4295063575742
 30
0.0
 40
3.0
  0
CIRCLE
  5
571
330
17
100
AcDbEntity
  8
0
100
AcDbCircle
 10
901.6129640227223
 20
726.5114923572863
 30
0.0
 40
3.0
  0
CIRCLE
  5
572
330
17
100
AcDbEntity
  8
0
100
AcDbCircle
 10
532.915815312118
 20
111.14494822658489
 30
0.0
 40
3.0
  0
CIRCLE
  5
573
330
17
100
AcDbEntity
  8
0
100
AcDbCircle
 10
344.34750803666856
 20
122.01847825699849
 30
0.0
 40
3.0
  0
CIRCLE
  5
574
330
17
100
AcDbEntity
  8
0
100
AcDbCircle
 10
942.404127958251
 20
326.90023385903635
 30
0.0
 40
3.0
  0
CIRCLE
  5
575
330
17
100
AcDbEntity
  8
0
100
AcDbCircle
 10
215.43805377607993
 20
976.2994007635318
 30
0.0
 40
3.0
  0
CIRCLE
  5
576
330
17
100
AcDbEntity
  8
0
100
AcDbCircle
 10
190.93723236991082
 20
117.81390476076245
 30
0.0
 40
3.0
  0
CIRCLE
  5
577
330
17
100
AcDbEntity
  8
0
100
AcDbCircle
 10
941.0778828198377
 20
33.132334571835344
 30
0.0
 40
3.0
  0
CIRCLE
  5
578
330
17
100
AcDbEntity
  8
0
100
AcDbCircle
 10
983.9577282837183
 20
124.70217842741236
 30
0.0
 40
3.0
  0
CIRCLE
  5
579
330
17
100
AcDbEntity
  8
0
100
AcDbCircle
 10
705.6329785791185
 20
367.7486066601875
 30
0.0
 40
3.0
  0
CIRCLE
  5
57A
330
17
100
AcDbEntity
  8
0
100
AcDbCircle
 10
899.2459798512714
 20
28.38215199458531
 30
0.0
 40
3.0
  0
CIRCLE
  5
57B
330
17
100
AcDbEntity
  8
0
100
AcDbCircle
 10
335.1747182716212
 20
632.17122081445
 30
0.0
 40
3.0
  0
CIRCLE
  5
57C
330
17
100
AcDbEntity
  8
0
100
AcDbCircle
 10
180.84357943970136
 20
142.74542149728583
 30
0.0
 40
3.0
  0
CIRCLE
  5
57D
330
17
100
AcDbEntity
  8
0
100
AcDbCircle
 10
402.9164677974525
 20
988.1150741271915
 30
0.0
 40
3.0
  0
CIRCLE
  5
57E
330
17
100
AcDbEntity
  8
0
100
AcDbCircle
 10
477.67302414218125
 20
780.5065623288019
 30
0.0
 40
3.0
  0
CIRCLE
  5
57F
330
17
100
AcDbEntity
  8
0
100
AcDbCircle
 10
523.3532114716126
 20
751.2047313996645
 30
0.0
 40
3.0
  0
CIRCLE
  5
580
330
17
100
AcDbEntity
  8
0
100
AcDbCircle
 10
996.6688120861915
 20
696.842282283181
 30
0.0
 40
3.0
  0
CIRCLE
  5
581
330
17
100
AcDbEntity
  8
0
100
AcDbCircle
 10
422.19846863898084
 20
956.0627981777542
 30
0.0
 40
3.0
  0
CIRCLE
  5
582
330
17
100
AcDbEntity
  8
0
100
AcDbCircle
 10
830.3519309599831
 20
652.726026200184
 30
0.0
 40
3.0
  0
CIRCLE
  5
583
330
17
100
AcDbEntity
  8
0
100
AcDbCircle
 10
196.24329526317752
 20
857.6920097382165
 30
0.0
 40
3.0
  0
CIRCLE
  5
584
330
17
100
AcDbEntity
  8
0
100
AcDbCircle
 10
652.4223812275657
 20
831.2854093845275
 30
0.0
 40
3.0
  0
CIRCLE
  5
585
330
17
100
AcDbEntity
  8
0
100
AcDbCircle
 10
879.2862831894942
 20
500.9046284448808
 30
0.0
 40
3.0
  0
CIRCLE
  5
586
330
17
100
AcDbEntity
  8
0
100
AcDbCircle
 10
149.03374281947063
 20
232.64846476955498
 30
0.0
 40
3.0
  0
CIRCLE
  5
587
330
17
100
AcDbEntity
  8
0
100
AcDbCircle
 10
809.1529670727645
 20
193.61036633552666
 30
0.0
 40
3.0
  0
CIRCLE
  5
588
330
17
100
AcDbEntity
  8
0
100
AcDbCircle
 10
976.4487623969793
 20
303.50348396415745
 30
0.0
 40
3.0
  0
CIRCLE
  5
589
330
17
100
AcDbEntity
  8
0
100
AcDbCircle
 10
379.8509124582957
 20
342.4092430646899
 30
0.0
 40
3.0
  0
CIRCLE
  5
58A
330
17
100
AcDbEntity
  8
0
100
AcDbCircle
 10
917.7837870741629
 20
4.71264319306502
 30
0.0
 40
3.0
  0
CIRCLE
  5
58B
330
17
100
AcDbEntity
  8
0
100
AcDbCircle
 10
520.1152026332257
 20
915.9766522806748
 30
0.0
 40
3.0
  0
CIRCLE
  5
58C
330
17
100
AcDbEntity
  8
0
100
AcDbCircle
 10
664.5766035909784
 20
582.7834152651884
 30
0.0
 40
3.0
  0
CIRCLE
  5
58D
330
17
100
AcDbEntity
  8
0
100
AcDbCircle
 10
35.133121104519496
 20
970.10720205712
 30
0.0
 40
3.0
  0
CIRCLE
  5
58E
330
17
100
AcDbEntity
  8
0
100
AcDbCircle
 10
512.674934153445
 20
740.9979986633931
 30
0.0
 40
3.0
  0
CIRCLE
  5
58F
330
17
100
AcDbEntity
  8
0
100
AcDbCircle
 10
242.50102288614917
 20
223.57854740031743
 30
0.0
 40
3.0
  0
CIRCLE
  5
590
330
17
100
AcDbEntity
  8
0
100
AcDbCircle
 10
438.8080159520842
 20
969.0117590227954
 30
0.0
 40
3.0
  0
CIRCLE
  5
591
330
17
100
AcDbEntity
  8
0
100
AcDbCircle
 10
857.6299107473372
 20
94.90306850868213
 30
0.0
 40
3.0
  0
CIRCLE
  5
592
330
17
100
AcDbEntity
  8
0
100
AcDbCircle
 10
278.81638593006556
 20
52.489537193237496
 30
0.0
 40
3.0
  0
CIRCLE
  5
593
330
17
100
AcDbEntity
  8
0
100
AcDbCircle
 10
991.088246258423
 20
393.4419910384274
 30
0.0
 40
3.0
  0
CIRCLE
  5
594
330
17
100
AcDbEntity
  8
0
100
AcDbCircle
 10
363.6941529164154
 20
686.3720240469038
 30
0.0
 40
3.0
  0
CIRCLE
  5
595
330
17
100
AcDbEntity
  8
0
100
AcDbCircle
 10
158.94253021979407
 20
137.01465992203242
 30
0.0
 40
3.0
  0
CIRCLE
  5
596
330
17
100
AcDbEntity
  8
0
100
AcDbCircle
 10
857.7093663592756
 20
37.29943651285873
 30
0.0
 40
3.0
  0
CIRCLE
  5
597
330
17
100
AcDbEntity
  8
0
100
AcDbCircle
 10
208.063681777783
 20
307.3952254106394
 30
0.0
 40
3.0
  0
CIRCLE
  5
598
330
17
100
AcDbEntity
  8
0
100
AcDbCircle
 10
81.74166454501231
 20
648.2132836191843
 30
0.0
 40
3.0
  0
CIRCLE
  5
599
330
17
100
AcDbEntity
  8
0
100
AcDbCircle
 10
962.2620830799436
 20
729.6592991110614
 30
0.0
 40
3.0
  0
CIRCLE
  5
59A
330
17
100
AcDbEntity
  8
0
100
AcDbCircle
 10
504.2290298853018
 20
795.285866442193
 30
0.0
 40
3.0
  0
CIRCLE
  5
59B
330
17
100
AcDbEntity
  8
0
100
AcDbCircle
 10
284.04359929771067
 20
964.5240371915085
 30
0.0
 40
3.0
  0
CIRCLE
  5
59C
330
17
100
AcDbEntity
  8
0
100
AcDbCircle
 10
657.4157202393254
 20
422.163769414135
 30
0.0
 40
3.0
  0
CIRCLE
  5
59D
330
17
100
AcDbEntity
  8
0
100
AcDbCircle
 10
159.0711189314607
 20
99.50849948871289
 30
0.0
 40
3.0
  0
CIRCLE
  5
59E
330
17
100
AcDbEntity
  8
0
100
AcDbCircle
 10
733.2726185095471
 20
498.0954198392076
 30
0.0
 40
3.0
  0
CIRCLE
  5
59F
330
17
100
AcDbEntity
  8
0
100
AcDbCircle
 10
724.4400433633009
 20
97.91926428622232
 30
0.0
 40
3.0
  0
CIRCLE
  5
5A0
330
17
100
AcDbEntity
  8
0
100
AcDbCircle
 10
947.9548413728869
 20
337.93245427449466
 30
0.0
 40
3.0
  0
CIRCLE
  5
5A1
330
17
100
AcDbEntity
  8
0
100
AcDbCircle
 10
766.1340448052617
 20
258.5492494793643
 30
0.0
 40
3.0
  0
CIRCLE
  5
5A2
330
17
100
AcDbEntity
  8
0
100
AcDbCircle
 10
804.5209527164504
 20
669.2967120948914
 30
0.0
 40
3.0
  0
CIRCLE
  5
5A3
330
17
100
AcDbEntity
  8
0
100
AcDbCircle
 10
676.1467185445625
 20
476.61558731179105
 30
0.0
 40
3.0
  0
CIRCLE
  5
5A4
330
17
100
AcDbEntity
  8
0
100
AcDbCircle
 10
640.1750166674368
 20
430.05294471824845
 30
0.0
 40
3.0
  0
CIRCLE
  5
5A5
330
17
100
AcDbEntity
  8
0
100
AcDbCircle
 10
182.13501768446446
 20
495.7339110541825
 30
0.0
 40
3.0
  0
CIRCLE
  5
5A6
330
17
100
AcDbEntity
  8
0
100
AcDbCircle
 10
527.8249151034343
 20
97.59327191968505
 30
0.0
 40
3.0
  0
CIRCLE
  5
5A7
330
17
100
AcDbEntity
  8
0
100
AcDbCircle
 10
100.69986330420943
 20
986.6432581451381
 30
0.0
 40
3.0
  0
CIRCLE
  5
5A8
330
17
100
AcDbEntity
  8
0
100
AcDbCircle
 10
10.03224145152574
 20
654.4278344353734
 30
0.0
 40
3.0
  0
CIRCLE
  5
5A9
330
17
100
AcDbEntity
  8
0
100
AcDbCircle
 10
963.1694398543046
 20
76.14357900856295
 30
0.0
 40
3.0
  0
CIRCLE
  5
5AA
330
17
100
AcDbEntity
  8
0
100
AcDbCircle
 10
972.1542523653205
 20
753.2345763404236
 30
0.0
 40
3.0
  0
CIRCLE
  5
5AB
330
17
100
AcDbEntity
  8
0
100
AcDbCircle
 10
562.0412253423924
 20
411.1810666373895
 30
0.0
 40
3.0
  0
CIRCLE
  5
5AC
330
17
100
AcDbEntity
  8
0
100
AcDbCircle
 10
602.5443000697484
 20
402.33368565170025
 30
0.0
 40
3.0
  0
CIRCLE
  5
5AD
330
17
100
AcDbEntity
  8
0
100
AcDbCircle
 10
787.9630256333298
 20
119.60390687640022
 30
0.0
 40
3.0
  0
CIRCLE
  5
5AE
330
17
100
AcDbEntity
  8
0
100
AcDbCircle
 10
5.218245300702807
 20
858.3376366479919
 30
0.0
 40
3.0
  0
CIRCLE
  5
5AF
330
17
100
AcDbEntity
  8
0
100
AcDbCircle
 10
736.7008500614414
 20
84.57362773976622
 30
0.0
 40
3.0
  0
CIRCLE
  5
5B0
330
17
100
AcDbEntity
  8
0
100
AcDbCircle
 10
352.0678555194917
 20
473.9349732025553
 30
0.0
 40
3.0
  0
CIRCLE
  5
5B1
330
17
100
AcDbEntity
  8
0
100
AcDbCircle
 10
589.1084692441189
 20
293.8384002887735
 30
0.0
 40
3.0
  0
CIRCLE
  5
5B2
330
17
100
AcDbEntity
  8
0
100
AcDbCircle
 10
125.71621536427358
 20
562.9246006862745
 30
0.0
 40
3.0
  0
CIRCLE
  5
5B3
330
17
100
AcDbEntity
  8
0
100
AcDbCircle
 10
19.79690093682772
 20
30.43558663771683
 30
0.0
 40
3.0
  0
CIRCLE
  5
5B4
330
17
100
AcDbEntity
  8
0
100
AcDbCircle
 10
794.8270180742811
 20
710.042537366846
 30
0.0
 40
3.0
  0
CIRCLE
  5
5B5
330
17
100
AcDbEntity
  8
0
100
AcDbCircle
 10
333.62379138223895
 20
125.42712612997745
 30
0.0
 40
3.0
  0
CIRCLE
  5
5B6
330
17
100
AcDbEntity
  8
0
100
AcDbCircle
 10
835.8266090869225
 20
28.566489639887806
 30
0.0
 40
3.0
  0
CIRCLE
  5
5B7
330
17
100
AcDbEntity
  8
0
100
AcDbCircle
 10
407.12472572485393
 20
882.2586279804938
 30
0.0
 40
3.0
  0
CIRCLE
  5
5B8
330
17
100
AcDbEntity
  8
0
100
AcDbCircle
 10
377.36431113406826
 20
250.93769425409164
 30
0.0
 40
3.0
  0
CIRCLE
  5
5B9
330
17
100
AcDbEntity
  8
0
100
AcDbCircle
 10
738.7095208263617
 20
818.5811472794558
 30
0.0
 40
3.0
  0
CIRCLE
  5
5BA
330
17
100
AcDbEntity
  8
0
100
AcDbCircle
 10
717.2030643208966
 20
323.3546923743104
 30
0.0
 40
3.0
  0
CIRCLE
  5
5BB
330
17
100
AcDbEntity
  8
0
100
AcDbCircle
 10
825.5977255854757
 20
401.6464887835681
 30
0.0
 40
3.0
  0
CIRCLE
  5
5BC
330
17
100
AcDbEntity
  8
0
100
AcDbCircle
 10
434.0689297678864
 20
866.0608012521242
 30
0.0
 40
3.0
  0
CIRCLE
  5
5BD
330
17
100
AcDbEntity
  8
0
100
AcDbCircle
 10
258.9866502050164
 20
770.5061712624611
 30
0.0
 40
3.0
  0
CIRCLE
  5
5BE
330
17
100
AcDbEntity
  8
0
100
AcDbCircle
 10
102.63987746608683
 20
549.8301694808227
 30
0.0
 40
3.0
  0
CIRCLE
  5
5BF
330
17
100
AcDbEntity
  8
0
100
AcDbCircle
 10
99.57588870652539
 20
716.5603767084374
 30
0.0
 40
3.0
  0
CIRCLE
  5
5C0
330
17
100
AcDbEntity
  8
0
100
AcDbCircle
 10
282.07239306794537
 20
608.7450854237201
 30
0.0
 40
3.0
  0
CIRCLE
  5
5C1
330
17
100
AcDbEntity
  8
0
100
AcDbCircle
 10
606.53835685925
 20
444.5868674350226
 30
0.0
 40
3.0
  0
CIRCLE
  5
5C2
330
17
100
AcDbEntity
  8
0
100
AcDbCircle
 10
891.5836570171815
 20
630.5725879968306
 30
0.0
 40
3.0
  0
CIRCLE
  5
5C3
330
17
100
AcDbEntity
  8
0
100
AcDbCircle
 10
337.2095637285269
 20
506.7006236981161
 30
0.0
 40
3.0
  0
CIRCLE
  5
5C4
330
17
100
AcDbEntity
  8
0
100
AcDbCircle
 10
630.8508837807254
 20
729.0514138802904
 30
0.0
 40
3.0
  0
CIRCLE
  5
5C5
330
17
100
AcDbEntity
  8
0
100
AcDbCircle
 10
534.7724980514446
 20
919.5476917553806
 30
0.0
 40
3.0
  0
CIRCLE
  5
5C6
330
17
100
AcDbEntity
  8
0
100
AcDbCircle
 10
708.9825579577877
 20
773.2719459647063
 30
0.0
 40
3.0
  0
CIRCLE
  5
5C7
330
17
100
AcDbEntity
  8
0
100
AcDbCircle
 10
664.3240493810931
 20
256.451477296988
 30
0.0
 40
3.0
  0
CIRCLE
  5
5C8
330
17
100
AcDbEntity
  8
0
100
AcDbCircle
 10
182.7029418932232
 20
895.2235712663193
 30
0.0
 40
3.0
  0
CIRCLE
  5
5C9
330
17
100
AcDbEntity
  8
0
100
AcDbCircle
 10
105.61096382024934
 20
153.78684006685023
 30
0.0
 40
3.0
  0
CIRCLE
  5
5CA
330
17
100
AcDbEntity
  8
0
100
AcDbCircle
 10
606.2790220024606
 20
435.2060047660046
 30
0.0
 40
3.0
  0
CIRCLE
  5
5CB
330
17
100
AcDbEntity
  8
0
100
AcDbCircle
 10
190.48574891254015
 20
500.1119975333611
 30
0.0
 40
3.0
  0
CIRCLE
  5
5CC
330
17
100
AcDbEntity
  8
0
100
AcDbCircle
 10
291.65994686634656
 20
139.21451967130213
 30
0.0
 40
3.0
  0
CIRCLE
  5
5CD
330
17
100
AcDbEntity
  8
0
100
AcDbCircle
 10
448.11868363354483
 20
780.1944038667344
 30
0.0
 40
3.0
  0
CIRCLE
  5
5CE
330
17
100
AcDbEntity
  8
0
100
AcDbCircle
 10
436.1566937391552
 20
30.46396288347026
 30
0.0
 40
3.0
  0
CIRCLE
  5
5CF
330
17
100
AcDbEntity
  8
0
100
AcDbCircle
 10
446.4827189914152
 20
366.3754209290452
 30
0.0
 40
3.0
  0
CIRCLE
  5
5D0
330
17
100
AcDbEntity
  8
0
100
AcDbCircle
 10
300.4404144231847
 20
348.40833137065545
 30
0.0
 40
3.0
  0
CIRCLE
  5
5D1
330
17
100
AcDbEntity
  8
0
100
AcDbCircle
 10
57.77283688608338
 20
344.0380451467505
 30
0.0
 40
3.0
  0
CIRCLE
  5
5D2
330
17
100
AcDbEntity
  8
0
100
AcDbCircle
 10
193.2185660828264
 20
175.19793503835922
 30
0.0
 40
3.0
  0
CIRCLE
  5
5D3
330
17
100
AcDbEntity
  8
0
100
AcDbCircle
 10
274.78120987507697
 20
176.2595740378599
 30
0.0
 40
3.0
  0
CIRCLE
  5
5D4
330
17
100
AcDbEntity
  8
0
100
AcDbCircle
 10
601.9517444187364
 20
167.32902997913118
 30
0.0
 40
3.0
  0
CIRCLE
  5
5D5
330
17
100
AcDbEntity
  8
0
100
AcDbCircle
 10
427.7620114514544
 20
546.230614259455
 30
0.0
 40
3.0
  0
CIRCLE
  5
5D6
330
17
100
AcDbEntity
  8
0
100
AcDbCircle
 10
210.57808145753538
 20
989.4422208458269
 30
0.0
 40
3.0
  0
CIRCLE
  5
5D7
330
17
100
AcDbEntity
  8
0
100
AcDbCircle
 10
704.9584507026893
 20
75.80636813297039
 30
0.0
 40
3.0
  0
CIRCLE
  5
5D8
330
17
100
AcDbEntity
  8
0
100
AcDbCircle
 10
308.9507999192516
 20
889.8778149649407
 30
0.0
 40
3.0
  0
CIRCLE
  5
5D9
330
17
100
AcDbEntity
  8
0
100
AcDbCircle
 10
521.7593132391079
 20
989.9023912114653
 30
0.0
 40
3.0
  0
CIRCLE
  5
5DA
330
17
100
AcDbEntity
  8
0
100
AcDbCircle
 10
108.82877622147991
 20
350.6261362321362
 30
0.0
 40
3.0
  0
CIRCLE
  5
5DB
330
17
100
AcDbEntity
  8
0
100
AcDbCircle
 10
274.8952167273747
 20
226.91285331697765
 30
0.0
 40
3.0
  0
CIRCLE
  5
5DC
330
17
100
AcDbEntity
  8
0
100
AcDbCircle
 10
766.4949093014676
 20
821.4578008129407
 30
0.0
 40
3.0
  0
CIRCLE
  5
5DD
330
17
100
AcDbEntity
  8
0
100
AcDbCircle
 10
872.0351539602229
 20
971.6402325633715
 30
0.0
 40
3.0
  0
CIRCLE
  5
5DE
330
17
100
AcDbEntity
  8
0
100
AcDbCircle
 10
582.4643604560807
 20
555.3852649483845
 30
0.0
 40
3.0
  0
CIRCLE
  5
5DF
330
17
100
AcDbEntity
  8
0
100
AcDbCircle
 10
390.62120042101805
 20
179.57093639958873
 30
0.0
 40
3.0
  0
CIRCLE
  5
5E0
330
17
100
AcDbEntity
  8
0
100
AcDbCircle
 10
739.2880482211998
 20
74.64278846901364
 30
0.0
 40
3.0
  0
CIRCLE
  5
5E1
330
17
100
AcDbEntity
  8
0
100
AcDbCircle
 10
697.1963533917201
 20
411.66014173830933
 30
0.0
 40
3.0
  0
CIRCLE
  5
5E2
330
17
100
AcDbEntity
  8
0
100
AcDbCircle
 10
987.7714054804932
 20
954.657395792304
 30
0.0
 40
3.0
  0
CIRCLE
  5
5E3
330
17
100
AcDbEntity
  8
0
100
AcDbCircle
 10
964.7775462772187
 20
393.1162976529665
 30
0.0
 40
3.0
  0
CIRCLE
  5
5E4
330
17
100
AcDbEntity
  8
0
100
AcDbCircle
 10
486.44511087889583
 20
343.0011236352424
 30
0.0
 40
3.0
  0
CIRCLE
  5
5E5
330
17
100
AcDbEntity
  8
0
100
AcDbCircle
 10
797.5259400255748
 20
626.496290489596
 30
0.0
 40
3.0
  0
CIRCLE
  5
5E6
330
17
100
AcDbEntity
  8
0
100
AcDbCircle
 10
19.484666170177274
 20
358.06828993594155
 30
0.0
 40
3.0
  0
CIRCLE
  5
5E7
330
17
100
AcDbEntity
  8
0
100
AcDbCircle
 10
573.985261006574
 20
821.0275553732009
 30
0.0
 40
3.0
  0
CIRCLE
  5
5E8
330
17
100
AcDbEntity
  8
0
100
AcDbCircle
 10
89.84900145155625
 20
961.6606700453652
 30
0.0
 40
3.0
  0
CIRCLE
  5
5E9
330
17
100
AcDbEntity
  8
0
100
AcDbCircle
 10
970.2504571722172
 20
790.6548773537806
 30
0.0
 40
3.0
  0
CIRCLE
  5
5EA
330
17
100
AcDbEntity
  8
0
100
AcDbCircle
 10
302.74029617918444
 20
432.6531556804416
 30
0.0
 40
3.0
  0
CIRCLE
  5
5EB
330
17
100
AcDbEntity
  8
0
100
AcDbCircle
 10
960.963863080938
 20
711.6219144243705
 30
0.0
 40
3.0
  0
CIRCLE
  5
5EC
330
17
100
AcDbEntity
  8
0
100
AcDbCircle
 10
437.94868202824335
 20
741.2239727779283
 30
0.0
 40
3.0
  0
CIRCLE
  5
5ED
330
17
100
AcDbEntity
  8
0
100
AcDbCircle
 10
285.04515329400124
 20
911.2936680405626
 30
0.0
 40
3.0
  0
CIRCLE
  5
5EE
330
17
100
AcDbEntity
  8
0
100
AcDbCircle
 10
261.64925718130223
 20
227.53383479528108
 30
0.0
 40
3.0
  0
CIRCLE
  5
5EF
330
17
100
AcDbEntity
  8
0
100
AcDbCircle
 10
987.5473585719938
 20
865.2568555095224
 30
0.0
 40
3.0
  0
CIRCLE
  5
5F0
330
17
100
AcDbEntity
  8
0
100
AcDbCircle
 10
614.8656395724354
 20
490.148477610221
 30
0.0
 40
3.0
  0
CIRCLE
  5
5F1
330
17
100
AcDbEntity
  8
0
100
AcDbCircle
 10
852.2726805985832
 20
814.491686133175
 30
0.0
 40
3.0
  0
CIRCLE
  5
5F2
330
17
100
AcDbEntity
  8
0
100
AcDbCircle
 10
831.0939145388661
 20
349.3768585812224
 30
0.0
 40
3.0
  0
CIRCLE
  5
5F3
330
17
100
AcDbEntity
  8
0
100
AcDbCircle
 10
323.6998900640212
 20
881.4796079659465
 30
0.0
 40
3.0
  0
CIRCLE
  5
5F4
330
17
100
AcDbEntity
  8
0
100
AcDbCircle
 10
890.2497289330737
 20
741.0559143527009
 30
0.0
 40
3.0
  0
CIRCLE
  5
5F5
330
17
100
AcDbEntity
  8
0
100
AcDbCircle
 10
727.0276544104921
 20
151.83367447423885
 30
0.0
 40
3.0
  0
CIRCLE
  5
5F6
330
17
100
AcDbEntity
  8
0
100
AcDbCircle
 10
659.5763431731201
 20
824.6737746257785
 30
0.0
 40
3.0
  0
CIRCLE
  5
5F7
330
17
100
AcDbEntity
  8
0
100
AcDbCircle
 10
788.5961922394223
 20
280.2160669608311
 30
0.0
 40
3.0
  0
CIRCLE
  5
5F8
330
17
100
AcDbEntity
  8
0
100
AcDbCircle
 10
672.9999088371967
 20
732.791169655107
 30
0.0
 40
3.0
  0
CIRCLE
  5
5F9
330
17
100
AcDbEntity
  8
0
100
AcDbCircle
 10
892.105564412773
 20
413.780680533073
 30
0.0
 40
3.0
  0
CIRCLE
  5
5FA
330
17
100
AcDbEntity
  8
0
100
AcDbCircle
 10
529.1062835775589
 20
314.83667429120663
 30
0.0
 40
3.0
  0
CIRCLE
  5
5FB
330
17
100
AcDbEntity
  8
0
100
AcDbCircle
 10
840.3299200754749
 20
806.3027833844515
 30
0.0
 40
3.0
  0
CIRCLE
  5
5FC
330
17
100
AcDbEntity
  8
0
100
AcDbCircle
 10
717.0980156081833
 20
502.50320326540964
 30
0.0
 40
3.0
  0
CIRCLE
  5
5FD
330
17
100
AcDbEntity
  8
0
100
AcDbCircle
 10
27.74658158060454
 20
436.248699504303
 30
0.0
 40
3.0
  0
CIRCLE
  5
5FE
330
17
100
AcDbEntity
  8
0
100
AcDbCircle
 10
930.2037152881011
 20
944.2174590250911
 30
0.0
 40
3.0
  0
CIRCLE
  5
5FF
330
17
100
AcDbEntity
  8
0
100
AcDbCircle
 10
3.638769113184844
 20
89.53999419021703
 30
0.0
 40
3.0
  0
CIRCLE
  5
600
330
17
100
AcDbEntity
  8
0
100
AcDbCircle
 10
417.21203120398604
 20
56.06727849774899
 30
0.0
 40
3.0
  0
CIRCLE
  5
601
330
17
100
AcDbEntity
  8
0
100
AcDbCircle
 10
510.16466891032854
 20
775.9844490852485
 30
0.0
 40
3.0
  0
CIRCLE
  5
602
330
17
100
AcDbEntity
  8
0
100
AcDbCircle
 10
973.2705723217526
 20
534.3033819809277
 30
0.0
 40
3.0
  0
CIRCLE
  5
603
330
17
100
AcDbEntity
  8
0
100
AcDbCircle
 10
323.2501973412979
 20
631.5518742578809
 30
0.0
 40
3.0
  0
CIRCLE
  5
604
330
17
100
AcDbEntity
  8
0
100
AcDbCircle
 10
878.9714275834397
 20
585.1097238101006
 30
0.0
 40
3.0
  0
CIRCLE
  5
605
330
17
100
AcDbEntity
  8
0
100
AcDbCircle
 10
303.9849995131404
 20
568.6144108166081
 30
0.0
 40
3.0
  0
CIRCLE
  5
606
330
17
100
AcDbEntity
  8
0
100
AcDbCircle
 10
422.787777954564
 20
839.1544121873546
 30
0.0
 40
3.0
  0
CIRCLE
  5
607
330
17
100
AcDbEntity
  8
0
100
AcDbCircle
 10
870.9041712668477
 20
637.9003196639836
 30
0.0
 40
3.0
  0
CIRCLE
  5
608
330
17
100
AcDbEntity
  8
0
100
AcDbCircle
 10
913.8792344480166
 20
218.6787605797698
 30
0.0
 40
3.0
  0
CIRCLE
  5
609
330
17
100
AcDbEntity
  8
0
100
AcDbCircle
 10
572.7358953359566
 20
156.46309855133654
 30
0.0
 40
3.0
  0
CIRCLE
  5
60A
330
17
100
AcDbEntity
  8
0
100
AcDbCircle
 10
995.2949758902129
 20
223.9659199821765
 30
0.0
 40
3.0
  0
CIRCLE
  5
60B
330
17
100
AcDbEntity
  8
0
100
AcDbCircle
 10
159.01162031097815
 20
311.56697803129674
 30
0.0
 40
3.0
  0
CIRCLE
  5
60C
330
17
100
AcDbEntity
  8
0
100
AcDbCircle
 10
119.12505664834137
 20
532.596329655956
 30
0.0
 40
3.0
  0
CIRCLE
  5
60D
330
17
100
AcDbEntity
  8
0
100
AcDbCircle
 10
672.5684796542961
 20
162.27058628963573
 30
0.0
 40
3.0
  0
CIRCLE
  5
60E
330
17
100
AcDbEntity
  8
0
100
AcDbCircle
 10
647.908027290843
 20
303.39869431893464
 30
0.0
 40
3.0
  0
CIRCLE
  5
60F
330
17
100
AcDbEntity
  8
0
100
AcDbCircle
 10
996.5141380162455
 20
389.8821115556468
 30
0.0
 40
3.0
  0
CIRCLE
  5
610
330
17
100
AcDbEntity
  8
0
100
AcDbCircle
 10
749.105920130555
 20
161.73078329572573
 30
0.0
 40
3.0
  0
CIRCLE
  5
611
330
17
100
AcDbEntity
  8
0
100
AcDbCircle
 10
338.0959584329927
 20
872.9538907492449
 30
0.0
 40
3.0
  0
CIRCLE
  5
612
330
17
100
AcDbEntity
  8
0
100
AcDbCircle
 10
478.18148400464355
 20
727.9176016702588
 30
0.0
 40
3.0
  0
CIRCLE
  5
613
330
17
100
AcDbEntity
  8
0
100
AcDbCircle
 10
570.027978402613
 20
302.46257978251947
 30
0.0
 40
3.0
  0
CIRCLE
  5
614
330
17
100
AcDbEntity
  8
0
100
AcDbCircle
 10
191.85402245435105
 20
426.41787450834926
 30
0.0
 40
3.0
  0
CIRCLE
  5
615
330
17
100
AcDbEntity
  8
0
100
AcDbCircle
 10
274.53314707856003
 20
135.5150339294065
 30
0.0
 40
3.0
  0
CIRCLE
  5
616
330
17
100
AcDbEntity
  8
0
100
AcDbCircle
 10
967.2925094361726
 20
511.74458657846486
 30
0.0
 40
3.0
  0
CIRCLE
  5
617
330
17
100
AcDbEntity
  8
0
100
AcDbCircle
 10
110.99419410851218
 20
992.085678058399
 30
0.0
 40
3.0
  0
CIRCLE
  5
618
330
17
100
AcDbEntity
  8
0
100
AcDbCircle
 10
151.69329303779463
 20
992.3344530633478
 30
0.0
 40
3.0
  0
CIRCLE
  5
619
330
17
100
AcDbEntity
  8
0
100
AcDbCircle
 10
760.2850842227175
 20
7.430470224744758
 30
0.0
 40
3.0
  0
CIRCLE
  5
61A
330
17
100
AcDbEntity
  8
0
100
AcDbCircle
 10
199.6548653001294
 20
632.8220750898914
 30
0.0
 40
3.0
  0
CIRCLE
  5
61B
330
17
100
AcDbEntity
  8
0
100
AcDbCircle
 10
890.4165810800865
 20
476.79836694589557
 30
0.0
 40
3.0
  0
CIRCLE
  5
61C
330
17
100
AcDbEntity
  8
0
100
AcDbCircle
 10
200.1409183425808
 20
124.28593490483071
 30
0.0
 40
3.0
  0
CIRCLE
  5
61D
330
17
100
AcDbEntity
  8
0
100
AcDbCircle
 10
190.17188550876674
 20
861.4838831623783
 30
0.0
 40
3.0
  0
CIRCLE
  5
61E
330
17
100
AcDbEntity
  8
0
100
AcDbCircle
 10
231.57277690289953
 20
100.78331100641505
 30
0.0
 40
3.0
  0
CIRCLE
  5
61F
330
17
100
AcDbEntity
  8
0
100
AcDbCircle
 10
393.00977131869
 20
8.291419503143864
 30
0.0
 40
3.0
  0
CIRCLE
  5
620
330
17
100
AcDbEntity
  8
0
100
AcDbCircle
 10
696.8732076677001
 20
988.8160980372121
 30
0.0
 40
3.0
  0
CIRCLE
  5
621
330
17
100
AcDbEntity
  8
0
100
AcDbCircle
 10
288.0952134796054
 20
439.2021208874319
 30
0.0
 40
3.0
  0
CIRCLE
  5
622
330
17
100
AcDbEntity
  8
0
100
AcDbCircle
 10
629.6849297771199
 20
12.4927841189991
 30
0.0
 40
3.0
  0
CIRCLE
  5
623
330
17
100
AcDbEntity
  8
0
100
AcDbCircle
 10
598.9521025482503
 20
395.4067603335974
 30
0.0
 40
3.0
  0
CIRCLE
  5
624
330
17
100
AcDbEntity
  8
0
100
AcDbCircle
 10
404.0532049080625
 20
713.5525778468085
 30
0.0
 40
3.0
  0
CIRCLE
  5
625
330
17
100
AcDbEntity
  8
0
100
AcDbCircle
 10
684.4003408835383
 20
686.9623080022121
 30
0.0
 40
3.0
  0
CIRCLE
  5
626
330
17
100
AcDbEntity
  8
0
100
AcDbCircle
 10
602.480417001843
 20
807.5578836908236
 30
0.0
 40
3.0
  0
CIRCLE
  5
627
330
17
100
AcDbEntity
  8
0
100
AcDbCircle
 10
279.84154990438446
 20
142.89813524129673
 30
0.0
 40
3.0
  0
CIRCLE
  5
628
330
17
100
AcDbEntity
  8
0
100
AcDbCircle
 10
974.5179824508584
 20
994.924934529763
 30
0.0
 40
3.0
  0
CIRCLE
  5
629
330
17
100
AcDbEntity
  8
0
100
AcDbCircle
 10
976.2441890880447
 20
584.702609748211
 30
0.0
 40
3.0
  0
CIRCLE
  5
62A
330
17
100
AcDbEntity
  8
0
100
AcDbCircle
 10
370.56203019122256
 20
235.50155348717365
 30
0.0
 40
3.0
  0
CIRCLE
  5
62B
330
17
100
AcDbEntity
  8
0
100
AcDbCircle
 10
765.3510223147416
 20
783.2627744676541
 30
0.0
 40
3.0
  0
CIRCLE
  5
62C
330
17
100
AcDbEntity
  8
0
100
AcDbCircle
 10
282.9850886242893
 20
335.5470323023684
 30
0.0
 40
3.0
  0
CIRCLE
  5
62D
330
17
100
AcDbEntity
  8
0
100
AcDbCircle
 10
535.462840168243
 20
656.3647936716937
 30
0.0
 40
3.0
  0
CIRCLE
  5
62E
330
17
100
AcDbEntity
  8
0
100
AcDbCircle
 10
201.86331194543615
 20
408.88260261686906
 30
0.0
 40
3.0
  0
CIRCLE
  5
62F
330
17
100
AcDbEntity
  8
0
100
AcDbCircle
 10
198.83359082030069
 20
474.16485019326467
 30
0.0
 40
3.0
  0
CIRCLE
  5
630
330
17
100
AcDbEntity
  8
0
100
AcDbCircle
 10
942.8618916118835
 20
319.69830945196406
 30
0.0
 40
3.0
  0
CIRCLE
  5
631
330
17
100
AcDbEntity
  8
0
100
AcDbCircle
 10
434.86418217265015
 20
957.0246838681753
 30
0.0
 40
3.0
  0
CIRCLE
  5
632
330
17
100
AcDbEntity
  8
0
100
AcDbCircle
 10
880.9732809944946
 20
223.41147492591037
 30
0.0
 40
3.0
  0
CIRCLE
  5
633
330
17
100
AcDbEntity
  8
0
100
AcDbCircle
 10
480.19657843882544
 20
189.86023464565537
 30
0.0
 40
3.0
  0
CIRCLE
  5
634
330
17
100
AcDbEntity
  8
0
100
AcDbCircle
 10
870.917438068886
 20
6.42935803721231
 30
0.0
 40
3.0
  0
CIRCLE
  5
635
330
17
100
AcDbEntity
  8
0
100
AcDbCircle
 10
101.49712815392346
 20
857.0495893880401
 30
0.0
 40
3.0
  0
CIRCLE
  5
636
330
17
100
AcDbEntity
  8
0
100
AcDbCircle
 10
38.6567819828674
 20
529.3902780754066
 30
0.0
 40
3.0
  0
CIRCLE
  5
637
330
17
100
AcDbEntity
  8
0
100
AcDbCircle
 10
112.17565393875059
 20
534.8123620163574
 30
0.0
 40
3.0
  0
CIRCLE
  5
638
330
17
100
AcDbEntity
  8
0
100
AcDbCircle
 10
562.5564878314158
 20
4.300220646474431
 30
0.0
 40
3.0
  0
CIRCLE
  5
639
330
17
100
AcDbEntity
  8
0
100
AcDbCircle
 10
63.589886361939
 20
123.07464422692162
 30
0.0
 40
3.0
  0
CIRCLE
  5
63A
330
17
100
AcDbEntity
  8
0
100
AcDbCircle
 10
474.49871577673224
 20
977.593293280493
 30
0.0
 40
3.0
  0
CIRCLE
  5
63B
330
17
100
AcDbEntity
  8
0
100
AcDbCircle
 10
147.52243055516146
 20
165.00731962710663
 30
0.0
 40
3.0
  0
CIRCLE
  5
63C
330
17
100
AcDbEntity
  8
0
100
AcDbCircle
 10
70.27430764466263
 20
736.4640406755403
 30
0.0
 40
3.0
  0
CIRCLE
  5
63D
330
17
100
AcDbEntity
  8
0
100
AcDbCircle
 10
512.1309001272019
 20
836.6218335043175
 30
0.0
 40
3.0
  0
CIRCLE
  5
63E
330
17
100
AcDbEntity
  8
0
100
AcDbCircle
 10
18.12199851243007
 20
497.2528672141822
 30
0.0
 40
3.0
  0
CIRCLE
  5
63F
330
17
100
AcDbEntity
  8
0
100
AcDbCircle
 10
811.3731692277377
 20
374.96984351617
 30
0.0
 40
3.0
  0
CIRCLE
  5
640
330
17
100
AcDbEntity
  8
0
100
AcDbCircle
 10
741.8567313480208
 20
614.5470101344656
 30
0.0
 40
3.0
  0
CIRCLE
  5
641
330
17
100
AcDbEntity
  8
0
100
AcDbCircle
 10
191.35800222069096
 20
824.8778540137722
 30
0.0
 40
3.0
  0
CIRCLE
  5
642
330
17
100
AcDbEntity
  8
0
100
AcDbCircle
 10
965.13364795658
 20
520.5763141250095
 30
0.0
 40
3.0
  0
CIRCLE
  5
643
330
17
100
AcDbEntity
  8
0
100
AcDbCircle
 10
435.31453501464364
 20
549.7677500092192
 30
0.0
 40
3.0
  0
CIRCLE
  5
644
330
17
100
AcDbEntity
  8
0
100
AcDbCircle
 10
956.3867537930349
 20
338.4399585286692
 30
0.0
 40
3.0
  0
CIRCLE
  5
645
330
17
100
AcDbEntity
  8
0
100
AcDbCircle
 10
908.5672229582214
 20
829.2455492369274
 30
0.0
 40
3.0
  0
CIRCLE
  5
646
330
17
100
AcDbEntity
  8
0
100
AcDbCircle
 10
434.2810093108054
 20
852.9113033394309
 30
0.0
 40
3.0
  0
CIRCLE
  5
647
330
17
100
AcDbEntity
  8
0
100
AcDbCircle
 10
595.4752362354014
 20
626.9962631599365
 30
0.0
 40
3.0
  0
CIRCLE
  5
648
330
17
100
AcDbEntity
  8
0
100
AcDbCircle
 10
806.4013447805722
 20
26.476734266807178
 30
0.0
 40
3.0
  0
CIRCLE
  5
649
330
17
100
AcDbEntity
  8
0
100
AcDbCircle
 10
904.8106921846172
 20
868.4026284131593
 30
0.0
 40
3.0
  0
CIRCLE
  5
64A
330
17
100
AcDbEntity
  8
0
100
AcDbCircle
 10
685.8122841674316
 20
604.7025896355142
 30
0.0
 40
3.0
  0
CIRCLE
  5
64B
330
17
100
AcDbEntity
  8
0
100
AcDbCircle
 10
428.3733245906354
 20
45.806787525432334
 30
0.0
 40
3.0
  0
CIRCLE
  5
64C
330
17
100
AcDbEntity
  8
0
100
AcDbCircle
 10
622.3870136432946
 20
6.916807988979589
 30
0.0
 40
3.0
  0
CIRCLE
  5
64D
330
17
100
AcDbEntity
  8
0
100
AcDbCircle
 10
228.10247014379638
 20
630.7769186162393
 30
0.0
 40
3.0
  0
CIRCLE
  5
64E
330
17
100
AcDbEntity
  8
0
100
AcDbCircle
 10
905.2654432229879
 20
984.272557647896
 30
0.0
 40
3.0
  0
CIRCLE
  5
64F
330
17
100
AcDbEntity
  8
0
100
AcDbCircle
 10
968.6883212391958
 20
39.670698372554476
 30
0.0
 40
3.0
  0
CIRCLE
  5
650
330
17
100
AcDbEntity
  8
0
100
AcDbCircle
 10
563.5965426887253
 20
142.71219094832745
 30
0.0
 40
3.0
  0
CIRCLE
  5
651
330
17
100
AcDbEntity
  8
0
100
AcDbCircle
 10
596.9013109217228
 20
203.22831161643978
 30
0.0
 40
3.0
  0
CIRCLE
  5
652
330
17
100
AcDbEntity
  8
0
100
AcDbCircle
 10
97.1334719784095
 20
602.003829161479
 30
0.0
 40
3.0
  0
CIRCLE
  5
653
330
17
100
AcDbEntity
  8
0
100
AcDbCircle
 10
505.6974382323748
 20
319.98058079897464
 30
0.0
 40
3.0
  0
CIRCLE
  5
654
330
17
100
AcDbEntity
  8
0
100
AcDbCircle
 10
742.6385811812612
 20
326.7135229075755
 30
0.0
 40
3.0
  0
CIRCLE
  5
655
330
17
100
AcDbEntity
  8
0
100
AcDbCircle
 10
994.3051929375397
 20
861.3674614820306
 30
0.0
 40
3.0
  0
CIRCLE
  5
656
330
17
100
AcDbEntity
  8
0
100
AcDbCircle
 10
711.5291661114014
 20
41.00400906360701
 30
0.0
 40
3.0
  0
CIRCLE
  5
657
330
17
100
AcDbEntity
  8
0
100
AcDbCircle
 10
522.342184021037
 20
499.9512365028977
 30
0.0
 40
3.0
  0
CIRCLE
  5
658
330
17
100
AcDbEntity
  8
0
100
AcDbCircle
 10
354.3454191601276
 20
156.72096899484347
 30
0.0
 40
3.0
  0
CIRCLE
  5
659
330
17
100
AcDbEntity
  8
0
100
AcDbCircle
 10
476.15062032312363
 20
195.16200354798065
 30
0.0
 40
3.0
  0
CIRCLE
  5
65A
330
17
100
AcDbEntity
  8
0
100
AcDbCircle
 10
570.9703671799235
 20
975.1505528298376
 30
0.0
 40
3.0
  0
CIRCLE
  5
65B
330
17
100
AcDbEntity
  8
0
100
AcDbCircle
 10
145.07839302657746
 20
149.09226038124956
 30
0.0
 40
3.0
  0
CIRCLE
  5
65C
330
17
100
AcDbEntity
  8
0
100
AcDbCircle
 10
316.7614189564446
 20
491.846882480094
 30
0.0
 40
3.0
  0
CIRCLE
  5
65D
330
17
100
AcDbEntity
  8
0
100
AcDbCircle
 10
256.9373523829306
 20
479.36667504040116
 30
0.0
 40
3.0
  0
CIRCLE
  5
65E
330
17
100
AcDbEntity
  8
0
100
AcDbCircle
 10
266.57382347471906
 20
380.8198738742134
 30
0.0
 40
3.0
  0
CIRCLE
  5
65F
330
17
100
AcDbEntity
  8
0
100
AcDbCircle
 10
421.62391665773725
 20
827.4755105899616
 30
0.0
 40
3.0
  0
CIRCLE
  5
660
330
17
100
AcDbEntity
  8
0
100
AcDbCircle
 10
258.14590878591997
 20
398.3826392800984
 30
0.0
 40
3.0
  0
CIRCLE
  5
661
330
17
100
AcDbEntity
  8
0
100
AcDbCircle
 10
313.9138313322807
 20
161.9019977085181
 30
0.0
 40
3.0
  0
CIRCLE
  5
662
330
17
100
AcDbEntity
  8
0
100
AcDbCircle
 10
45.75917158510981
 20
245.20492148690158
 30
0.0
 40
3.0
  0
CIRCLE
  5
663
330
17
100
AcDbEntity
  8
0
100
AcDbCircle
 10
975.9546076138138
 20
273.9755413801093
 30
0.0
 40
3.0
  0
CIRCLE
  5
664
330
17
100
AcDbEntity
  8
0
100
AcDbCircle
 10
736.6885085293757
 20
296.09204408534265
 30
0.0
 40
3.0
  0
CIRCLE
  5
665
330
17
100
AcDbEntity
  8
0
100
AcDbCircle
 10
466.94164888087556
 20
391.45929049773207
 30
0.0
 40
3.0
  0
CIRCLE
  5
666
330
17
100
AcDbEntity
  8
0
100
AcDbCircle
 10
146.97117142825357
 20
887.7316006496994
 30
0.0
 40
3.0
  0
CIRCLE
  5
667
330
17
100
AcDbEntity
  8
0
100
AcDbCircle
 10
741.1585533438027
 20
962.9743685238755
 30
0.0
 40
3.0
  0
CIRCLE
  5
668
330
17
100
AcDbEntity
  8
0
100
AcDbCircle
 10
188.27955967985932
 20
3.2675690439948837
 30
0.0
 40
3.0
  0
CIRCLE
  5
669
330
17
100
AcDbEntity
  8
0
100
AcDbCircle
 10
702.4238384763427
 20
326.6968608918826
 30
0.0
 40
3.0
  0
CIRCLE
  5
66A
330
17
100
AcDbEntity
  8
0
100
AcDbCircle
 10
251.62009609766267
 20
65.88929619101033
 30
0.0
 40
3.0
  0
CIRCLE
  5
66B
330
17
100
AcDbEntity
  8
0
100
AcDbCircle
 10
967.2927502283626
 20
758.305718913028
 30
0.0
 40
3.0
  0
CIRCLE
  5
66C
330
17
100
AcDbEntity
  8
0
100
AcDbCircle
 10
764.2853214927536
 20
663.2978120136115
 30
0.0
 40
3.0
  0
CIRCLE
  5
66D
330
17
100
AcDbEntity
  8
0
100
AcDbCircle
 10
437.40022239920705
 20
596.8631665168634
 30
0.0
 40
3.0
  0
CIRCLE
  5
66E
330
17
100
AcDbEntity
  8
0
100
AcDbCircle
 10
773.748155179631
 20
465.9587157431643
 30
0.0
 40
3.0
  0
CIRCLE
  5
66F
330
17
100
AcDbEntity
  8
0
100
AcDbCircle
 10
5.43380447183674
 20
413.11403997713177
 30
0.0
 40
3.0
  0
CIRCLE
  5
670
330
17
100
AcDbEntity
  8
0
100
AcDbCircle
 10
986.5976053738744
 20
337.354616268315
 30
0.0
 40
3.0
  0
CIRCLE
  5
671
330
17
100
AcDbEntity
  8
0
100
AcDbCircle
 10
635.9563815688176
 20
300.5586052133616
 30
0.0
 40
3.0
  0
CIRCLE
  5
672
330
17
100
AcDbEntity
  8
0
100
AcDbCircle
 10
682.4794248162121
 20
813.1603871349696
 30
0.0
 40
3.0
  0
CIRCLE
  5
673
330
17
100
AcDbEntity
  8
0
100
AcDbCircle
 10
786.7919396851246
 20
489.4555036854704
 30
0.0
 40
3.0
  0
CIRCLE
  5
674
330
17
100
AcDbEntity
  8
0
100
AcDbCircle
 10
393.06265487634994
 20
950.0316933981495
 30
0.0
 40
3.0
  0
CIRCLE
  5
675
330
17
100
AcDbEntity
  8
0
100
AcDbCircle
 10
476.0721499991686
 20
963.8522920438471
 30
0.0
 40
3.0
  0
CIRCLE
  5
676
330
17
100
AcDbEntity
  8
0
100
AcDbCircle
 10
717.0929311115948
 20
281.41602298543063
 30
0.0
 40
3.0
  0
CIRCLE
  5
677
330
17
100
AcDbEntity
  8
0
100
AcDbCircle
 10
897.5097016745141
 20
990.1995464081597
 30
0.0
 40
3.0
  0
CIRCLE
  5
678
330
17
100
AcDbEntity
  8
0
100
AcDbCircle
 10
876.4903003578559
 20
396.9605924775522
 30
0.0
 40
3.0
  0
CIRCLE
  5
679
330
17
100
AcDbEntity
  8
0
100
AcDbCircle
 10
788.44055454103
 20
792.2703015636843
 30
0.0
 40
3.0
  0
CIRCLE
  5
67A
330
17
100
AcDbEntity
  8
0
100
AcDbCircle
 10
841.1543954972029
 20
112.09541379944328
 30
0.0
 40
3.0
  0
CIRCLE
  5
67B
330
17
100
AcDbEntity
  8
0
100
AcDbCircle
 10
776.68007002258
 20
374.4062970428782
 30
0.0
 40
3.0
  0
CIRCLE
  5
67C
330
17
100
AcDbEntity
  8
0
100
AcDbCircle
 10
4.002578934679304
 20
388.9498080099278
 30
0.0
 40
3.0
  0
CIRCLE
  5
67D
330
17
100
AcDbEntity
  8
0
100
AcDbCircle
 10
516.7018389385885
 20
664.4567987956837
 30
0.0
 40
3.0
  0
CIRCLE
  5
67E
330
17
100
AcDbEntity
  8
0
100
AcDbCircle
 10
83.25815446340826
 20
705.013091117243
 30
0.0
 40
3.0
  0
CIRCLE
  5
67F
330
17
100
AcDbEntity
  8
0
100
AcDbCircle
 10
119.95929530024759
 20
7.884673650894487
 30
0.0
 40
3.0
  0
CIRCLE
  5
680
330
17
100
AcDbEntity
  8
0
100
AcDbCircle
 10
954.0422580422966
 20
956.4106019315462
 30
0.0
 40
3.0
  0
CIRCLE
  5
681
330
17
100
AcDbEntity
  8
0
100
AcDbCircle
 10
201.15007217500408
 20
466.67659612426945
 30
0.0
 40
3.0
  0
CIRCLE
  5
682
330
17
100
AcDbEntity
  8
0
100
AcDbCircle
 10
686.6590561920736
 20
225.0632398238908
 30
0.0
 40
3.0
  0
CIRCLE
  5
683
330
17
100
AcDbEntity
  8
0
100
AcDbCircle
 10
768.3238113207051
 20
12.146626714754657
 30
0.0
 40
3.0
  0
CIRCLE
  5
684
330
17
100
AcDbEntity
  8
0
100
AcDbCircle
 10
111.09972991072851
 20
171.61216810007187
 30
0.0
 40
3.0
  0
CIRCLE
  5
685
330
17
100
AcDbEntity
  8
0
100
AcDbCircle
 10
67.2337663003105
 20
661.2552160571433
 30
0.0
 40
3.0
  0
CIRCLE
  5
686
330
17
100
AcDbEntity
  8
0
100
AcDbCircle
 10
379.1727511114199
 20
98.39934105353586
 30
0.0
 40
3.0
  0
CIRCLE
  5
687
330
17
100
AcDbEntity
  8
0
100
AcDbCircle
 10
256.9784335924199
 20
116.7340601120882
 30
0.0
 40
3.0
  0
CIRCLE
  5
688
330
17
100
AcDbEntity
  8
0
100
AcDbCircle
 10
956.6795915990665
 20
94.38065331734006
 30
0.0
 40
3.0
  0
CIRCLE
  5
689
330
17
100
AcDbEntity
  8
0
100
AcDbCircle
 10
550.3908351869369
 20
407.0838181897283
 30
0.0
 40
3.0
  0
CIRCLE
  5
68A
330
17
100
AcDbEntity
  8
0
100
AcDbCircle
 10
977.4974078232103
 20
5.149709830443182
 30
0.0
 40
3.0
  0
CIRCLE
  5
68B
330
17
100
AcDbEntity
  8
0
100
AcDbCircle
 10
387.51187566349785
 20
405.68577062743833
 30
0.0
 40
3.0
  0
CIRCLE
  5
68C
330
17
100
AcDbEntity
  8
0
100
AcDbCircle
 10
325.84879734004596
 20
479.5129195527035
 30
0.0
 40
3.0
  0
CIRCLE
  5
68D
330
17
100
AcDbEntity
  8
0
100
AcDbCircle
 10
26.07027210598194
 20
491.0678587623366
 30
0.0
 40
3.0
  0
CIRCLE
  5
68E
330
17
100
AcDbEntity
  8
0
100
AcDbCircle
 10
704.6850921362516
 20
789.2354620644653
 30
0.0
 40
3.0
  0
CIRCLE
  5
68F
330
17
100
AcDbEntity
  8
0
100
AcDbCircle
 10
728.5024473074142
 20
829.6992263747106
 30
0.0
 40
3.0
  0
CIRCLE
  5
690
330
17
100
AcDbEntity
  8
0
100
AcDbCircle
 10
243.98510649618046
 20
600.8596696435856
 30
0.0
 40
3.0
  0
CIRCLE
  5
691
330
17
100
AcDbEntity
  8
0
100
AcDbCircle
 10
497.58459164220784
 20
962.1471809437064
 30
0.0
 40
3.0
  0
CIRCLE
  5
692
330
17
100
AcDbEntity
  8
0
100
AcDbCircle
 10
149.08922656403314
 20
439.74219953164373
 30
0.0
 40
3.0
  0
CIRCLE
  5
693
330
17
100
AcDbEntity
  8
0
100
AcDbCircle
 10
699.0022860402964
 20
53.48137691971092
 30
0.0
 40
3.0
  0
CIRCLE
  5
694
330
17
100
AcDbEntity
  8
0
100
AcDbCircle
 10
850.4012099683454
 20
691.3502555792513
 30
0.0
 40
3.0
  0
CIRCLE
  5
695
330
17
100
AcDbEntity
  8
0
100
AcDbCircle
 10
418.20090095349843
 20
361.0156343658868
 30
0.0
 40
3.0
  0
CIRCLE
  5
696
330
17
100
AcDbEntity
  8
0
100
AcDbCircle
 10
335.2303541650348
 20
799.5676587414234
 30
0.0
 40
3.0
  0
CIRCLE
  5
697
330
17
100
AcDbEntity
  8
0
100
AcDbCircle
 10
799.0697964439848
 20
996.6319674117831
 30
0.0
 40
3.0
  0
CIRCLE
  5
698
330
17
100
AcDbEntity
  8
0
100
AcDbCircle
 10
204.13292874279202
 20
882.9336081840886
 30
0.0
 40
3.0
  0
CIRCLE
  5
699
330
17
100
AcDbEntity
  8
0
100
AcDbCircle
 10
3.6019950776929486
 20
621.3222791521065
 30
0.0
 40
3.0
  0
CIRCLE
  5
69A
330
17
100
AcDbEntity
  8
0
100
AcDbCircle
 10
313.1984320873716
 20
594.7172700995104
 30
0.0
 40
3.0
  0
CIRCLE
  5
69B
330
17
100
AcDbEntity
  8
0
100
AcDbCircle
 10
750.6113335702473
 20
812.5687209192267
 30
0.0
 40
3.0
  0
CIRCLE
  5
69C
330
17
100
AcDbEntity
  8
0
100
AcDbCircle
 10
707.458542207338
 20
578.288673716119
 30
0.0
 40
3.0
  0
CIRCLE
  5
69D
330
17
100
AcDbEntity
  8
0
100
AcDbCircle
 10
983.815717910614
 20
362.703461575633
 30
0.0
 40
3.0
  0
CIRCLE
  5
69E
330
17
100
AcDbEntity
  8
0
100
AcDbCircle
 10
882.3881417651487
 20
216.6187946074054
 30
0.0
 40
3.0
  0
CIRCLE
  5
69F
330
17
100
AcDbEntity
  8
0
100
AcDbCircle
 10
760.6693093504396
 20
361.78224428263877
 30
0.0
 40
3.0
  0
CIRCLE
  5
6A0
330
17
100
AcDbEntity
  8
0
100
AcDbCircle
 10
790.8442107919137
 20
822.2077897879037
 30
0.0
 40
3.0
  0
CIRCLE
  5
6A1
330
17
100
AcDbEntity
  8
0
100
AcDbCircle
 10
4.002606976954582
 20
501.0082723616638
 30
0.0
 40
3.0
  0
CIRCLE
  5
6A2
330
17
100
AcDbEntity
  8
0
100
AcDbCircle
 10
719.2104047487568
 20
411.34395181568954
 30
0.0
 40
3.0
  0
CIRCLE
  5
6A3
330
17
100
AcDbEntity
  8
0
100
AcDbCircle
 10
20.07064707612978
 20
653.9283591285946
 30
0.0
 40
3.0
  0
CIRCLE
  5
6A4
330
17
100
AcDbEntity
  8
0
100
AcDbCircle
 10
142.948528194785
 20
326.2081721357214
 30
0.0
 40
3.0
  0
CIRCLE
  5
6A5
330
17
100
AcDbEntity
  8
0
100
AcDbCircle
 10
752.2510741979692
 20
131.28303451306735
 30
0.0
 40
3.0
  0
CIRCLE
  5
6A6
330
17
100
AcDbEntity
  8
0
100
AcDbCircle
 10
98.06698792745732
 20
20.1339228809785
 30
0.0
 40
3.0
  0
CIRCLE
  5
6A7
330
17
100
AcDbEntity
  8
0
100
AcDbCircle
 10
761.0802793316064
 20
864.048219104414
 30
0.0
 40
3.0
  0
CIRCLE
  5
6A8
330
17
100
AcDbEntity
  8
0
100
AcDbCircle
 10
541.6518522010234
 20
3.607037868210634
 30
0.0
 40
3.0
  0
CIRCLE
  5
6A9
330
17
100
AcDbEntity
  8
0
100
AcDbCircle
 10
428.77935843588585
 20
395.4109834725305
 30
0.0
 40
3.0
  0
CIRCLE
  5
6AA
330
17
100
AcDbEntity
  8
0
100
AcDbCircle
 10
996.4113974704435
 20
821.6448483160194
 30
0.0
 40
3.0
  0
CIRCLE
  5
6AB
330
17
100
AcDbEntity
  8
0
100
AcDbCircle
 10
557.0409568408626
 20
90.0829938662032
 30
0.0
 40
3.0
  0
CIRCLE
  5
6AC
330
17
100
AcDbEntity
  8
0
100
AcDbCircle
 10
349.7943445118069
 20
129.99630387945368
 30
0.0
 40
3.0
  0
CIRCLE
  5
6AD
330
17
100
AcDbEntity
  8
0
100
AcDbCircle
 10
415.3303433246107
 20
875.465113119645
 30
0.0
 40
3.0
  0
CIRCLE
  5
6AE
330
17
100
AcDbEntity
  8
0
100
AcDbCircle
 10
153.64848858081157
 20
17.80882206558265
 30
0.0
 40
3.0
  0
CIRCLE
  5
6AF
330
17
100
AcDbEntity
  8
0
100
AcDbCircle
 10
325.29327253160943
 20
497.423783022275
 30
0.0
 40
3.0
  0
CIRCLE
  5
6B0
330
17
100
AcDbEntity
  8
0
100
AcDbCircle
 10
585.8470506875747
 20
399.9169350515712
 30
0.0
 40
3.0
  0
CIRCLE
  5
6B1
330
17
100
AcDbEntity
  8
0
100
AcDbCircle
 10
704.2823416297815
 20
17.961063601675658
 30
0.0
 40
3.0
  0
CIRCLE
  5
6B2
330
17
100
AcDbEntity
  8
0
100
AcDbCircle
 10
414.99375703644324
 20
264.2528880769755
 30
0.0
 40
3.0
  0
CIRCLE
  5
6B3
330
17
100
AcDbEntity
  8
0
100
AcDbCircle
 10
970.0511702662074
 20
12.415214526047071
 30
0.0
 40
3.0
  0
CIRCLE
  5
6B4
330
17
100
AcDbEntity
  8
0
100
AcDbCircle
 10
424.1336634160057
 20
279.00287272897714
 30
0.0
 40
3.0
  0
CIRCLE
  5
6B5
330
17
100
AcDbEntity
  8
0
100
AcDbCircle
 10
798.8263180981804
 20
201.9290733251338
 30
0.0
 40
3.0
  0
CIRCLE
  5
6B6
330
17
100
AcDbEntity
  8
0
100
AcDbCircle
 10
203.60151078111346
 20
316.93589823792075
 30
0.0
 40
3.0
  0
CIRCLE
  5
6B7
330
17
100
AcDbEntity
  8
0
100
AcDbCircle
 10
183.99917654603996
 20
313.8299788188949
 30
0.0
 40
3.0
  0
CIRCLE
  5
6B8
330
17
100
AcDbEntity
  8
0
100
AcDbCircle
 10
973.6323043004219
 20
817.0676758571296
 30
0.0
 40
3.0
  0
CIRCLE
  5
6B9
330
17
100
AcDbEntity
  8
0
100
AcDbCircle
 10
973.4056291544225
 20
937.7533955053295
 30
0.0
 40
3.0
  0
CIRCLE
  5
6BA
330
17
100
AcDbEntity
  8
0
100
AcDbCircle
 10
837.212573094054
 20
303.74774088798915
 30
0.0
 40
3.0
  0
CIRCLE
  5
6BB
330
17
100
AcDbEntity
  8
0
100
AcDbCircle
 10
409.6944092683833
 20
387.80602128324205
 30
0.0
 40
3.0
  0
CIRCLE
  5
6BC
330
17
100
AcDbEntity
  8
0
100
AcDbCircle
 10
666.2118593722464
 20
440.568669902428
 30
0.0
 40
3.0
  0
CIRCLE
  5
6BD
330
17
100
AcDbEntity
  8
0
100
AcDbCircle
 10
480.86234247879963
 20
987.706630720579
 30
0.0
 40
3.0
  0
CIRCLE
  5
6BE
330
17
100
AcDbEntity
  8
0
100
AcDbCircle
 10
347.6611081704961
 20
271.3767727803925
 30
0.0
 40
3.0
  0
CIRCLE
  5
6BF
330
17
100
AcDbEntity
  8
0
100
AcDbCircle
 10
737.8928094130483
 20
829.7116173827752
 30
0.0
 40
3.0
  0
CIRCLE
  5
6C0
330
17
100
AcDbEntity
  8
0
100
AcDbCircle
 10
133.4308309755627
 20
27.741708603045694
 30
0.0
 40
3.0
  0
CIRCLE
  5
6C1
330
17
100
AcDbEntity
  8
0
100
AcDbCircle
 10
218.09376883338177
 20
722.405794600829
 30
0.0
 40
3.0
  0
CIRCLE
  5
6C2
330
17
100
AcDbEntity
  8
0
100
AcDbCircle
 10
196.209196751833
 20
377.16289113610225
 30
0.0
 40
3.0
  0
CIRCLE
  5
6C3
330
17
100
AcDbEntity
  8
0
100
AcDbCircle
 10
873.07804286886
 20
65.83687952826911
 30
0.0
 40
3.0
  0
CIRCLE
  5
6C4
330
17
100
AcDbEntity
  8
0
100
AcDbCircle
 10
829.8141770624586
 20
315.0924860357167
 30
0.0
 40
3.0
  0
CIRCLE
  5
6C5
330
17
100
AcDbEntity
  8
0
100
AcDbCircle
 10
173.33857466841206
 20
220.10636254663885
 30
0.0
 40
3.0
  0
CIRCLE
  5
6C6
330
17
100
AcDbEntity
  8
0
100
AcDbCircle
 10
610.1682298577656
 20
510.84402710654336
 30
0.0
 40
3.0
  0
CIRCLE
  5
6C7
330
17
100
AcDbEntity
  8
0
100
AcDbCircle
 10
906.4347927552649
 20
717.5007881299216
 30
0.0
 40
3.0
  0
CIRCLE
  5
6C8
330
17
100
AcDbEntity
  8
0
100
AcDbCircle
 10
591.2218350262248
 20
258.51991633219137
 30
0.0
 40
3.0
  0
CIRCLE
  5
6C9
330
17
100
AcDbEntity
  8
0
100
AcDbCircle
 10
816.5924208475072
 20
657.3129335321497
 30
0.0
 40
3.0
  0
CIRCLE
  5
6CA
330
17
100
AcDbEntity
  8
0
100
AcDbCircle
 10
367.7370289610705
 20
746.3059893663662
 30
0.0
 40
3.0
  0
CIRCLE
  5
6CB
330
17
100
AcDbEntity
  8
0
100
AcDbCircle
 10
965.73640316824
 20
371.3986456769886
 30
0.0
 40
3.0
  0
CIRCLE
  5
6CC
330
17
100
AcDbEntity
  8
0
100
AcDbCircle
 10
115.03511145150976
 20
628.3657136648993
 30
0.0
 40
3.0
  0
CIRCLE
  5
6CD
330
17
100
AcDbEntity
  8
0
100
AcDbCircle
 10
389.0971953666801
 20
359.8778113949453
 30
0.0
 40
3.0
  0
CIRCLE
  5
6CE
330
17
100
AcDbEntity
  8
0
100
AcDbCircle
 10
877.8046099933355
 20
967.9703318856413
 30
0.0
 40
3.0
  0
CIRCLE
  5
6CF
330
17
100
AcDbEntity
  8
0
100
AcDbCircle
 10
127.98056496497031
 20
990.4666348065575
 30
0.0
 40
3.0
  0
CIRCLE
  5
6D0
330
17
100
AcDbEntity
  8
0
100
AcDbCircle
 10
390.16374550152796
 20
546.5005221698152
 30
0.0
 40
3.0
  0
CIRCLE
  5
6D1
330
17
100
AcDbEntity
  8
0
100
AcDbCircle
 10
863.4716310966849
 20
566.5607264743697
 30
0.0
 40
3.0
  0
CIRCLE
  5
6D2
330
17
100
AcDbEntity
  8
0
100
AcDbCircle
 10
990.8507215205351
 20
781.6672737958935
 30
0.0
 40
3.0
  0
CIRCLE
  5
6D3
330
17
100
AcDbEntity
  8
0
100
AcDbCircle
 10
134.7564513881063
 20
796.9074223484935
 30
0.0
 40
3.0
  0
CIRCLE
  5
6D4
330
17
100
AcDbEntity
  8
0
100
AcDbCircle
 10
175.87885417698115
 20
4.829396191689975
 30
0.0
 40
3.0
  0
CIRCLE
  5
6D5
330
17
100
AcDbEntity
  8
0
100
AcDbCircle
 10
330.1137544753545
 20
880.3144974335036
 30
0.0
 40
3.0
  0
CIRCLE
  5
6D6
330
17
100
AcDbEntity
  8
0
100
AcDbCircle
 10
489.55382041787016
 20
95.44107986147952
 30
0.0
 40
3.0
  0
CIRCLE
  5
6D7
330
17
100
AcDbEntity
  8
0
100
AcDbCircle
 10
336.75238927911806
 20
13.004332791506364
 30
0.0
 40
3.0
  0
CIRCLE
  5
6D8
330
17
100
AcDbEntity
  8
0
100
AcDbCircle
 10
982.0580435160873
 20
790.7843077498807
 30
0.0
 40
3.0
  0
CIRCLE
  5
6D9
330
17
100
AcDbEntity
  8
0
100
AcDbCircle
 10
983.2522393487287
 20
985.6926658508492
 30
0.0
 40
3.0
  0
CIRCLE
  5
6DA
330
17
100
AcDbEntity
  8
0
100
AcDbCircle
 10
104.44691192137793
 20
253.66129792913569
 30
0.0
 40
3.0
  0
CIRCLE
  5
6DB
330
17
100
AcDbEntity
  8
0
100
AcDbCircle
 10
929.5332342969513
 20
120.66898454287356
 30
0.0
 40
3.0
  0
CIRCLE
  5
6DC
330
17
100
AcDbEntity
  8
0
100
AcDbCircle
 10
58.2918910608303
 20
82.18926349332934
 30
0.0
 40
3.0
  0
CIRCLE
  5
6DD
330
17
100
AcDbEntity
  8
0
100
AcDbCircle
 10
361.84775803871787
 20
620.322335917805
 30
0.0
 40
3.0
  0
CIRCLE
  5
6DE
330
17
100
AcDbEntity
  8
0
100
AcDbCircle
 10
444.9373342191594
 20
575.0132765081132
 30
0.0
 40
3.0
  0
CIRCLE
  5
6DF
330
17
100
AcDbEntity
  8
0
100
AcDbCircle
 10
151.61801835653247
 20
301.16870168980404
 30
0.0
 40
3.0
  0
CIRCLE
  5
6E0
330
17
100
AcDbEntity
  8
0
100
AcDbCircle
 10
809.9300055073334
 20
429.5276504065443
 30
0.0
 40
3.0
  0
CIRCLE
  5
6E1
330
17
100
AcDbEntity
  8
0
100
AcDbCircle
 10
913.7041923228767
 20
825.73393463293
 30
0.0
 40
3.0
  0
CIRCLE
  5
6E2
330
17
100
AcDbEntity
  8
0
100
AcDbCircle
 10
547.2744818957452
 20
10.18128310088971
 30
0.0
 40
3.0
  0
CIRCLE
  5
6E3
330
17
100
AcDbEntity
  8
0
100
AcDbCircle
 10
456.2586347120649
 20
145.18089583711182
 30
0.0
 40
3.0
  0
CIRCLE
  5
6E4
330
17
100
AcDbEntity
  8
0
100
AcDbCircle
 10
721.1200993838781
 20
273.72485367263903
 30
0.0
 40
3.0
  0
CIRCLE
  5
6E5
330
17
100
AcDbEntity
  8
0
100
AcDbCircle
 10
515.2100586499472
 20
460.2385440754103
 30
0.0
 40
3.0
  0
CIRCLE
  5
6E6
330
17
100
AcDbEntity
  8
0
100
AcDbCircle
 10
713.4159755612847
 20
966.5611149905371
 30
0.0
 40
3.0
  0
CIRCLE
  5
6E7
330
17
100
AcDbEntity
  8
0
100
AcDbCircle
 10
480.222137511117
 20
52.81267507858102
 30
0.0
 40
3.0
  0
CIRCLE
  5
6E8
330
17
100
AcDbEntity
  8
0
100
AcDbCircle
 10
543.4727458670659
 20
518.74472683888
 30
0.0
 40
3.0
  0
CIRCLE
  5
6E9
330
17
100
AcDbEntity
  8
0
100
AcDbCircle
 10
895.2103646932145
 20
239.58073817735163
 30
0.0
 40
3.0
  0
CIRCLE
  5
6EA
330
17
100
AcDbEntity
  8
0
100
AcDbCircle
 10
142.50459146810815
 20
21.608638407001262
 30
0.0
 40
3.0
  0
CIRCLE
  5
6EB
330
17
100
AcDbEntity
  8
0
100
AcDbCircle
 10
563.3097653324623
 20
536.8327973946056
 30
0.0
 40
3.0
  0
CIRCLE
  5
6EC
330
17
100
AcDbEntity
  8
0
100
AcDbCircle
 10
678.1589637280579
 20
233.44037321124694
 30
0.0
 40
3.0
  0
CIRCLE
  5
6ED
330
17
100
AcDbEntity
  8
0
100
AcDbCircle
 10
555.7503156971494
 20
526.6342571738328
 30
0.0
 40
3.0
  0
CIRCLE
  5
6EE
330
17
100
AcDbEntity
  8
0
100
AcDbCircle
 10
763.7508717801272
 20
931.7074680426209
 30
0.0
 40
3.0
  0
CIRCLE
  5
6EF
330
17
100
AcDbEntity
  8
0
100
AcDbCircle
 10
36.65742632604943
 20
990.3300327317506
 30
0.0
 40
3.0
  0
CIRCLE
  5
6F0
330
17
100
AcDbEntity
  8
0
100
AcDbCircle
 10
575.3617780227233
 20
127.3738505074019
 30
0.0
 40
3.0
  0
CIRCLE
  5
6F1
330
17
100
AcDbEntity
  8
0
100
AcDbCircle
 10
164.32429962177375
 20
790.4576677368597
 30
0.0
 40
3.0
  0
CIRCLE
  5
6F2
330
17
100
AcDbEntity
  8
0
100
AcDbCircle
 10
618.6516876671616
 20
735.6227987792182
 30
0.0
 40
3.0
  0
CIRCLE
  5
6F3
330
17
100
AcDbEntity
  8
0
100
AcDbCircle
 10
746.3853066075593
 20
500.3909532880768
 30
0.0
 40
3.0
  0
CIRCLE
  5
6F4
330
17
100
AcDbEntity
  8
0
100
AcDbCircle
 10
979.8283717763868
 20
719.7993690799408
 30
0.0
 40
3.0
  0
CIRCLE
  5
6F5
330
17
100
AcDbEntity
  8
0
100
AcDbCircle
 10
291.86530887563873
 20
336.02361402288864
 30
0.0
 40
3.0
  0
CIRCLE
  5
6F6
330
17
100
AcDbEntity
  8
0
100
AcDbCircle
 10
684.3852234541223
 20
236.4348445462309
 30
0.0
 40
3.0
  0
CIRCLE
  5
6F7
330
17
100
AcDbEntity
  8
0
100
AcDbCircle
 10
737.2380995562766
 20
100.23904505197655
 30
0.0
 40
3.0
  0
CIRCLE
  5
6F8
330
17
100
AcDbEntity
  8
0
100
AcDbCircle
 10
691.4157287211798
 20
190.1001867030247
 30
0.0
 40
3.0
  0
CIRCLE
  5
6F9
330
17
100
AcDbEntity
  8
0
100
AcDbCircle
 10
523.415979471906
 20
418.82290973921437
 30
0.0
 40
3.0
  0
CIRCLE
  5
6FA
330
17
100
AcDbEntity
  8
0
100
AcDbCircle
 10
188.59256001888429
 20
901.3742413955371
 30
0.0
 40
3.0
  0
CIRCLE
  5
6FB
330
17
100
AcDbEntity
  8
0
100
AcDbCircle
 10
361.2361818579335
 20
827.7545993123554
 30
0.0
 40
3.0
  0
CIRCLE
  5
6FC
330
17
100
AcDbEntity
  8
0
100
AcDbCircle
 10
972.425202909311
 20
843.4540197359381
 30
0.0
 40
3.0
  0
CIRCLE
  5
6FD
330
17
100
AcDbEntity
  8
0
100
AcDbCircle
 10
778.3093720937487
 20
57.78086836200301
 30
0.0
 40
3.0
  0
CIRCLE
  5
6FE
330
17
100
AcDbEntity
  8
0
100
AcDbCircle
 10
531.66641923079
 20
540.2242190891785
 30
0.0
 40
3.0
  0
CIRCLE
  5
6FF
330
17
100
AcDbEntity
  8
0
100
AcDbCircle
 10
455.3609578485097
 20
32.55948885848794
 30
0.0
 40
3.0
  0
CIRCLE
  5
700
330
17
100
AcDbEntity
  8
0
100
AcDbCircle
 10
98.64151818109066
 20
775.7597724343517
 30
0.0
 40
3.0
  0
CIRCLE
  5
701
330
17
100
AcDbEntity
  8
0
100
AcDbCircle
 10
898.3920920175862
 20
118.42629628136697
 30
0.0
 40
3.0
  0
CIRCLE
  5
702
330
17
100
AcDbEntity
  8
0
100
AcDbCircle
 10
100.58221340292138
 20
586.6729911491112
 30
0.0
 40
3.0
  0
CIRCLE
  5
703
330
17
100
AcDbEntity
  8
0
100
AcDbCircle
 10
183.44887445539032
 20
189.85781620973074
 30
0.0
 40
3.0
  0
CIRCLE
  5
704
330
17
100
AcDbEntity
  8
0
100
AcDbCircle
 10
293.63411900683144
 20
528.1969687098264
 30
0.0
 40
3.0
  0
CIRCLE
  5
705
330
17
100
AcDbEntity
  8
0
100
AcDbCircle
 10
19.4493717575763
 20
100.39329022167105
 30
0.0
 40
3.0
  0
CIRCLE
  5
706
330
17
100
AcDbEntity
  8
0
100
AcDbCircle
 10
289.53009711193386
 20
228.02882094398328
 30
0.0
 40
3.0
  0
CIRCLE
  5
707
330
17
100
AcDbEntity
  8
0
100
AcDbCircle
 10
384.27603210451207
 20
24.562160367724783
 30
0.0
 40
3.0
  0
CIRCLE
  5
708
330
17
100
AcDbEntity
  8
0
100
AcDbCircle
 10
72.91670514901872
 20
620.4727502220074
 30
0.0
 40
3.0
  0
CIRCLE
  5
709
330
17
100
AcDbEntity
  8
0
100
AcDbCircle
 10
84.43277177729146
 20
996.5496883857883
 30
0.0
 40
3.0
  0
CIRCLE
  5
70A
330
17
100
AcDbEntity
  8
0
100
AcDbCircle
 10
513.3353271986143
 20
261.34472205966824
 30
0.0
 40
3.0
  0
CIRCLE
  5
70B
330
17
100
AcDbEntity
  8
0
100
AcDbCircle
 10
131.46167424874716
 20
596.5262510780705
 30
0.0
 40
3.0
  0
CIRCLE
  5
70C
330
17
100
AcDbEntity
  8
0
100
AcDbCircle
 10
912.4534735018225
 20
232.20659490689908
 30
0.0
 40
3.0
  0
CIRCLE
  5
70D
330
17
100
AcDbEntity
  8
0
100
AcDbCircle
 10
763.2432198910906
 20
408.0386322592789
 30
0.0
 40
3.0
  0
CIRCLE
  5
70E
330
17
100
AcDbEntity
  8
0
100
AcDbCircle
 10
784.5500121104959
 20
625.8318225025106
 30
0.0
 40
3.0
  0
CIRCLE
  5
70F
330
17
100
AcDbEntity
  8
0
100
AcDbCircle
 10
972.4623319954436
 20
543.205438095191
 30
0.0
 40
3.0
  0
CIRCLE
  5
710
330
17
100
AcDbEntity
  8
0
100
AcDbCircle
 10
28.335270669239268
 20
162.0032056634997
 30
0.0
 40
3.0
  0
CIRCLE
  5
711
330
17
100
AcDbEntity
  8
0
100
AcDbCircle
 10
445.26040699307856
 20
996.3556276558932
 30
0.0
 40
3.0
  0
CIRCLE
  5
712
330
17
100
AcDbEntity
  8
0
100
AcDbCircle
 10
617.8056693785226
 20
570.3978088661715
 30
0.0
 40
3.0
  0
CIRCLE
  5
713
330
17
100
AcDbEntity
  8
0
100
AcDbCircle
 10
649.6613696888704
 20
427.3528380182996
 30
0.0
 40
3.0
  0
CIRCLE
  5
714
330
17
100
AcDbEntity
  8
0
100
AcDbCircle
 10
311.66496000355266
 20
897.9134273436746
 30
0.0
 40
3.0
  0
CIRCLE
  5
715
330
17
100
AcDbEntity
  8
0
100
AcDbCircle
 10
915.9331547711993
 20
226.11406969007294
 30
0.0
 40
3.0
  0
CIRCLE
  5
716
330
17
100
AcDbEntity
  8
0
100
AcDbCircle
 10
577.3055321894167
 20
730.6962418940212
 30
0.0
 40
3.0
  0
CIRCLE
  5
717
330
17
100
AcDbEntity
  8
0
100
AcDbCircle
 10
859.9020388884257
 20
275.0802462162608
 30
0.0
 40
3.0
  0
CIRCLE
  5
718
330
17
100
AcDbEntity
  8
0
100
AcDbCircle
 10
29.418466967995084
 20
623.0430266697012
 30
0.0
 40
3.0
  0
CIRCLE
  5
719
330
17
100
AcDbEntity
  8
0
100
AcDbCircle
 10
325.48033419860775
 20
803.1319779205883
 30
0.0
 40
3.0
  0
CIRCLE
  5
71A
330
17
100
AcDbEntity
  8
0
100
AcDbCircle
 10
6.315003020331482
 20
965.3385139352855
 30
0.0
 40
3.0
  0
CIRCLE
  5
71B
330
17
100
AcDbEntity
  8
0
100
AcDbCircle
 10
902.1397969884414
 20
203.52392918953493
 30
0.0
 40
3.0
  0
CIRCLE
  5
71C
330
17
100
AcDbEntity
  8
0
100
AcDbCircle
 10
761.6667043114003
 20
810.5169347420729
 30
0.0
 40
3.0
  0
CIRCLE
  5
71D
330
17
100
AcDbEntity
  8
0
100
AcDbCircle
 10
112.30843880480498
 20
3.502829657117359
 30
0.0
 40
3.0
  0
CIRCLE
  5
71E
330
17
100
AcDbEntity
  8
0
100
AcDbCircle
 10
786.1559282100594
 20
914.3692894337244
 30
0.0
 40
3.0
  0
CIRCLE
  5
71F
330
17
100
AcDbEntity
  8
0
100
AcDbCircle
 10
821.5366964911437
 20
195.95593986779005
 30
0.0
 40
3.0
  0
CIRCLE
  5
720
330
17
100
AcDbEntity
  8
0
100
AcDbCircle
 10
579.8043454618605
 20
320.52186465008776
 30
0.0
 40
3.0
  0
CIRCLE
  5
721
330
17
100
AcDbEntity
  8
0
100
AcDbCircle
 10
745.5833294835787
 20
954.2245614854089
 30
0.0
 40
3.0
  0
CIRCLE
  5
722
330
17
100
AcDbEntity
  8
0
100
AcDbCircle
 10
647.3865779781119
 20
396.02398027615556
 30
0.0
 40
3.0
  0
CIRCLE
  5
723
330
17
100
AcDbEntity
  8
0
100
AcDbCircle
 10
404.88299470244436
 20
340.9422435798687
 30
0.0
 40
3.0
  0
CIRCLE
  5
724
330
17
100
AcDbEntity
  8
0
100
AcDbCircle
 10
417.1066622006797
 20
43.97689545851829
 30
0.0
 40
3.0
  0
CIRCLE
  5
725
330
17
100
AcDbEntity
  8
0
100
AcDbCircle
 10
832.8099015913307
 20
478.2348283749108
 30
0.0
 40
3.0
  0
CIRCLE
  5
726
330
17
100
AcDbEntity
  8
0
100
AcDbCircle
 10
335.75843524162235
 20
479.7963786346386
 30
0.0
 40
3.0
  0
CIRCLE
  5
727
330
17
100
AcDbEntity
  8
0
100
AcDbCircle
 10
787.1289329562895
 20
575.8942733262463
 30
0.0
 40
3.0
  0
CIRCLE
  5
728
330
17
100
AcDbEntity
  8
0
100
AcDbCircle
 10
595.3515334635418
 20
358.8262052719726
 30
0.0
 40
3.0
  0
CIRCLE
  5
729
330
17
100
AcDbEntity
  8
0
100
AcDbCircle
 10
865.013308267761
 20
989.9500265826624
 30
0.0
 40
3.0
  0
CIRCLE
  5
72A
330
17
100
AcDbEntity
  8
0
100
AcDbCircle
 10
537.4662439816318
 20
407.96710180509314
 30
0.0
 40
3.0
  0
CIRCLE
  5
72B
330
17
100
AcDbEntity
  8
0
100
AcDbCircle
 10
633.828470036634
 20
873.7447082845497
 30
0.0
 40
3.0
  0
CIRCLE
  5
72C
330
17
100
AcDbEntity
  8
0
100
AcDbCircle
 10
793.7827838245078
 20
675.3589983681438
 30
0.0
 40
3.0
  0
CIRCLE
  5
72D
330
17
100
AcDbEntity
  8
0
100
AcDbCircle
 10
672.870588695641
 20
397.25162280005037
 30
0.0
 40
3.0
  0
CIRCLE
  5
72E
330
17
100
AcDbEntity
  8
0
100
AcDbCircle
 10
194.40779454054257
 20
908.9158497325727
 30
0.0
 40
3.0
  0
CIRCLE
  5
72F
330
17
100
AcDbEntity
  8
0
100
AcDbCircle
 10
785.8930003510773
 20
720.6334598258469
 30
0.0
 40
3.0
  0
CIRCLE
  5
730
330
17
100
AcDbEntity
  8
0
100
AcDbCircle
 10
862.0521315307186
 20
909.8353753193846
 30
0.0
 40
3.0
  0
CIRCLE
  5
731
330
17
100
AcDbEntity
  8
0
100
AcDbCircle
 10
235.72739972411125
 20
106.20508682790735
 30
0.0
 40
3.0
  0
CIRCLE
  5
732
330
17
100
AcDbEntity
  8
0
100
AcDbCircle
 10
181.65137291407362
 20
427.5644220431628
 30
0.0
 40
3.0
  0
CIRCLE
  5
733
330
17
100
AcDbEntity
  8
0
100
AcDbCircle
 10
885.9263351194614
 20
516.3730563243656
 30
0.0
 40
3.0
  0
CIRCLE
  5
734
330
17
100
AcDbEntity
  8
0
100
AcDbCircle
 10
4.078029091364798
 20
524.7953096057576
 30
0.0
 40
3.0
  0
CIRCLE
  5
735
330
17
100
AcDbEntity
  8
0
100
AcDbCircle
 10
624.0579204881127
 20
960.599086987891
 30
0.0
 40
3.0
  0
CIRCLE
  5
736
330
17
100
AcDbEntity
  8
0
100
AcDbCircle
 10
996.5345176191281
 20
921.9859299823529
 30
0.0
 40
3.0
  0
CIRCLE
  5
737
330
17
100
AcDbEntity
  8
0
100
AcDbCircle
 10
746.3792949080981
 20
801.3118545195455
 30
0.0
 40
3.0
  0
CIRCLE
  5
738
330
17
100
AcDbEntity
  8
0
100
AcDbCircle
 10
342.7725388337025
 20
845.7357616536782
 30
0.0
 40
3.0
  0
CIRCLE
  5
739
330
17
100
AcDbEntity
  8
0
100
AcDbCircle
 10
71.16354342087548
 20
514.3277742703162
 30
0.0
 40
3.0
  0
CIRCLE
  5
73A
330
17
100
AcDbEntity
  8
0
100
AcDbCircle
 10
996.81306386073
 20
242.54358835496194
 30
0.0
 40
3.0
  0
CIRCLE
  5
73B
330
17
100
AcDbEntity
  8
0
100
AcDbCircle
 10
710.7598426884203
 20
189.1939270407329
 30
0.0
 40
3.0
  0
CIRCLE
  5
73C
330
17
100
AcDbEntity
  8
0
100
AcDbCircle
 10
126.47391715372589
 20
339.4528395700369
 30
0.0
 40
3.0
  0
CIRCLE
  5
73D
330
17
100
AcDbEntity
  8
0
100
AcDbCircle
 10
43.04529760137667
 20
991.2869332228796
 30
0.0
 40
3.0
  0
CIRCLE
  5
73E
330
17
100
AcDbEntity
  8
0
100
AcDbCircle
 10
657.465505325271
 20
155.3129943165806
 30
0.0
 40
3.0
  0
CIRCLE
  5
73F
330
17
100
AcDbEntity
  8
0
100
AcDbCircle
 10
829.4507322095164
 20
787.2726935590049
 30
0.0
 40
3.0
  0
CIRCLE
  5
740
330
17
100
AcDbEntity
  8
0
100
AcDbCircle
 10
540.840729811053
 20
314.65936350831083
 30
0.0
 40
3.0
  0
CIRCLE
  5
741
330
17
100
AcDbEntity
  8
0
100
AcDbCircle
 10
684.9937512309587
 20
791.3457084782513
 30
0.0
 40
3.0
  0
CIRCLE
  5
742
330
17
100
AcDbEntity
  8
0
100
AcDbCircle
 10
366.4111550611411
 20
650.1672123851056
 30
0.0
 40
3.0
  0
CIRCLE
  5
743
330
17
100
AcDbEntity
  8
0
100
AcDbCircle
 10
507.97641757732566
 20
112.45393797338305
 30
0.0
 40
3.0
  0
CIRCLE
  5
744
330
17
100
AcDbEntity
  8
0
100
AcDbCircle
 10
274.390036352804
 20
561.3059134676395
 30
0.0
 40
3.0
  0
CIRCLE
  5
745
330
17
100
AcDbEntity
  8
0
100
AcDbCircle
 10
736.032537877654
 20
37.285394056949855
 30
0.0
 40
3.0
  0
CIRCLE
  5
746
330
17
100
AcDbEntity
  8
0
100
AcDbCircle
 10
139.22423658357332
 20
349.63358365522845
 30
0.0
 40
3.0
  0
CIRCLE
  5
747
330
17
100
AcDbEntity
  8
0
100
AcDbCircle
 10
134.097025966312
 20
337.1345276336016
 30
0.0
 40
3.0
  0
CIRCLE
  5
748
330
17
100
AcDbEntity
  8
0
100
AcDbCircle
 10
56.022526362047536
 20
114.49799605192561
 30
0.0
 40
3.0
  0
CIRCLE
  5
749
330
17
100
AcDbEntity
  8
0
100
AcDbCircle
 10
283.8119014855842
 20
218.32258971294056
 30
0.0
 40
3.0
  0
CIRCLE
  5
74A
330
17
100
AcDbEntity
  8
0
100
AcDbCircle
 10
692.7413235519601
 20
752.4036695077233
 30
0.0
 40
3.0
  0
CIRCLE
  5
74B
330
17
100
AcDbEntity
  8
0
100
AcDbCircle
 10
156.39141690295307
 20
513.7139360079606
 30
0.0
 40
3.0
  0
CIRCLE
  5
74C
330
17
100
AcDbEntity
  8
0
100
AcDbCircle
 10
10.156192453413022
 20
783.0874585878419
 30
0.0
 40
3.0
  0
CIRCLE
  5
74D
330
17
100
AcDbEntity
  8
0
100
AcDbCircle
 10
633.6808797329667
 20
43.97082407165269
 30
0.0
 40
3.0
  0
CIRCLE
  5
74E
330
17
100
AcDbEntity
  8
0
100
AcDbCircle
 10
506.8700933519916
 20
213.25683356120607
 30
0.0
 40
3.0
  0
CIRCLE
  5
74F
330
17
100
AcDbEntity
  8
0
100
AcDbCircle
 10
234.66682547424165
 20
292.1633341868157
 30
0.0
 40
3.0
  0
CIRCLE
  5
750
330
17
100
AcDbEntity
  8
0
100
AcDbCircle
 10
115.56538517048428
 20
155.81056567647036
 30
0.0
 40
3.0
  0
CIRCLE
  5
751
330
17
100
AcDbEntity
  8
0
100
AcDbCircle
 10
883.7615277374098
 20
525.6839898881586
 30
0.0
 40
3.0
  0
CIRCLE
  5
752
330
17
100
AcDbEntity
  8
0
100
AcDbCircle
 10
700.3375079388201
 20
821.6342183461264
 30
0.0
 40
3.0
  0
CIRCLE
  5
753
330
17
100
AcDbEntity
  8
0
100
AcDbCircle
 10
314.71123916277344
 20
975.6772215183256
 30
0.0
 40
3.0
  0
CIRCLE
  5
754
330
17
100
AcDbEntity
  8
0
100
AcDbCircle
 10
418.34578101258467
 20
564.4614170355976
 30
0.0
 40
3.0
  0
CIRCLE
  5
755
330
17
100
AcDbEntity
  8
0
100
AcDbCircle
 10
94.48315962067066
 20
873.8467413531556
 30
0.0
 40
3.0
  0
CIRCLE
  5
756
330
17
100
AcDbEntity
  8
0
100
AcDbCircle
 10
661.678423891928
 20
469.21437588753145
 30
0.0
 40
3.0
  0
CIRCLE
  5
757
330
17
100
AcDbEntity
  8
0
100
AcDbCircle
 10
95.38678361071493
 20
830.7114524896892
 30
0.0
 40
3.0
  0
CIRCLE
  5
758
330
17
100
AcDbEntity
  8
0
100
AcDbCircle
 10
582.2701845553011
 20
118.72368181461472
 30
0.0
 40
3.0
  0
CIRCLE
  5
759
330
17
100
AcDbEntity
  8
0
100
AcDbCircle
 10
388.0494878987076
 20
680.0672188589318
 30
0.0
 40
3.0
  0
CIRCLE
  5
75A
330
17
100
AcDbEntity
  8
0
100
AcDbCircle
 10
287.83242687843125
 20
175.93673551553857
 30
0.0
 40
3.0
  0
CIRCLE
  5
75B
330
17
100
AcDbEntity
  8
0
100
AcDbCircle
 10
703.2728788788
 20
413.8268580230904
 30
0.0
 40
3.0
  0
CIRCLE
  5
75C
330
17
100
AcDbEntity
  8
0
100
AcDbCircle
 10
798.9445102533466
 20
26.68050169968897
 30
0.0
 40
3.0
  0
CIRCLE
  5
75D
330
17
100
AcDbEntity
  8
0
100
AcDbCircle
 10
773.4643175438146
 20
627.9781293922364
 30
0.0
 40
3.0
  0
CIRCLE
  5
75E
330
17
100
AcDbEntity
  8
0
100
AcDbCircle
 10
61.39344886954198
 20
849.3579516492293
 30
0.0
 40
3.0
  0
CIRCLE
  5
75F
330
17
100
AcDbEntity
  8
0
100
AcDbCircle
 10
172.82435955138934
 20
105.94985485727386
 30
0.0
 40
3.0
  0
CIRCLE
  5
760
330
17
100
AcDbEntity
  8
0
100
AcDbCircle
 10
71.45467467896292
 20
504.23617607543684
 30
0.0
 40
3.0
  0
CIRCLE
  5
761
330
17
100
AcDbEntity
  8
0
100
AcDbCircle
 10
304.8968776855409
 20
629.9933748555461
 30
0.0
 40
3.0
  0
CIRCLE
  5
762
330
17
100
AcDbEntity
  8
0
100
AcDbCircle
 10
349.3971815356303
 20
481.8297740446728
 30
0.0
 40
3.0
  0
CIRCLE
  5
763
330
17
100
AcDbEntity
  8
0
100
AcDbCircle
 10
385.7339004233364
 20
965.5202572758654
 30
0.0
 40
3.0
  0
CIRCLE
  5
764
330
17
100
AcDbEntity
  8
0
100
AcDbCircle
 10
582.0586515325227
 20
743.3675698436004
 30
0.0
 40
3.0
  0
CIRCLE
  5
765
330
17
100
AcDbEntity
  8
0
100
AcDbCircle
 10
761.3785490762313
 20
912.256110924951
 30
0.0
 40
3.0
  0
CIRCLE
  5
766
330
17
100
AcDbEntity
  8
0
100
AcDbCircle
 10
251.7329684774856
 20
763.3668989323137
 30
0.0
 40
3.0
  0
CIRCLE
  5
767
330
17
100
AcDbEntity
  8
0
100
AcDbCircle
 10
920.9406419177286
 20
986.186089936535
 30
0.0
 40
3.0
  0
CIRCLE
  5
768
330
17
100
AcDbEntity
  8
0
100
AcDbCircle
 10
698.1314365309145
 20
321.81448061695625
 30
0.0
 40
3.0
  0
CIRCLE
  5
769
330
17
100
AcDbEntity
  8
0
100
AcDbCircle
 10
598.94367048131
 20
442.6705004512387
 30
0.0
 40
3.0
  0
CIRCLE
  5
76A
330
17
100
AcDbEntity
  8
0
100
AcDbCircle
 10
966.1116162251853
 20
579.1847815856679
 30
0.0
 40
3.0
  0
CIRCLE
  5
76B
330
17
100
AcDbEntity
  8
0
100
AcDbCircle
 10
48.97578150898897
 20
24.359676398094855
 30
0.0
 40
3.0
  0
CIRCLE
  5
76C
330
17
100
AcDbEntity
  8
0
100
AcDbCircle
 10
3.085956535629398
 20
212.04523641703233
 30
0.0
 40
3.0
  0
CIRCLE
  5
76D
330
17
100
AcDbEntity
  8
0
100
AcDbCircle
 10
747.9197883637725
 20
155.0307497489281
 30
0.0
 40
3.0
  0
CIRCLE
  5
76E
330
17
100
AcDbEntity
  8
0
100
AcDbCircle
 10
428.95933122508444
 20
430.2358397731998
 30
0.0
 40
3.0
  0
CIRCLE
  5
76F
330
17
100
AcDbEntity
  8
0
100
AcDbCircle
 10
396.5449281884029
 20
566.0754070431411
 30
0.0
 40
3.0
  0
CIRCLE
  5
770
330
17
100
AcDbEntity
  8
0
100
AcDbCircle
 10
140.72943777278527
 20
338.3434274587131
 30
0.0
 40
3.0
  0
CIRCLE
  5
771
330
17
100
AcDbEntity
  8
0
100
AcDbCircle
 10
687.3575185554009
 20
817.2572888607493
 30
0.0
 40
3.0
  0
CIRCLE
  5
772
330
17
100
AcDbEntity
  8
0
100
AcDbCircle
 10
880.5407124680205
 20
631.3273167118622
 30
0.0
 40
3.0
  0
CIRCLE
  5
773
330
17
100
AcDbEntity
  8
0
100
AcDbCircle
 10
143.93258039919849
 20
245.31891737907137
 30
0.0
 40
3.0
  0
CIRCLE
  5
774
330
17
100
AcDbEntity
  8
0
100
AcDbCircle
 10
157.17607854939192
 20
883.1241900935261
 30
0.0
 40
3.0
  0
CIRCLE
  5
775
330
17
100
AcDbEntity
  8
0
100
AcDbCircle
 10
486.5640647223291
 20
60.61913700596514
 30
0.0
 40
3.0
  0
CIRCLE
  5
776
330
17
100
AcDbEntity
  8
0
100
AcDbCircle
 10
637.3282757604097
 20
122.61203525802833
 30
0.0
 40
3.0
  0
CIRCLE
  5
777
330
17
100
AcDbEntity
  8
0
100
AcDbCircle
 10
489.10758185977795
 20
996.2344017563915
 30
0.0
 40
3.0
  0
CIRCLE
  5
778
330
17
100
AcDbEntity
  8
0
100
AcDbCircle
 10
438.4049691578124
 20
750.4010201786598
 30
0.0
 40
3.0
  0
CIRCLE
  5
779
330
17
100
AcDbEntity
  8
0
100
AcDbCircle
 10
372.3772590185266
 20
718.1450597735848
 30
0.0
 40
3.0
  0
CIRCLE
  5
77A
330
17
100
AcDbEntity
  8
0
100
AcDbCircle
 10
780.5184848615698
 20
717.4535089571857
 30
0.0
 40
3.0
  0
CIRCLE
  5
77B
330
17
100
AcDbEntity
  8
0
100
AcDbCircle
 10
181.1033821101587
 20
207.98945225122807
 30
0.0
 40
3.0
  0
CIRCLE
  5
77C
330
17
100
AcDbEntity
  8
0
100
AcDbCircle
 10
88.34637555456071
 20
61.129016948747115
 30
0.0
 40
3.0
  0
CIRCLE
  5
77D
330
17
100
AcDbEntity
  8
0
100
AcDbCircle
 10
45.69745516028542
 20
618.7993448010297
 30
0.0
 40
3.0
  0
CIRCLE
  5
77E
330
17
100
AcDbEntity
  8
0
100
AcDbCircle
 10
234.15464408264359
 20
13.52730028604306
 30
0.0
 40
3.0
  0
CIRCLE
  5
77F
330
17
100
AcDbEntity
  8
0
100
AcDbCircle
 10
922.9658175973625
 20
234.89471809021734
 30
0.0
 40
3.0
  0
CIRCLE
  5
780
330
17
100
AcDbEntity
  8
0
100
AcDbCircle
 10
49.185479376194266
 20
757.8343661907311
 30
0.0
 40
3.0
  0
CIRCLE
  5
781
330
17
100
AcDbEntity
  8
0
100
AcDbCircle
 10
219.89396628345023
 20
3.2423240792082004
 30
0.0
 40
3.0
  0
CIRCLE
  5
782
330
17
100
AcDbEntity
  8
0
100
AcDbCircle
 10
876.6381352730899
 20
717.3637493627745
 30
0.0
 40
3.0
  0
CIRCLE
  5
783
330
17
100
AcDbEntity
  8
0
100
AcDbCircle
 10
705.0895299934493
 20
806.4461593475967
 30
0.0
 40
3.0
  0
CIRCLE
  5
784
330
17
100
AcDbEntity
  8
0
100
AcDbCircle
 10
517.655165831251
 20
729.1344837419929
 30
0.0
 40
3.0
  0
CIRCLE
  5
785
330
17
100
AcDbEntity
  8
0
100
AcDbCircle
 10
976.7780995241504
 20
686.2808034605118
 30
0.0
 40
3.0
  0
CIRCLE
  5
786
330
17
100
AcDbEntity
  8
0
100
AcDbCircle
 10
3.2758365406572403
 20
189.35668205264832
 30
0.0
 40
3.0
  0
CIRCLE
  5
787
330
17
100
AcDbEntity
  8
0
100
AcDbCircle
 10
607.1982423084193
 20
738.7228027495768
 30
0.0
 40
3.0
  0
CIRCLE
  5
788
330
17
100
AcDbEntity
  8
0
100
AcDbCircle
 10
194.18736421282856
 20
530.7931675049208
 30
0.0
 40
3.0
  0
CIRCLE
  5
789
330
17
100
AcDbEntity
  8
0
100
AcDbCircle
 10
153.10489658430484
 20
318.20037536859
 30
0.0
 40
3.0
  0
CIRCLE
  5
78A
330
17
100
AcDbEntity
  8
0
100
AcDbCircle
 10
288.6629365006785
 20
717.0149698612768
 30
0.0
 40
3.0
  0
CIRCLE
  5
78B
330
17
100
AcDbEntity
  8
0
100
AcDbCircle
 10
320.1494891705388
 20
369.69787841896385
 30
0.0
 40
3.0
  0
CIRCLE
  5
78C
330
17
100
AcDbEntity
  8
0
100
AcDbCircle
 10
79.01363938518583
 20
427.9159764577607
 30
0.0
 40
3.0
  0
CIRCLE
  5
78D
330
17
100
AcDbEntity
  8
0
100
AcDbCircle
 10
383.8327877420895
 20
123.14848601723226
 30
0.0
 40
3.0
  0
CIRCLE
  5
78E
330
17
100
AcDbEntity
  8
0
100
AcDbCircle
 10
298.18363473208655
 20
423.0094187754958
 30
0.0
 40
3.0
  0
CIRCLE
  5
78F
330
17
100
AcDbEntity
  8
0
100
AcDbCircle
 10
264.52715426884106
 20
613.5914331879131
 30
0.0
 40
3.0
  0
CIRCLE
  5
790
330
17
100
AcDbEntity
  8
0
100
AcDbCircle
 10
276.06029304161973
 20
589.9316338133655
 30
0.0
 40
3.0
  0
CIRCLE
  5
791
330
17
100
AcDbEntity
  8
0
100
AcDbCircle
 10
964.1356935857569
 20
110.6667467478004
 30
0.0
 40
3.0
  0
CIRCLE
  5
792
330
17
100
AcDbEntity
  8
0
100
AcDbCircle
 10
102.0898174894916
 20
781.0445299777762
 30
0.0
 40
3.0
  0
CIRCLE
  5
793
330
17
100
AcDbEntity
  8
0
100
AcDbCircle
 10
990.2944817633598
 20
79.30433101417496
 30
0.0
 40
3.0
  0
CIRCLE
  5
794
330
17
100
AcDbEntity
  8
0
100
AcDbCircle
 10
387.3892902628511
 20
38.167334022618164
 30
0.0
 40
3.0
  0
CIRCLE
  5
795
330
17
100
AcDbEntity
  8
0
100
AcDbCircle
 10
142.97938220979484
 20
491.5084986755883
 30
0.0
 40
3.0
  0
CIRCLE
  5
796
330
17
100
AcDbEntity
  8
0
100
AcDbCircle
 10
441.5041504645683
 20
787.4167910732816
 30
0.0
 40
3.0
  0
CIRCLE
  5
797
330
17
100
AcDbEntity
  8
0
100
AcDbCircle
 10
946.1585432521529
 20
193.1759703509464
 30
0.0
 40
3.0
  0
CIRCLE
  5
798
330
17
100
AcDbEntity
  8
0
100
AcDbCircle
 10
180.09739998799066
 20
216.26927759772897
 30
0.0
 40
3.0
  0
CIRCLE
  5
799
330
17
100
AcDbEntity
  8
0
100
AcDbCircle
 10
101.9802622149199
 20
259.452214868292
 30
0.0
 40
3.0
  0
CIRCLE
  5
79A
330
17
100
AcDbEntity
  8
0
100
AcDbCircle
 10
323.8730185764364
 20
277.4694183322965
 30
0.0
 40
3.0
  0
CIRCLE
  5
79B
330
17
100
AcDbEntity
  8
0
100
AcDbCircle
 10
368.0373410215486
 20
355.13152963472356
 30
0.0
 40
3.0
  0
CIRCLE
  5
79C
330
17
100
AcDbEntity
  8
0
100
AcDbCircle
 10
964.1649307830694
 20
669.335924018708
 30
0.0
 40
3.0
  0
CIRCLE
  5
79D
330
17
100
AcDbEntity
  8
0
100
AcDbCircle
 10
115.62182237502526
 20
526.947317522551
 30
0.0
 40
3.0
  0
CIRCLE
  5
79E
330
17
100
AcDbEntity
  8
0
100
AcDbCircle
 10
469.66690962109595
 20
88.25255710780853
 30
0.0
 40
3.0
  0
CIRCLE
  5
79F
330
17
100
AcDbEntity
  8
0
100
AcDbCircle
 10
781.17242015285
 20
703.2802266019744
 30
0.0
 40
3.0
  0
CIRCLE
  5
7A0
330
17
100
AcDbEntity
  8
0
100
AcDbCircle
 10
524.0974714104033
 20
483.2210399945621
 30
0.0
 40
3.0
  0
CIRCLE
  5
7A1
330
17
100
AcDbEntity
  8
0
100
AcDbCircle
 10
784.6622435332927
 20
42.54175463775117
 30
0.0
 40
3.0
  0
CIRCLE
  5
7A2
330
17
100
AcDbEntity
  8
0
100
AcDbCircle
 10
461.6312257220501
 20
757.3388697122882
 30
0.0
 40
3.0
  0
CIRCLE
  5
7A3
330
17
100
AcDbEntity
  8
0
100
AcDbCircle
 10
652.1205163593366
 20
95.12198609724854
 30
0.0
 40
3.0
  0
CIRCLE
  5
7A4
330
17
100
AcDbEntity
  8
0
100
AcDbCircle
 10
411.3695823293928
 20
423.9305971582684
 30
0.0
 40
3.0
  0
CIRCLE
  5
7A5
330
17
100
AcDbEntity
  8
0
100
AcDbCircle
 10
823.7397730941997
 20
666.6500030752417
 30
0.0
 40
3.0
  0
CIRCLE
  5
7A6
330
17
100
AcDbEntity
  8
0
100
AcDbCircle
 10
22.30906970671136
 20
776.5157560371518
 30
0.0
 40
3.0
  0
CIRCLE
  5
7A7
330
17
100
AcDbEntity
  8
0
100
AcDbCircle
 10
785.7859008825764
 20
228.00881872953158
 30
0.0
 40
3.0
  0
CIRCLE
  5
7A8
330
17
100
AcDbEntity
  8
0
100
AcDbCircle
 10
996.5955804122833
 20
632.5464651580781
 30
0.0
 40
3.0
  0
CIRCLE
  5
7A9
330
17
100
AcDbEntity
  8
0
100
AcDbCircle
 10
76.24704807892317
 20
49.380078164743104
 30
0.0
 40
3.0
  0
CIRCLE
  5
7AA
330
17
100
AcDbEntity
  8
0
100
AcDbCircle
 10
767.5316854305056
 20
837.057497421545
 30
0.0
 40
3.0
  0
CIRCLE
  5
7AB
330
17
100
AcDbEntity
  8
0
100
AcDbCircle
 10
385.0795050218969
 20
287.129414087398
 30
0.0
 40
3.0
  0
CIRCLE
  5
7AC
330
17
100
AcDbEntity
  8
0
100
AcDbCircle
 10
557.1481914062769
 20
397.68337680714296
 30
0.0
 40
3.0
  0
CIRCLE
  5
7AD
330
17
100
AcDbEntity
  8
0
100
AcDbCircle
 10
236.70002652311825
 20
807.5188375237897
 30
0.0
 40
3.0
  0
CIRCLE
  5
7AE
330
17
100
AcDbEntity
  8
0
100
AcDbCircle
 10
892.928458907857
 20
821.7080053473594
 30
0.0
 40
3.0
  0
CIRCLE
  5
7AF
330
17
100
AcDbEntity
  8
0
100
AcDbCircle
 10
114.99411167715108
 20
549.9938017313556
 30
0.0
 40
3.0
  0
CIRCLE
  5
7B0
330
17
100
AcDbEntity
  8
0
100
AcDbCircle
 10
374.15239198653813
 20
686.4433994532823
 30
0.0
 40
3.0
  0
CIRCLE
  5
7B1
330
17
100
AcDbEntity
  8
0
100
AcDbCircle
 10
969.866511652348
 20
301.0396835573339
 30
0.0
 40
3.0
  0
CIRCLE
  5
7B2
330
17
100
AcDbEntity
  8
0
100
AcDbCircle
 10
873.8436329207
 20
146.07701988094087
 30
0.0
 40
3.0
  0
CIRCLE
  5
7B3
330
17
100
AcDbEntity
  8
0
100
AcDbCircle
 10
108.36998597454223
 20
11.50928480112572
 30
0.0
 40
3.0
  0
CIRCLE
  5
7B4
330
17
100
AcDbEntity
  8
0
100
AcDbCircle
 10
899.9773251946542
 20
111.94561416053207
 30
0.0
 40
3.0
  0
CIRCLE
  5
7B5
330
17
100
AcDbEntity
  8
0
100
AcDbCircle
 10
72.30928768966879
 20
78.93250436395276
 30
0.0
 40
3.0
  0
CIRCLE
  5
7B6
330
17
100
AcDbEntity
  8
0
100
AcDbCircle
 10
988.2015608355869
 20
612.8892391288429
 30
0.0
 40
3.0
  0
CIRCLE
  5
7B7
330
17
100
AcDbEntity
  8
0
100
AcDbCircle
 10
311.3759347730164
 20
246.38632307072854
 30
0.0
 40
3.0
  0
CIRCLE
  5
7B8
330
17
100
AcDbEntity
  8
0
100
AcDbCircle
 10
335.62850184538985
 20
68.96399921093702
 30
0.0
 40
3.0
  0
CIRCLE
  5
7B9
330
17
100
AcDbEntity
  8
0
100
AcDbCircle
 10
23.130406452578274
 20
68.41454443439738
 30
0.0
 40
3.0
  0
CIRCLE
  5
7BA
330
17
100
AcDbEntity
  8
0
100
AcDbCircle
 10
833.467730339784
 20
8.618918964268532
 30
0.0
 40
3.0
  0
CIRCLE
  5
7BB
330
17
100
AcDbEntity
  8
0
100
AcDbCircle
 10
285.539639799806
 20
593.5597964671628
 30
0.0
 40
3.0
  0
CIRCLE
  5
7BC
330
17
100
AcDbEntity
  8
0
100
AcDbCircle
 10
650.93869129532
 20
874.5267307484964
 30
0.0
 40
3.0
  0
CIRCLE
  5
7BD
330
17
100
AcDbEntity
  8
0
100
AcDbCircle
 10
638.5047837810957
 20
3.827015541561512
 30
0.0
 40
3.0
  0
CIRCLE
  5
7BE
330
17
100
AcDbEntity
  8
0
100
AcDbCircle
 10
688.5284330319879
 20
697.7579234012812
 30
0.0
 40
3.0
  0
CIRCLE
  5
7BF
330
17
100
AcDbEntity
  8
0
100
AcDbCircle
 10
9.460608030753274
 20
103.40099765188543
 30
0.0
 40
3.0
  0
CIRCLE
  5
7C0
330
17
100
AcDbEntity
  8
0
100
AcDbCircle
 10
9.664771321336524
 20
793.9960140419183
 30
0.0
 40
3.0
  0
CIRCLE
  5
7C1
330
17
100
AcDbEntity
  8
0
100
AcDbCircle
 10
153.38943643864147
 20
39.129105563254626
 30
0.0
 40
3.0
  0
CIRCLE
  5
7C2
330
17
100
AcDbEntity
  8
0
100
AcDbCircle
 10
342.965560212215
 20
79.3570931360656
 30
0.0
 40
3.0
  0
CIRCLE
  5
7C3
330
17
100
AcDbEntity
  8
0
100
AcDbCircle
 10
3.624794720916233
 20
362.9186332334991
 30
0.0
 40
3.0
  0
CIRCLE
  5
7C4
330
17
100
AcDbEntity
  8
0
100
AcDbCircle
 10
91.93456633336804
 20
608.3938192057118
 30
0.0
 40
3.0
  0
CIRCLE
  5
7C5
330
17
100
AcDbEntity
  8
0
100
AcDbCircle
 10
874.2367851161708
 20
814.3342791721268
 30
0.0
 40
3.0
  0
CIRCLE
  5
7C6
330
17
100
AcDbEntity
  8
0
100
AcDbCircle
 10
516.7641498046557
 20
113.51212590029893
 30
0.0
 40
3.0
  0
CIRCLE
  5
7C7
330
17
100
AcDbEntity
  8
0
100
AcDbCircle
 10
30.204994719802755
 20
277.3420516872603
 30
0.0
 40
3.0
  0
CIRCLE
  5
7C8
330
17
100
AcDbEntity
  8
0
100
AcDbCircle
 10
865.6557473632337
 20
200.3670377529293
 30
0.0
 40
3.0
  0
CIRCLE
  5
7C9
330
17
100
AcDbEntity
  8
0
100
AcDbCircle
 10
630.7924267547407
 20
397.0645038653263
 30
0.0
 40
3.0
  0
CIRCLE
  5
7CA
330
17
100
AcDbEntity
  8
0
100
AcDbCircle
 10
690.054152581571
 20
201.55545008329432
 30
0.0
 40
3.0
  0
CIRCLE
  5
7CB
330
17
100
AcDbEntity
  8
0
100
AcDbCircle
 10
438.0235940630091
 20
379.7873166819028
 30
0.0
 40
3.0
  0
CIRCLE
  5
7CC
330
17
100
AcDbEntity
  8
0
100
AcDbCircle
 10
262.6626339581434
 20
74.60275145221173
 30
0.0
 40
3.0
  0
CIRCLE
  5
7CD
330
17
100
AcDbEntity
  8
0
100
AcDbCircle
 10
985.586802488366
 20
994.7289470697107
 30
0.0
 40
3.0
  0
CIRCLE
  5
7CE
330
17
100
AcDbEntity
  8
0
100
AcDbCircle
 10
297.0471393496771
 20
398.0293515437197
 30
0.0
 40
3.0
  0
CIRCLE
  5
7CF
330
17
100
AcDbEntity
  8
0
100
AcDbCircle
 10
937.1901556901596
 20
817.7992477444025
 30
0.0
 40
3.0
  0
CIRCLE
  5
7D0
330
17
100
AcDbEntity
  8
0
100
AcDbCircle
 10
39.56588054913776
 20
434.0506907763105
 30
0.0
 40
3.0
  0
CIRCLE
  5
7D1
330
17
100
AcDbEntity
  8
0
100
AcDbCircle
 10
415.1404409685817
 20
534.9416286342054
 30
0.0
 40
3.0
  0
CIRCLE
  5
7D2
330
17
100
AcDbEntity
  8
0
100
AcDbCircle
 10
61.18514191839565
 20
129.51686132794816
 30
0.0
 40
3.0
  0
CIRCLE
  5
7D3
330
17
100
AcDbEntity
  8
0
100
AcDbCircle
 10
72.92545258280565
 20
744.3205666877594
 30
0.0
 40
3.0
  0
CIRCLE
  5
7D4
330
17
100
AcDbEntity
  8
0
100
AcDbCircle
 10
895.0895881335832
 20
892.8505618837288
 30
0.0
 40
3.0
  0
CIRCLE
  5
7D5
330
17
100
AcDbEntity
  8
0
100
AcDbCircle
 10
397.0313219288924
 20
377.7402383449641
 30
0.0
 40
3.0
  0
CIRCLE
  5
7D6
330
17
100
AcDbEntity
  8
0
100
AcDbCircle
 10
777.269832548562
 20
203.46746294882894
 30
0.0
 40
3.0
  0
CIRCLE
  5
7D7
330
17
100
AcDbEntity
  8
0
100
AcDbCircle
 10
333.7414908931869
 20
647.26210118866
 30
0.0
 40
3.0
  0
CIRCLE
  5
7D8
330
17
100
AcDbEntity
  8
0
100
AcDbCircle
 10
413.62830468346266
 20
981.4886448504664
 30
0.0
 40
3.0
  0
CIRCLE
  5
7D9
330
17
100
AcDbEntity
  8
0
100
AcDbCircle
 10
995.661461019768
 20
328.62546913637857
 30
0.0
 40
3.0
  0
CIRCLE
  5
7DA
330
17
100
AcDbEntity
  8
0
100
AcDbCircle
 10
792.1052011848188
 20
835.2743235631434
 30
0.0
 40
3.0
  0
CIRCLE
  5
7DB
330
17
100
AcDbEntity
  8
0
100
AcDbCircle
 10
214.16403795719748
 20
576.4692468273593
 30
0.0
 40
3.0
  0
CIRCLE
  5
7DC
330
17
100
AcDbEntity
  8
0
100
AcDbCircle
 10
202.67390786805362
 20
6.10618061894825
 30
0.0
 40
3.0
  0
CIRCLE
  5
7DD
330
17
100
AcDbEntity
  8
0
100
AcDbCircle
 10
689.4489381201773
 20
425.9586532636834
 30
0.0
 40
3.0
  0
CIRCLE
  5
7DE
330
17
100
AcDbEntity
  8
0
100
AcDbCircle
 10
356.66750971681114
 20
712.1522607199065
 30
0.0
 40
3.0
  0
CIRCLE
  5
7DF
330
17
100
AcDbEntity
  8
0
100
AcDbCircle
 10
193.9012451362594
 20
958.3602288206577
 30
0.0
 40
3.0
  0
CIRCLE
  5
7E0
330
17
100
AcDbEntity
  8
0
100
AcDbCircle
 10
547.9269512481692
 20
645.1402144786576
 30
0.0
 40
3.0
  0
CIRCLE
  5
7E1
330
17
100
AcDbEntity
  8
0
100
AcDbCircle
 10
311.66802779390093
 20
369.4663662817688
 30
0.0
 40
3.0
  0
CIRCLE
  5
7E2
330
17
100
AcDbEntity
  8
0
100
AcDbCircle
 10
4.818147172454142
 20
851.247884834921
 30
0.0
 40
3.0
  0
CIRCLE
  5
7E3
330
17
100
AcDbEntity
  8
0
100
AcDbCircle
 10
482.2437792334688
 20
932.2281534638937
 30
0.0
 40
3.0
  0
CIRCLE
  5
7E4
330
17
100
AcDbEntity
  8
0
100
AcDbCircle
 10
867.0921814833017
 20
559.8226352935959
 30
0.0
 40
3.0
  0
CIRCLE
  5
7E5
330
17
100
AcDbEntity
  8
0
100
AcDbCircle
 10
615.3347044148068
 20
537.3471537273863
 30
0.0
 40
3.0
  0
CIRCLE
  5
7E6
330
17
100
AcDbEntity
  8
0
100
AcDbCircle
 10
753.8719217682092
 20
794.9377012014994
 30
0.0
 40
3.0
  0
CIRCLE
  5
7E7
330
17
100
AcDbEntity
  8
0
100
AcDbCircle
 10
798.1403997075721
 20
840.608680737292
 30
0.0
 40
3.0
  0
CIRCLE
  5
7E8
330
17
100
AcDbEntity
  8
0
100
AcDbCircle
 10
730.858891107498
 20
407.2826268666146
 30
0.0
 40
3.0
  0
CIRCLE
  5
7E9
330
17
100
AcDbEntity
  8
0
100
AcDbCircle
 10
50.06165685009251
 20
963.6985506901835
 30
0.0
 40
3.0
  0
CIRCLE
  5
7EA
330
17
100
AcDbEntity
  8
0
100
AcDbCircle
 10
689.1073873559627
 20
552.7827701294577
 30
0.0
 40
3.0
  0
CIRCLE
  5
7EB
330
17
100
AcDbEntity
  8
0
100
AcDbCircle
 10
365.55744932775906
 20
161.07013087234785
 30
0.0
 40
3.0
  0
CIRCLE
  5
7EC
330
17
100
AcDbEntity
  8
0
100
AcDbCircle
 10
682.2698457498824
 20
23.80684055080469
 30
0.0
 40
3.0
  0
CIRCLE
  5
7ED
330
17
100
AcDbEntity
  8
0
100
AcDbCircle
 10
31.755685453692656
 20
129.01571076421956
 30
0.0
 40
3.0
  0
CIRCLE
  5
7EE
330
17
100
AcDbEntity
  8
0
100
AcDbCircle
 10
787.7604078979762
 20
727.573825838244
 30
0.0
 40
3.0
  0
CIRCLE
  5
7EF
330
17
100
AcDbEntity
  8
0
100
AcDbCircle
 10
695.7521568983799
 20
9.351505934006761
 30
0.0
 40
3.0
  0
CIRCLE
  5
7F0
330
17
100
AcDbEntity
  8
0
100
AcDbCircle
 10
624.25292796416
 20
967.623938089525
 30
0.0
 40
3.0
  0
CIRCLE
  5
7F1
330
17
100
AcDbEntity
  8
0
100
AcDbCircle
 10
988.6371360148504
 20
403.7379498036895
 30
0.0
 40
3.0
  0
CIRCLE
  5
7F2
330
17
100
AcDbEntity
  8
0
100
AcDbCircle
 10
678.4265477707083
 20
991.9184810558728
 30
0.0
 40
3.0
  0
CIRCLE
  5
7F3
330
17
100
AcDbEntity
  8
0
100
AcDbCircle
 10
640.8925421670546
 20
716.523384418155
 30
0.0
 40
3.0
  0
CIRCLE
  5
7F4
330
17
100
AcDbEntity
  8
0
100
AcDbCircle
 10
985.7106052495673
 20
479.99576861542255
 30
0.0
 40
3.0
  0
CIRCLE
  5
7F5
330
17
100
AcDbEntity
  8
0
100
AcDbCircle
 10
652.9943777415697
 20
455.8504627325924
 30
0.0
 40
3.0
  0
CIRCLE
  5
7F6
330
17
100
AcDbEntity
  8
0
100
AcDbCircle
 10
944.3224625148137
 20
973.2241597521927
 30
0.0
 40
3.0
  0
CIRCLE
  5
7F7
330
17
100
AcDbEntity
  8
0
100
AcDbCircle
 10
531.5025335292758
 20
292.52331310128073
 30
0.0
 40
3.0
  0
CIRCLE
  5
7F8
330
17
100
AcDbEntity
  8
0
100
AcDbCircle
 10
15.580555101161362
 20
894.8353998627398
 30
0.0
 40
3.0
  0
CIRCLE
  5
7F9
330
17
100
AcDbEntity
  8
0
100
AcDbCircle
 10
115.46163679359293
 20
802.5874402180104
 30
0.0
 40
3.0
  0
CIRCLE
  5
7FA
330
17
100
AcDbEntity
  8
0
100
AcDbCircle
 10
996.598621694232
 20
405.30937661010597
 30
0.0
 40
3.0
  0
CIRCLE
  5
7FB
330
17
100
AcDbEntity
  8
0
100
AcDbCircle
 10
365.9266055557535
 20
18.29643070920063
 30
0.0
 40
3.0
  0
CIRCLE
  5
7FC
330
17
100
AcDbEntity
  8
0
100
AcDbCircle
 10
887.6957339373971
 20
330.84782120522976
 30
0.0
 40
3.0
  0
CIRCLE
  5
7FD
330
17
100
AcDbEntity
  8
0
100
AcDbCircle
 10
356.2078450702175
 20
128.20507546630105
 30
0.0
 40
3.0
  0
CIRCLE
  5
7FE
330
17
100
AcDbEntity
  8
0
100
AcDbCircle
 10
746.398950616694
 20
300.40359134293493
 30
0.0
 40
3.0
  0
CIRCLE
  5
7FF
330
17
100
AcDbEntity
  8
0
100
AcDbCircle
 10
97.24807814084302
 20
756.8401553204702
 30
0.0
 40
3.0
  0
CIRCLE
  5
800
330
17
100
AcDbEntity
  8
0
100
AcDbCircle
 10
594.4701231387987
 20
978.3017606052265
 30
0.0
 40
3.0
  0
CIRCLE
  5
801
330
17
100
AcDbEntity
  8
0
100
AcDbCircle
 10
662.4474770717951
 20
718.8821912658449
 30
0.0
 40
3.0
  0
CIRCLE
  5
802
330
17
100
AcDbEntity
  8
0
100
AcDbCircle
 10
114.21645687465815
 20
250.22697852365806
 30
0.0
 40
3.0
  0
CIRCLE
  5
803
330
17
100
AcDbEntity
  8
0
100
AcDbCircle
 10
782.1284617500953
 20
790.7378852487288
 30
0.0
 40
3.0
  0
CIRCLE
  5
804
330
17
100
AcDbEntity
  8
0
100
AcDbCircle
 10
327.49969199423464
 20
503.8950520088226
 30
0.0
 40
3.0
  0
CIRCLE
  5
805
330
17
100
AcDbEntity
  8
0
100
AcDbCircle
 10
564.1406009376194
 20
97.96125785170162
 30
0.0
 40
3.0
  0
CIRCLE
  5
806
330
17
100
AcDbEntity
  8
0
100
AcDbCircle
 10
549.6132812667792
 20
413.651485360752
 30
0.0
 40
3.0
  0
CIRCLE
  5
807
330
17
100
AcDbEntity
  8
0
100
AcDbCircle
 10
201.6019352858411
 20
730.9238024515718
 30
0.0
 40
3.0
  0
CIRCLE
  5
808
330
17
100
AcDbEntity
  8
0
100
AcDbCircle
 10
656.9337439727589
 20
262.98622443703385
 30
0.0
 40
3.0
  0
CIRCLE
  5
809
330
17
100
AcDbEntity
  8
0
100
AcDbCircle
 10
159.68892348000816
 20
727.5969825144405
 30
0.0
 40
3.0
  0
CIRCLE
  5
80A
330
17
100
AcDbEntity
  8
0
100
AcDbCircle
 10
432.3493941338985
 20
177.15736691249475
 30
0.0
 40
3.0
  0
CIRCLE
  5
80B
330
17
100
AcDbEntity
  8
0
100
AcDbCircle
 10
531.6847840434076
 20
103.58956711491247
 30
0.0
 40
3.0
  0
CIRCLE
  5
80C
330
17
100
AcDbEntity
  8
0
100
AcDbCircle
 10
92.3668963409296
 20
765.0194056838977
 30
0.0
 40
3.0
  0
CIRCLE
  5
80D
330
17
100
AcDbEntity
  8
0
100
AcDbCircle
 10
184.98085912957083
 20
702.9227123297334
 30
0.0
 40
3.0
  0
CIRCLE
  5
80E
330
17
100
AcDbEntity
  8
0
100
AcDbCircle
 10
806.4997103808521
 20
819.7760117065994
 30
0.0
 40
3.0
  0
CIRCLE
  5
80F
330
17
100
AcDbEntity
  8
0
100
AcDbCircle
 10
777.2195389544622
 20
14.830955353205404
 30
0.0
 40
3.0
  0
CIRCLE
  5
810
330
17
100
AcDbEntity
  8
0
100
AcDbCircle
 10
504.73960172446647
 20
401.78366132738034
 30
0.0
 40
3.0
  0
CIRCLE
  5
811
330
17
100
AcDbEntity
  8
0
100
AcDbCircle
 10
90.27357026945215
 20
712.2523026778478
 30
0.0
 40
3.0
  0
CIRCLE
  5
812
330
17
100
AcDbEntity
  8
0
100
AcDbCircle
 10
200.61087494985853
 20
531.4133514509747
 30
0.0
 40
3.0
  0
CIRCLE
  5
813
330
17
100
AcDbEntity
  8
0
100
AcDbCircle
 10
11.561842031776301
 20
887.1986654076337
 30
0.0
 40
3.0
  0
CIRCLE
  5
814
330
17
100
AcDbEntity
  8
0
100
AcDbCircle
 10
83.27748524213071
 20
228.14460574220348
 30
0.0
 40
3.0
  0
CIRCLE
  5
815
330
17
100
AcDbEntity
  8
0
100
AcDbCircle
 10
895.9464272539338
 20
419.83507142913624
 30
0.0
 40
3.0
  0
CIRCLE
  5
816
330
17
100
AcDbEntity
  8
0
100
AcDbCircle
 10
433.2885855611015
 20
460.0336574350707
 30
0.0
 40
3.0
  0
CIRCLE
  5
817
330
17
100
AcDbEntity
  8
0
100
AcDbCircle
 10
519.60503092816
 20
745.0278572591527
 30
0.0
 40
3.0
  0
CIRCLE
  5
818
330
17
100
AcDbEntity
  8
0
100
AcDbCircle
 10
966.1918293686329
 20
531.1333368494334
 30
0.0
 40
3.0
  0
CIRCLE
  5
819
330
17
100
AcDbEntity
  8
0
100
AcDbCircle
 10
906.3152816307536
 20
921.1453610613848
 30
0.0
 40
3.0
  0
CIRCLE
  5
81A
330
17
100
AcDbEntity
  8
0
100
AcDbCircle
 10
913.8187774332687
 20
448.296440170634
 30
0.0
 40
3.0
  0
CIRCLE
  5
81B
330
17
100
AcDbEntity
  8
0
100
AcDbCircle
 10
11.084948379742984
 20
207.669029330714
 30
0.0
 40
3.0
  0
CIRCLE
  5
81C
330
17
100
AcDbEntity
  8
0
100
AcDbCircle
 10
399.7161507070439
 20
534.0055974571527
 30
0.0
 40
3.0
  0
CIRCLE
  5
81D
330
17
100
AcDbEntity
  8
0
100
AcDbCircle
 10
541.2119939991197
 20
641.7202756484355
 30
0.0
 40
3.0
  0
CIRCLE
  5
81E
330
17
100
AcDbEntity
  8
0
100
AcDbCircle
 10
6.559001268578061
 20
950.492438058188
 30
0.0
 40
3.0
  0
CIRCLE
  5
81F
330
17
100
AcDbEntity
  8
0
100
AcDbCircle
 10
741.3139458587664
 20
16.857894330718104
 30
0.0
 40
3.0
  0
CIRCLE
  5
820
330
17
100
AcDbEntity
  8
0
100
AcDbCircle
 10
439.2942327263846
 20
414.373741932325
 30
0.0
 40
3.0
  0
CIRCLE
  5
821
330
17
100
AcDbEntity
  8
0
100
AcDbCircle
 10
415.09212285593964
 20
570.6176416373253
 30
0.0
 40
3.0
  0
CIRCLE
  5
822
330
17
100
AcDbEntity
  8
0
100
AcDbCircle
 10
3.0118488764755575
 20
629.7728590158769
 30
0.0
 40
3.0
  0
CIRCLE
  5
823
330
17
100
AcDbEntity
  8
0
100
AcDbCircle
 10
520.6311662452425
 20
106.15763879465908
 30
0.0
 40
3.0
  0
CIRCLE
  5
824
330
17
100
AcDbEntity
  8
0
100
AcDbCircle
 10
464.62137846470523
 20
83.7354453308669
 30
0.0
 40
3.0
  0
CIRCLE
  5
825
330
17
100
AcDbEntity
  8
0
100
AcDbCircle
 10
438.7533693260747
 20
180.8105573808676
 30
0.0
 40
3.0
  0
CIRCLE
  5
826
330
17
100
AcDbEntity
  8
0
100
AcDbCircle
 10
103.86457274701823
 20
794.9237073890197
 30
0.0
 40
3.0
  0
CIRCLE
  5
827
330
17
100
AcDbEntity
  8
0
100
AcDbCircle
 10
769.186046848497
 20
59.59936474702215
 30
0.0
 40
3.0
  0
CIRCLE
  5
828
330
17
100
AcDbEntity
  8
0
100
AcDbCircle
 10
217.9762705773878
 20
983.2200909706843
 30
0.0
 40
3.0
  0
CIRCLE
  5
829
330
17
100
AcDbEntity
  8
0
100
AcDbCircle
 10
809.9036034388823
 20
869.7652085401467
 30
0.0
 40
3.0
  0
CIRCLE
  5
82A
330
17
100
AcDbEntity
  8
0
100
AcDbCircle
 10
345.2243993232318
 20
967.1429405996112
 30
0.0
 40
3.0
  0
CIRCLE
  5
82B
330
17
100
AcDbEntity
  8
0
100
AcDbCircle
 10
101.45308538935667
 20
348.9167715593444
 30
0.0
 40
3.0
  0
CIRCLE
  5
82C
330
17
100
AcDbEntity
  8
0
100
AcDbCircle
 10
755.4747961225381
 20
925.2426628548048
 30
0.0
 40
3.0
  0
CIRCLE
  5
82D
330
17
100
AcDbEntity
  8
0
100
AcDbCircle
 10
642.2669204962268
 20
672.3883629371868
 30
0.0
 40
3.0
  0
CIRCLE
  5
82E
330
17
100
AcDbEntity
  8
0
100
AcDbCircle
 10
270.84540269291034
 20
129.932046739186
 30
0.0
 40
3.0
  0
CIRCLE
  5
82F
330
17
100
AcDbEntity
  8
0
100
AcDbCircle
 10
615.2474827078878
 20
13.277345628330524
 30
0.0
 40
3.0
  0
CIRCLE
  5
830
330
17
100
AcDbEntity
  8
0
100
AcDbCircle
 10
832.7242577291295
 20
340.0867326098906
 30
0.0
 40
3.0
  0
CIRCLE
  5
831
330
17
100
AcDbEntity
  8
0
100
AcDbCircle
 10
34.963954096198385
 20
77.96682187651753
 30
0.0
 40
3.0
  0
CIRCLE
  5
832
330
17
100
AcDbEntity
  8
0
100
AcDbCircle
 10
38.149781606308196
 20
224.97639078579684
 30
0.0
 40
3.0
  0
CIRCLE
  5
833
330
17
100
AcDbEntity
  8
0
100
AcDbCircle
 10
949.7506018980449
 20
758.4850116792079
 30
0.0
 40
3.0
  0
CIRCLE
  5
834
330
17
100
AcDbEntity
  8
0
100
AcDbCircle
 10
971.225742213698
 20
711.2995381471391
 30
0.0
 40
3.0
  0
CIRCLE
  5
835
330
17
100
AcDbEntity
  8
0
100
AcDbCircle
 10
317.55209012272616
 20
272.78541929966224
 30
0.0
 40
3.0
  0
CIRCLE
  5
836
330
17
100
AcDbEntity
  8
0
100
AcDbCircle
 10
610.2464022155153
 20
9.437130978956072
 30
0.0
 40
3.0
  0
CIRCLE
  5
837
330
17
100
AcDbEntity
  8
0
100
AcDbCircle
 10
517.5675929692761
 20
202.82287478583757
 30
0.0
 40
3.0
  0
CIRCLE
  5
838
330
17
100
AcDbEntity
  8
0
100
AcDbCircle
 10
479.5475169750296
 20
41.419299880559485
 30
0.0
 40
3.0
  0
CIRCLE
  5
839
330
17
100
AcDbEntity
  8
0
100
AcDbCircle
 10
255.13116716890192
 20
86.07071416758218
 30
0.0
 40
3.0
  0
CIRCLE
  5
83A
330
17
100
AcDbEntity
  8
0
100
AcDbCircle
 10
169.2421960552222
 20
798.8068241313841
 30
0.0
 40
3.0
  0
CIRCLE
  5
83B
330
17
100
AcDbEntity
  8
0
100
AcDbCircle
 10
103.47291854521188
 20
744.1592062046132
 30
0.0
 40
3.0
  0
CIRCLE
  5
83C
330
17
100
AcDbEntity
  8
0
100
AcDbCircle
 10
278.16354275741537
 20
452.81390962513814
 30
0.0
 40
3.0
  0
CIRCLE
  5
83D
330
17
100
AcDbEntity
  8
0
100
AcDbCircle
 10
265.21957158662764
 20
894.6842458113547
 30
0.0
 40
3.0
  0
CIRCLE
  5
83E
330
17
100
AcDbEntity
  8
0
100
AcDbCircle
 10
145.74316603823289
 20
56.91195276595904
 30
0.0
 40
3.0
  0
CIRCLE
  5
83F
330
17
100
AcDbEntity
  8
0
100
AcDbCircle
 10
699.8857003781989
 20
401.9905741536204
 30
0.0
 40
3.0
  0
CIRCLE
  5
840
330
17
100
AcDbEntity
  8
0
100
AcDbCircle
 10
173.9275603975121
 20
890.8689467206318
 30
0.0
 40
3.0
  0
CIRCLE
  5
841
330
17
100
AcDbEntity
  8
0
100
AcDbCircle
 10
601.0030905553787
 20
620.4309530320709
 30
0.0
 40
3.0
  0
CIRCLE
  5
842
330
17
100
AcDbEntity
  8
0
100
AcDbCircle
 10
440.82091610917655
 20
150.55410053782828
 30
0.0
 40
3.0
  0
CIRCLE
  5
843
330
17
100
AcDbEntity
  8
0
100
AcDbCircle
 10
697.1497920708096
 20
291.6703844831499
 30
0.0
 40
3.0
  0
CIRCLE
  5
844
330
17
100
AcDbEntity
  8
0
100
AcDbCircle
 10
899.9016312858336
 20
973.0139665619945
 30
0.0
 40
3.0
  0
CIRCLE
  5
845
330
17
100
AcDbEntity
  8
0
100
AcDbCircle
 10
439.78801876313514
 20
705.5102075085098
 30
0.0
 40
3.0
  0
CIRCLE
  5
846
330
17
100
AcDbEntity
  8
0
100
AcDbCircle
 10
488.8206690020787
 20
479.8461999570422
 30
0.0
 40
3.0
  0
CIRCLE
  5
847
330
17
100
AcDbEntity
  8
0
100
AcDbCircle
 10
872.6435362081279
 20
76.19830094738741
 30
0.0
 40
3.0
  0
CIRCLE
  5
848
330
17
100
AcDbEntity
  8
0
100
AcDbCircle
 10
4.2278234279517894
 20
641.7193306703302
 30
0.0
 40
3.0
  0
CIRCLE
  5
849
330
17
100
AcDbEntity
  8
0
100
AcDbCircle
 10
9.255171225749134
 20
479.3948364241813
 30
0.0
 40
3.0
  0
CIRCLE
  5
84A
330
17
100
AcDbEntity
  8
0
100
AcDbCircle
 10
231.31103690364287
 20
223.21153274454272
 30
0.0
 40
3.0
  0
CIRCLE
  5
84B
330
17
100
AcDbEntity
  8
0
100
AcDbCircle
 10
644.8228825194897
 20
390.26304561944966
 30
0.0
 40
3.0
  0
CIRCLE
  5
84C
330
17
100
AcDbEntity
  8
0
100
AcDbCircle
 10
269.86311477696086
 20
216.2981083574592
 30
0.0
 40
3.0
  0
CIRCLE
  5
84D
330
17
100
AcDbEntity
  8
0
100
AcDbCircle
 10
201.9643044095257
 20
542.7246109682269
 30
0.0
 40
3.0
  0
CIRCLE
  5
84E
330
17
100
AcDbEntity
  8
0
100
AcDbCircle
 10
355.0419028869952
 20
729.7231192143021
 30
0.0
 40
3.0
  0
CIRCLE
  5
84F
330
17
100
AcDbEntity
  8
0
100
AcDbCircle
 10
381.5072039732231
 20
693.1903120334161
 30
0.0
 40
3.0
  0
CIRCLE
  5
850
330
17
100
AcDbEntity
  8
0
100
AcDbCircle
 10
301.74415428107807
 20
835.3525887252918
 30
0.0
 40
3.0
  0
CIRCLE
  5
851
330
17
100
AcDbEntity
  8
0
100
AcDbCircle
 10
436.09700936686136
 20
4.7443331914860405
 30
0.0
 40
3.0
  0
CIRCLE
  5
852
330
17
100
AcDbEntity
  8
0
100
AcDbCircle
 10
407.8547386333912
 20
145.60434273799558
 30
0.0
 40
3.0
  0
CIRCLE
  5
853
330
17
100
AcDbEntity
  8
0
100
AcDbCircle
 10
912.4261403385866
 20
937.4173976244558
 30
0.0
 40
3.0
  0
CIRCLE
  5
854
330
17
100
AcDbEntity
  8
0
100
AcDbCircle
 10
324.039975267407
 20
56.57377345892423
 30
0.0
 40
3.0
  0
CIRCLE
  5
855
330
17
100
AcDbEntity
  8
0
100
AcDbCircle
 10
323.6006506882457
 20
816.458823034401
 30
0.0
 40
3.0
  0
CIRCLE
  5
856
330
17
100
AcDbEntity
  8
0
100
AcDbCircle
 10
61.203176037209516
 20
424.6256707863733
 30
0.0
 40
3.0
  0
CIRCLE
  5
857
330
17
100
AcDbEntity
  8
0
100
AcDbCircle
 10
892.2616382972786
 20
520.1013706619801
 30
0.0
 40
3.0
  0
CIRCLE
  5
858
330
17
100
AcDbEntity
  8
0
100
AcDbCircle
 10
675.9542873581983
 20
469.91610842847456
 30
0.0
 40
3.0
  0
CIRCLE
  5
859
330
17
100
AcDbEntity
  8
0
100
AcDbCircle
 10
757.3648880394963
 20
110.97948218893357
 30
0.0
 40
3.0
  0
CIRCLE
  5
85A
330
17
100
AcDbEntity
  8
0
100
AcDbCircle
 10
811.7626441451348
 20
774.8685714860353
 30
0.0
 40
3.0
  0
CIRCLE
  5
85B
330
17
100
AcDbEntity
  8
0
100
AcDbCircle
 10
287.85501846334284
 20
188.41017955121805
 30
0.0
 40
3.0
  0
CIRCLE
  5
85C
330
17
100
AcDbEntity
  8
0
100
AcDbCircle
 10
979.5717523878584
 20
693.5797053307123
 30
0.0
 40
3.0
  0
CIRCLE
  5
85D
330
17
100
AcDbEntity
  8
0
100
AcDbCircle
 10
155.95963416304818
 20
190.11661925001044
 30
0.0
 40
3.0
  0
CIRCLE
  5
85E
330
17
100
AcDbEntity
  8
0
100
AcDbCircle
 10
525.074934726822
 20
410.1439160267322
 30
0.0
 40
3.0
  0
CIRCLE
  5
85F
330
17
100
AcDbEntity
  8
0
100
AcDbCircle
 10
931.2609343462018
 20
742.8550616993018
 30
0.0
 40
3.0
  0
CIRCLE
  5
860
330
17
100
AcDbEntity
  8
0
100
AcDbCircle
 10
180.1220008889936
 20
696.1515454717895
 30
0.0
 40
3.0
  0
CIRCLE
  5
861
330
17
100
AcDbEntity
  8
0
100
AcDbCircle
 10
636.6973799551256
 20
149.76386026383517
 30
0.0
 40
3.0
  0
CIRCLE
  5
862
330
17
100
AcDbEntity
  8
0
100
AcDbCircle
 10
363.0115235428968
 20
56.224171817957
 30
0.0
 40
3.0
  0
CIRCLE
  5
863
330
17
100
AcDbEntity
  8
0
100
AcDbCircle
 10
223.07990404995513
 20
306.11811007722997
 30
0.0
 40
3.0
  0
CIRCLE
  5
864
330
17
100
AcDbEntity
  8
0
100
AcDbCircle
 10
662.5008164658177
 20
576.6479368851948
 30
0.0
 40
3.0
  0
CIRCLE
  5
865
330
17
100
AcDbEntity
  8
0
100
AcDbCircle
 10
266.1548970711895
 20
976.8271664914478
 30
0.0
 40
3.0
  0
CIRCLE
  5
866
330
17
100
AcDbEntity
  8
0
100
AcDbCircle
 10
345.59721153448373
 20
95.77246308731064
 30
0.0
 40
3.0
  0
CIRCLE
  5
867
330
17
100
AcDbEntity
  8
0
100
AcDbCircle
 10
7.327781910605257
 20
468.9130392155851
 30
0.0
 40
3.0
  0
CIRCLE
  5
868
330
17
100
AcDbEntity
  8
0
100
AcDbCircle
 10
150.29025643860746
 20
642.965253846558
 30
0.0
 40
3.0
  0
CIRCLE
  5
869
330
17
100
AcDbEntity
  8
0
100
AcDbCircle
 10
93.68680432735465
 20
501.8214045380378
 30
0.0
 40
3.0
  0
CIRCLE
  5
86A
330
17
100
AcDbEntity
  8
0
100
AcDbCircle
 10
357.66134098757516
 20
94.76635071180155
 30
0.0
 40
3.0
  0
CIRCLE
  5
86B
330
17
100
AcDbEntity
  8
0
100
AcDbCircle
 10
899.2790835899149
 20
830.7590842806231
 30
0.0
 40
3.0
  0
CIRCLE
  5
86C
330
17
100
AcDbEntity
  8
0
100
AcDbCircle
 10
863.3898696415894
 20
355.79989588129564
 30
0.0
 40
3.0
  0
CIRCLE
  5
86D
330
17
100
AcDbEntity
  8
0
100
AcDbCircle
 10
86.54102322633233
 20
219.120226142887
 30
0.0
 40
3.0
  0
CIRCLE
  5
86E
330
17
100
AcDbEntity
  8
0
100
AcDbCircle
 10
621.5714610149219
 20
149.24966666539052
 30
0.0
 40
3.0
  0
CIRCLE
  5
86F
330
17
100
AcDbEntity
  8
0
100
AcDbCircle
 10
666.4737854467114
 20
296.22773997729774
 30
0.0
 40
3.0
  0
CIRCLE
  5
870
330
17
100
AcDbEntity
  8
0
100
AcDbCircle
 10
875.1625011825279
 20
189.19597009885283
 30
0.0
 40
3.0
  0
CIRCLE
  5
871
330
17
100
AcDbEntity
  8
0
100
AcDbCircle
 10
606.5452738222625
 20
503.4157444706347
 30
0.0
 40
3.0
  0
CIRCLE
  5
872
330
17
100
AcDbEntity
  8
0
100
AcDbCircle
 10
663.861914070915
 20
433.9687191563126
 30
0.0
 40
3.0
  0
CIRCLE
  5
873
330
17
100
AcDbEntity
  8
0
100
AcDbCircle
 10
859.3447794426904
 20
818.4982332475814
 30
0.0
 40
3.0
  0
CIRCLE
  5
874
330
17
100
AcDbEntity
  8
0
100
AcDbCircle
 10
856.1526473260043
 20
390.0916518673006
 30
0.0
 40
3.0
  0
CIRCLE
  5
875
330
17
100
AcDbEntity
  8
0
100
AcDbCircle
 10
993.5959376741711
 20
296.3123630863626
 30
0.0
 40
3.0
  0
CIRCLE
  5
876
330
17
100
AcDbEntity
  8
0
100
AcDbCircle
 10
831.7516187109951
 20
780.8403274270845
 30
0.0
 40
3.0
  0
CIRCLE
  5
877
330
17
100
AcDbEntity
  8
0
100
AcDbCircle
 10
710.8872629521829
 20
572.5673998345183
 30
0.0
 40
3.0
  0
CIRCLE
  5
878
330
17
100
AcDbEntity
  8
0
100
AcDbCircle
 10
100.82881508927913
 20
820.3066498461221
 30
0.0
 40
3.0
  0
CIRCLE
  5
879
330
17
100
AcDbEntity
  8
0
100
AcDbCircle
 10
29.771993120915248
 20
934.8919947914687
 30
0.0
 40
3.0
  0
CIRCLE
  5
87A
330
17
100
AcDbEntity
  8
0
100
AcDbCircle
 10
780.236296914861
 20
122.97376599041529
 30
0.0
 40
3.0
  0
CIRCLE
  5
87B
330
17
100
AcDbEntity
  8
0
100
AcDbCircle
 10
763.6199870560753
 20
920.8143299254539
 30
0.0
 40
3.0
  0
CIRCLE
  5
87C
330
17
100
AcDbEntity
  8
0
100
AcDbCircle
 10
913.3068110228303
 20
918.4384531290845
 30
0.0
 40
3.0
  0
CIRCLE
  5
87D
330
17
100
AcDbEntity
  8
0
100
AcDbCircle
 10
426.36195869866646
 20
687.1507495898641
 30
0.0
 40
3.0
  0
CIRCLE
  5
87E
330
17
100
AcDbEntity
  8
0
100
AcDbCircle
 10
32.15437161059546
 20
357.42453267083397
 30
0.0
 40
3.0
  0
CIRCLE
  5
87F
330
17
100
AcDbEntity
  8
0
100
AcDbCircle
 10
507.5643778949581
 20
768.4431495900044
 30
0.0
 40
3.0
  0
CIRCLE
  5
880
330
17
100
AcDbEntity
  8
0
100
AcDbCircle
 10
300.38026489295083
 20
52.98564413568994
 30
0.0
 40
3.0
  0
CIRCLE
  5
881
330
17
100
AcDbEntity
  8
0
100
AcDbCircle
 10
857.2875348288884
 20
129.32031287887565
 30
0.0
 40
3.0
  0
CIRCLE
  5
882
330
17
100
AcDbEntity
  8
0
100
AcDbCircle
 10
513.6183539971964
 20
808.1502251374781
 30
0.0
 40
3.0
  0
CIRCLE
  5
883
330
17
100
AcDbEntity
  8
0
100
AcDbCircle
 10
263.8568093980076
 20
786.6139479180937
 30
0.0
 40
3.0
  0
CIRCLE
  5
884
330
17
100
AcDbEntity
  8
0
100
AcDbCircle
 10
780.2096619230002
 20
3.3258606002642406
 30
0.0
 40
3.0
  0
CIRCLE
  5
885
330
17
100
AcDbEntity
  8
0
100
AcDbCircle
 10
768.4433441626619
 20
704.2301722127777
 30
0.0
 40
3.0
  0
CIRCLE
  5
886
330
17
100
AcDbEntity
  8
0
100
AcDbCircle
 10
599.7841374627519
 20
433.23265861417343
 30
0.0
 40
3.0
  0
CIRCLE
  5
887
330
17
100
AcDbEntity
  8
0
100
AcDbCircle
 10
922.1973559109919
 20
844.1100476671674
 30
0.0
 40
3.0
  0
CIRCLE
  5
888
330
17
100
AcDbEntity
  8
0
100
AcDbCircle
 10
334.7665864141735
 20
712.6998646071057
 30
0.0
 40
3.0
  0
CIRCLE
  5
889
330
17
100
AcDbEntity
  8
0
100
AcDbCircle
 10
846.3362505435028
 20
672.7988343708049
 30
0.0
 40
3.0
  0
CIRCLE
  5
88A
330
17
100
AcDbEntity
  8
0
100
AcDbCircle
 10
284.56306877155157
 20
547.036325217282
 30
0.0
 40
3.0
  0
CIRCLE
  5
88B
330
17
100
AcDbEntity
  8
0
100
AcDbCircle
 10
524.5378923786833
 20
5.426735808572498
 30
0.0
 40
3.0
  0
CIRCLE
  5
88C
330
17
100
AcDbEntity
  8
0
100
AcDbCircle
 10
555.0672516831781
 20
124.93580278423968
 30
0.0
 40
3.0
  0
CIRCLE
  5
88D
330
17
100
AcDbEntity
  8
0
100
AcDbCircle
 10
757.3702205645062
 20
696.5551143672536
 30
0.0
 40
3.0
  0
CIRCLE
  5
88E
330
17
100
AcDbEntity
  8
0
100
AcDbCircle
 10
884.9434829717186
 20
230.91109184293703
 30
0.0
 40
3.0
  0
CIRCLE
  5
88F
330
17
100
AcDbEntity
  8
0
100
AcDbCircle
 10
860.4435708943537
 20
765.1910543634941
 30
0.0
 40
3.0
  0
CIRCLE
  5
890
330
17
100
AcDbEntity
  8
0
100
AcDbCircle
 10
13.766531012830518
 20
516.7712295786595
 30
0.0
 40
3.0
  0
CIRCLE
  5
891
330
17
100
AcDbEntity
  8
0
100
AcDbCircle
 10
119.04232741666999
 20
746.2412146867839
 30
0.0
 40
3.0
  0
CIRCLE
  5
892
330
17
100
AcDbEntity
  8
0
100
AcDbCircle
 10
984.7007386274116
 20
687.3748630834045
 30
0.0
 40
3.0
  0
CIRCLE
  5
893
330
17
100
AcDbEntity
  8
0
100
AcDbCircle
 10
395.92719942378295
 20
65.86009483908367
 30
0.0
 40
3.0
  0
CIRCLE
  5
894
330
17
100
AcDbEntity
  8
0
100
AcDbCircle
 10
190.4308858510768
 20
708.2619404946803
 30
0.0
 40
3.0
  0
CIRCLE
  5
895
330
17
100
AcDbEntity
  8
0
100
AcDbCircle
 10
395.2032667908215
 20
446.81621269336665
 30
0.0
 40
3.0
  0
CIRCLE
  5
896
330
17
100
AcDbEntity
  8
0
100
AcDbCircle
 10
174.6390727036764
 20
506.70265628201787
 30
0.0
 40
3.0
  0
CIRCLE
  5
897
330
17
100
AcDbEntity
  8
0
100
AcDbCircle
 10
852.614309800873
 20
913.8497383871833
 30
0.0
 40
3.0
  0
CIRCLE
  5
898
330
17
100
AcDbEntity
  8
0
100
AcDbCircle
 10
253.23928140385573
 20
609.4774655254514
 30
0.0
 40
3.0
  0
CIRCLE
  5
899
330
17
100
AcDbEntity
  8
0
100
AcDbCircle
 10
221.26659848859586
 20
994.2372505768686
 30
0.0
 40
3.0
  0
CIRCLE
  5
89A
330
17
100
AcDbEntity
  8
0
100
AcDbCircle
 10
396.8767373222408
 20
942.2339754435474
 30
0.0
 40
3.0
  0
CIRCLE
  5
89B
330
17
100
AcDbEntity
  8
0
100
AcDbCircle
 10
771.5397215333629
 20
69.29661474828359
 30
0.0
 40
3.0
  0
CIRCLE
  5
89C
330
17
100
AcDbEntity
  8
0
100
AcDbCircle
 10
953.525152891908
 20
950.1813318995061
 30
0.0
 40
3.0
  0
CIRCLE
  5
89D
330
17
100
AcDbEntity
  8
0
100
AcDbCircle
 10
445.3298329196703
 20
556.9851010182857
 30
0.0
 40
3.0
  0
CIRCLE
  5
89E
330
17
100
AcDbEntity
  8
0
100
AcDbCircle
 10
672.6261426200349
 20
440.0223771436402
 30
0.0
 40
3.0
  0
CIRCLE
  5
89F
330
17
100
AcDbEntity
  8
0
100
AcDbCircle
 10
155.42099837776772
 20
647.8859068043535
 30
0.0
 40
3.0
  0
CIRCLE
  5
8A0
330
17
100
AcDbEntity
  8
0
100
AcDbCircle
 10
811.9934673138589
 20
917.7706316998583
 30
0.0
 40
3.0
  0
CIRCLE
  5
8A1
330
17
100
AcDbEntity
  8
0
100
AcDbCircle
 10
300.13389121567053
 20
826.5135895120674
 30
0.0
 40
3.0
  0
CIRCLE
  5
8A2
330
17
100
AcDbEntity
  8
0
100
AcDbCircle
 10
376.5998340962198
 20
986.5327386782753
 30
0.0
 40
3.0
  0
CIRCLE
  5
8A3
330
17
100
AcDbEntity
  8
0
100
AcDbCircle
 10
707.8822872069599
 20
9.26719923974764
 30
0.0
 40
3.0
  0
CIRCLE
  5
8A4
330
17
100
AcDbEntity
  8
0
100
AcDbCircle
 10
911.1084056305084
 20
502.3714044848583
 30
0.0
 40
3.0
  0
CIRCLE
  5
8A5
330
17
100
AcDbEntity
  8
0
100
AcDbCircle
 10
221.30475834039308
 20
731.2258226158114
 30
0.0
 40
3.0
  0
CIRCLE
  5
8A6
330
17
100
AcDbEntity
  8
0
100
AcDbCircle
 10
715.5918979173575
 20
179.30076280468353
 30
0.0
 40
3.0
  0
CIRCLE
  5
8A7
330
17
100
AcDbEntity
  8
0
100
AcDbCircle
 10
541.5804012268954
 20
924.5139575275432
 30
0.0
 40
3.0
  0
CIRCLE
  5
8A8
330
17
100
AcDbEntity
  8
0
100
AcDbCircle
 10
731.6154651676806
 20
793.1709493521806
 30
0.0
 40
3.0
  0
CIRCLE
  5
8A9
330
17
100
AcDbEntity
  8
0
100
AcDbCircle
 10
354.71969661919104
 20
830.2177048367503
 30
0.0
 40
3.0
  0
CIRCLE
  5
8AA
330
17
100
AcDbEntity
  8
0
100
AcDbCircle
 10
355.9665183011136
 20
694.6935294492883
 30
0.0
 40
3.0
  0
CIRCLE
  5
8AB
330
17
100
AcDbEntity
  8
0
100
AcDbCircle
 10
791.0863597421354
 20
461.8579876509408
 30
0.0
 40
3.0
  0
CIRCLE
  5
8AC
330
17
100
AcDbEntity
  8
0
100
AcDbCircle
 10
272.0119541310939
 20
821.1083227626625
 30
0.0
 40
3.0
  0
CIRCLE
  5
8AD
330
17
100
AcDbEntity
  8
0
100
AcDbCircle
 10
948.9518667053317
 20
329.7540999049762
 30
0.0
 40
3.0
  0
CIRCLE
  5
8AE
330
17
100
AcDbEntity
  8
0
100
AcDbCircle
 10
57.38144544256234
 20
24.50311271042083
 30
0.0
 40
3.0
  0
CIRCLE
  5
8AF
330
17
100
AcDbEntity
  8
0
100
AcDbCircle
 10
959.7371493654367
 20
922.9518117746335
 30
0.0
 40
3.0
  0
CIRCLE
  5
8B0
330
17
100
AcDbEntity
  8
0
100
AcDbCircle
 10
711.3520505840929
 20
555.3586816309141
 30
0.0
 40
3.0
  0
CIRCLE
  5
8B1
330
17
100
AcDbEntity
  8
0
100
AcDbCircle
 10
761.1277090299211
 20
959.6374144022851
 30
0.0
 40
3.0
  0
CIRCLE
  5
8B2
330
17
100
AcDbEntity
  8
0
100
AcDbCircle
 10
839.9601767971035
 20
280.18859577885144
 30
0.0
 40
3.0
  0
CIRCLE
  5
8B3
330
17
100
AcDbEntity
  8
0
100
AcDbCircle
 10
288.57062597313893
 20
501.75394002255
 30
0.0
 40
3.0
  0
CIRCLE
  5
8B4
330
17
100
AcDbEntity
  8
0
100
AcDbCircle
 10
366.18906932324137
 20
182.89652416109698
 30
0.0
 40
3.0
  0
CIRCLE
  5
8B5
330
17
100
AcDbEntity
  8
0
100
AcDbCircle
 10
272.22317877573084
 20
972.052428129172
 30
0.0
 40
3.0
  0
CIRCLE
  5
8B6
330
17
100
AcDbEntity
  8
0
100
AcDbCircle
 10
544.5860345959903
 20
684.3985607048995
 30
0.0
 40
3.0
  0
CIRCLE
  5
8B7
330
17
100
AcDbEntity
  8
0
100
AcDbCircle
 10
623.7183800423669
 20
577.3231209996077
 30
0.0
 40
3.0
  0
CIRCLE
  5
8B8
330
17
100
AcDbEntity
  8
0
100
AcDbCircle
 10
871.0478441919577
 20
133.79765001956773
 30
0.0
 40
3.0
  0
CIRCLE
  5
8B9
330
17
100
AcDbEntity
  8
0
100
AcDbCircle
 10
663.8400243306829
 20
897.6688028094127
 30
0.0
 40
3.0
  0
CIRCLE
  5
8BA
330
17
100
AcDbEntity
  8
0
100
AcDbCircle
 10
839.4158354195782
 20
6.578839499324774
 30
0.0
 40
3.0
  0
CIRCLE
  5
8BB
330
17
100
AcDbEntity
  8
0
100
AcDbCircle
 10
151.23153412936475
 20
89.58711073889552
 30
0.0
 40
3.0
  0
CIRCLE
  5
8BC
330
17
100
AcDbEntity
  8
0
100
AcDbCircle
 10
176.7685187522522
 20
874.0131820595785
 30
0.0
 40
3.0
  0
CIRCLE
  5
8BD
330
17
100
AcDbEntity
  8
0
100
AcDbCircle
 10
326.59487007230814
 20
826.0481122658741
 30
0.0
 40
3.0
  0
CIRCLE
  5
8BE
330
17
100
AcDbEntity
  8
0
100
AcDbCircle
 10
168.23684183854562
 20
312.5018921355222
 30
0.0
 40
3.0
  0
CIRCLE
  5
8BF
330
17
100
AcDbEntity
  8
0
100
AcDbCircle
 10
935.629009680323
 20
26.40469304592795
 30
0.0
 40
3.0
  0
CIRCLE
  5
8C0
330
17
100
AcDbEntity
  8
0
100
AcDbCircle
 10
205.7371156384528
 20
548.1401938556189
 30
0.0
 40
3.0
  0
CIRCLE
  5
8C1
330
17
100
AcDbEntity
  8
0
100
AcDbCircle
 10
497.27875575648613
 20
860.7539494208206
 30
0.0
 40
3.0
  0
CIRCLE
  5
8C2
330
17
100
AcDbEntity
  8
0
100
AcDbCircle
 10
928.8163192518886
 20
26.660615095041983
 30
0.0
 40
3.0
  0
CIRCLE
  5
8C3
330
17
100
AcDbEntity
  8
0
100
AcDbCircle
 10
530.9245740376105
 20
299.04490382125834
 30
0.0
 40
3.0
  0
CIRCLE
  5
8C4
330
17
100
AcDbEntity
  8
0
100
AcDbCircle
 10
983.4001156856225
 20
850.5329572147282
 30
0.0
 40
3.0
  0
CIRCLE
  5
8C5
330
17
100
AcDbEntity
  8
0
100
AcDbCircle
 10
283.4814404515831
 20
467.36963851207565
 30
0.0
 40
3.0
  0
CIRCLE
  5
8C6
330
17
100
AcDbEntity
  8
0
100
AcDbCircle
 10
458.3437038258975
 20
73.98182463950599
 30
0.0
 40
3.0
  0
CIRCLE
  5
8C7
330
17
100
AcDbEntity
  8
0
100
AcDbCircle
 10
35.873641905779955
 20
110.17433503492514
 30
0.0
 40
3.0
  0
CIRCLE
  5
8C8
330
17
100
AcDbEntity
  8
0
100
AcDbCircle
 10
719.3218779762242
 20
4.578737429207984
 30
0.0
 40
3.0
  0
CIRCLE
  5
8C9
330
17
100
AcDbEntity
  8
0
100
AcDbCircle
 10
260.94204456162043
 20
651.2462698099678
 30
0.0
 40
3.0
  0
CIRCLE
  5
8CA
330
17
100
AcDbEntity
  8
0
100
AcDbCircle
 10
421.069183744956
 20
428.8427379980674
 30
0.0
 40
3.0
  0
CIRCLE
  5
8CB
330
17
100
AcDbEntity
  8
0
100
AcDbCircle
 10
51.91284895508775
 20
481.53344855401826
 30
0.0
 40
3.0
  0
CIRCLE
  5
8CC
330
17
100
AcDbEntity
  8
0
100
AcDbCircle
 10
777.045344878326
 20
479.2058249288632
 30
0.0
 40
3.0
  0
CIRCLE
  5
8CD
330
17
100
AcDbEntity
  8
0
100
AcDbCircle
 10
651.874282088472
 20
151.48252569649006
 30
0.0
 40
3.0
  0
CIRCLE
  5
8CE
330
17
100
AcDbEntity
  8
0
100
AcDbCircle
 10
943.2712879638577
 20
599.795915993051
 30
0.0
 40
3.0
  0
CIRCLE
  5
8CF
330
17
100
AcDbEntity
  8
0
100
AcDbCircle
 10
967.0599105015297
 20
382.67632058793333
 30
0.0
 40
3.0
  0
CIRCLE
  5
8D0
330
17
100
AcDbEntity
  8
0
100
AcDbCircle
 10
521.5163925745319
 20
430.0132714605232
 30
0.0
 40
3.0
  0
CIRCLE
  5
8D1
330
17
100
AcDbEntity
  8
0
100
AcDbCircle
 10
590.817291956335
 20
201.8930469665226
 30
0.0
 40
3.0
  0
CIRCLE
  5
8D2
330
17
100
AcDbEntity
  8
0
100
AcDbCircle
 10
404.53160274260034
 20
392.7209643446769
 30
0.0
 40
3.0
  0
CIRCLE
  5
8D3
330
17
100
AcDbEntity
  8
0
100
AcDbCircle
 10
348.4107087927494
 20
615.530889487411
 30
0.0
 40
3.0
  0
CIRCLE
  5
8D4
330
17
100
AcDbEntity
  8
0
100
AcDbCircle
 10
954.596418401234
 20
509.1372714586307
 30
0.0
 40
3.0
  0
CIRCLE
  5
8D5
330
17
100
AcDbEntity
  8
0
100
AcDbCircle
 10
324.86127768787964
 20
157.3199031826423
 30
0.0
 40
3.0
  0
CIRCLE
  5
8D6
330
17
100
AcDbEntity
  8
0
100
AcDbCircle
 10
112.99155865538721
 20
408.22606967733503
 30
0.0
 40
3.0
  0
CIRCLE
  5
8D7
330
17
100
AcDbEntity
  8
0
100
AcDbCircle
 10
668.0367133556515
 20
81.30504407709914
 30
0.0
 40
3.0
  0
CIRCLE
  5
8D8
330
17
100
AcDbEntity
  8
0
100
AcDbCircle
 10
689.8323656272908
 20
626.631484542089
 30
0.0
 40
3.0
  0
CIRCLE
  5
8D9
330
17
100
AcDbEntity
  8
0
100
AcDbCircle
 10
280.4058432614294
 20
167.1267465349256
 30
0.0
 40
3.0
  0
CIRCLE
  5
8DA
330
17
100
AcDbEntity
  8
0
100
AcDbCircle
 10
536.0616933674519
 20
415.0914262886072
 30
0.0
 40
3.0
  0
CIRCLE
  5
8DB
330
17
100
AcDbEntity
  8
0
100
AcDbCircle
 10
756.5230350306135
 20
917.5404297920273
 30
0.0
 40
3.0
  0
CIRCLE
  5
8DC
330
17
100
AcDbEntity
  8
0
100
AcDbCircle
 10
271.982335925266
 20
393.6397074781845
 30
0.0
 40
3.0
  0
CIRCLE
  5
8DD
330
17
100
AcDbEntity
  8
0
100
AcDbCircle
 10
962.2986422429677
 20
754.1705620957075
 30
0.0
 40
3.0
  0
CIRCLE
  5
8DE
330
17
100
AcDbEntity
  8
0
100
AcDbCircle
 10
11.26829372501425
 20
620.5399434559539
 30
0.0
 40
3.0
  0
CIRCLE
  5
8DF
330
17
100
AcDbEntity
  8
0
100
AcDbCircle
 10
683.8081686988727
 20
576.7972255550239
 30
0.0
 40
3.0
  0
CIRCLE
  5
8E0
330
17
100
AcDbEntity
  8
0
100
AcDbCircle
 10
956.8700193809942
 20
766.4372472519874
 30
0.0
 40
3.0
  0
CIRCLE
  5
8E1
330
17
100
AcDbEntity
  8
0
100
AcDbCircle
 10
353.7467257253537
 20
149.84664892204304
 30
0.0
 40
3.0
  0
CIRCLE
  5
8E2
330
17
100
AcDbEntity
  8
0
100
AcDbCircle
 10
920.071690937842
 20
415.2167288536022
 30
0.0
 40
3.0
  0
CIRCLE
  5
8E3
330
17
100
AcDbEntity
  8
0
100
AcDbCircle
 10
951.3016541534084
 20
993.1062847132511
 30
0.0
 40
3.0
  0
CIRCLE
  5
8E4
330
17
100
AcDbEntity
  8
0
100
AcDbCircle
 10
230.05570008121867
 20
297.525905964741
 30
0.0
 40
3.0
  0
CIRCLE
  5
8E5
330
17
100
AcDbEntity
  8
0
100
AcDbCircle
 10
121.83249785434488
 20
624.9704363796943
 30
0.0
 40
3.0
  0
CIRCLE
  5
8E6
330
17
100
AcDbEntity
  8
0
100
AcDbCircle
 10
35.06110468711628
 20
982.5173189092113
 30
0.0
 40
3.0
  0
CIRCLE
  5
8E7
330
17
100
AcDbEntity
  8
0
100
AcDbCircle
 10
763.6288933802916
 20
466.12217468015217
 30
0.0
 40
3.0
  0
CIRCLE
  5
8E8
330
17
100
AcDbEntity
  8
0
100
AcDbCircle
 10
197.2321728446833
 20
109.38829855274017
 30
0.0
 40
3.0
  0
CIRCLE
  5
8E9
330
17
100
AcDbEntity
  8
0
100
AcDbCircle
 10
471.22398996649457
 20
971.4394252973035
 30
0.0
 40
3.0
  0
CIRCLE
  5
8EA
330
17
100
AcDbEntity
  8
0
100
AcDbCircle
 10
249.2442072403162
 20
751.8788077737015
 30
0.0
 40
3.0
  0
CIRCLE
  5
8EB
330
17
100
AcDbEntity
  8
0
100
AcDbCircle
 10
428.5971783560257
 20
10.61998895694979
 30
0.0
 40
3.0
  0
CIRCLE
  5
8EC
330
17
100
AcDbEntity
  8
0
100
AcDbCircle
 10
59.465985525053114
 20
948.9126619112483
 30
0.0
 40
3.0
  0
CIRCLE
  5
8ED
330
17
100
AcDbEntity
  8
0
100
AcDbCircle
 10
30.380139465212572
 20
641.94026768252
 30
0.0
 40
3.0
  0
CIRCLE
  5
8EE
330
17
100
AcDbEntity
  8
0
100
AcDbCircle
 10
821.4092822862109
 20
781.7258449079196
 30
0.0
 40
3.0
  0
CIRCLE
  5
8EF
330
17
100
AcDbEntity
  8
0
100
AcDbCircle
 10
18.078891194644278
 20
786.782994280245
 30
0.0
 40
3.0
  0
CIRCLE
  5
8F0
330
17
100
AcDbEntity
  8
0
100
AcDbCircle
 10
473.58030876838745
 20
115.79708841627163
 30
0.0
 40
3.0
  0
CIRCLE
  5
8F1
330
17
100
AcDbEntity
  8
0
100
AcDbCircle
 10
314.2329296193582
 20
918.9754044978642
 30
0.0
 40
3.0
  0
CIRCLE
  5
8F2
330
17
100
AcDbEntity
  8
0
100
AcDbCircle
 10
83.52569480738744
 20
68.51802840260022
 30
0.0
 40
3.0
  0
CIRCLE
  5
8F3
330
17
100
AcDbEntity
  8
0
100
AcDbCircle
 10
316.86397780808664
 20
930.6632355279518
 30
0.0
 40
3.0
  0
CIRCLE
  5
8F4
330
17
100
AcDbEntity
  8
0
100
AcDbCircle
 10
152.54325759414894
 20
30.95626578378544
 30
0.0
 40
3.0
  0
CIRCLE
  5
8F5
330
17
100
AcDbEntity
  8
0
100
AcDbCircle
 10
592.3943165589798
 20
565.3856758442829
 30
0.0
 40
3.0
  0
CIRCLE
  5
8F6
330
17
100
AcDbEntity
  8
0
100
AcDbCircle
 10
29.739157633302593
 20
14.565845256829908
 30
0.0
 40
3.0
  0
CIRCLE
  5
8F7
330
17
100
AcDbEntity
  8
0
100
AcDbCircle
 10
611.5406743426361
 20
873.9742817463385
 30
0.0
 40
3.0
  0
CIRCLE
  5
8F8
330
17
100
AcDbEntity
  8
0
100
AcDbCircle
 10
887.2523133553944
 20
832.1702984828094
 30
0.0
 40
3.0
  0
CIRCLE
  5
8F9
330
17
100
AcDbEntity
  8
0
100
AcDbCircle
 10
513.8990336180726
 20
796.487407255903
 30
0.0
 40
3.0
  0
CIRCLE
  5
8FA
330
17
100
AcDbEntity
  8
0
100
AcDbCircle
 10
570.5339828894124
 20
635.4704539516354
 30
0.0
 40
3.0
  0
CIRCLE
  5
8FB
330
17
100
AcDbEntity
  8
0
100
AcDbCircle
 10
161.07847720159847
 20
975.6881170670832
 30
0.0
 40
3.0
  0
CIRCLE
  5
8FC
330
17
100
AcDbEntity
  8
0
100
AcDbCircle
 10
785.9242105303373
 20
839.236832802943
 30
0.0
 40
3.0
  0
CIRCLE
  5
8FD
330
17
100
AcDbEntity
  8
0
100
AcDbCircle
 10
892.4598454626071
 20
526.7057038431715
 30
0.0
 40
3.0
  0
CIRCLE
  5
8FE
330
17
100
AcDbEntity
  8
0
100
AcDbCircle
 10
518.0611886522962
 20
737.4762518356134
 30
0.0
 40
3.0
  0
CIRCLE
  5
8FF
330
17
100
AcDbEntity
  8
0
100
AcDbCircle
 10
989.3258880811451
 20
225.97189003101337
 30
0.0
 40
3.0
  0
CIRCLE
  5
900
330
17
100
AcDbEntity
  8
0
100
AcDbCircle
 10
385.6801028489611
 20
541.3713208762208
 30
0.0
 40
3.0
  0
CIRCLE
  5
901
330
17
100
AcDbEntity
  8
0
100
AcDbCircle
 10
191.86519574014545
 20
418.2497585953388
 30
0.0
 40
3.0
  0
CIRCLE
  5
902
330
17
100
AcDbEntity
  8
0
100
AcDbCircle
 10
64.01587082049667
 20
430.64202768332063
 30
0.0
 40
3.0
  0
CIRCLE
  5
903
330
17
100
AcDbEntity
  8
0
100
AcDbCircle
 10
919.7529262346083
 20
458.20038762335025
 30
0.0
 40
3.0
  0
CIRCLE
  5
904
330
17
100
AcDbEntity
  8
0
100
AcDbCircle
 10
477.77263705271196
 20
213.7243892027775
 30
0.0
 40
3.0
  0
CIRCLE
  5
905
330
17
100
AcDbEntity
  8
0
100
AcDbCircle
 10
884.5859714599974
 20
472.8630858957364
 30
0.0
 40
3.0
  0
CIRCLE
  5
906
330
17
100
AcDbEntity
  8
0
100
AcDbCircle
 10
529.4565180833353
 20
628.7259736067491
 30
0.0
 40
3.0
  0
CIRCLE
  5
907
330
17
100
AcDbEntity
  8
0
100
AcDbCircle
 10
387.254455234664
 20
318.6710513729526
 30
0.0
 40
3.0
  0
CIRCLE
  5
908
330
17
100
AcDbEntity
  8
0
100
AcDbCircle
 10
637.1114347306852
 20
286.6894948020106
 30
0.0
 40
3.0
  0
CIRCLE
  5
909
330
17
100
AcDbEntity
  8
0
100
AcDbCircle
 10
478.25850601854813
 20
169.0446068706721
 30
0.0
 40
3.0
  0
CIRCLE
  5
90A
330
17
100
AcDbEntity
  8
0
100
AcDbCircle
 10
18.539985167980742
 20
301.3794960034183
 30
0.0
 40
3.0
  0
CIRCLE
  5
90B
330
17
100
AcDbEntity
  8
0
100
AcDbCircle
 10
769.8164639434568
 20
810.6984630838383
 30
0.0
 40
3.0
  0
CIRCLE
  5
90C
330
17
100
AcDbEntity
  8
0
100
AcDbCircle
 10
974.818378838632
 20
393.58706107263447
 30
0.0
 40
3.0
  0
CIRCLE
  5
90D
330
17
100
AcDbEntity
  8
0
100
AcDbCircle
 10
671.9442273904217
 20
75.44535329306548
 30
0.0
 40
3.0
  0
CIRCLE
  5
90E
330
17
100
AcDbEntity
  8
0
100
AcDbCircle
 10
785.5544713500867
 20
96.14823014350152
 30
0.0
 40
3.0
  0
CIRCLE
  5
90F
330
17
100
AcDbEntity
  8
0
100
AcDbCircle
 10
667.7933530121197
 20
243.14010366929898
 30
0.0
 40
3.0
  0
CIRCLE
  5
910
330
17
100
AcDbEntity
  8
0
100
AcDbCircle
 10
209.7667942313383
 20
97.4848627760365
 30
0.0
 40
3.0
  0
CIRCLE
  5
911
330
17
100
AcDbEntity
  8
0
100
AcDbCircle
 10
550.3706774202232
 20
277.4811180663587
 30
0.0
 40
3.0
  0
CIRCLE
  5
912
330
17
100
AcDbEntity
  8
0
100
AcDbCircle
 10
79.49368944278686
 20
58.418260587653386
 30
0.0
 40
3.0
  0
CIRCLE
  5
913
330
17
100
AcDbEntity
  8
0
100
AcDbCircle
 10
164.98107006117584
 20
723.6573237525296
 30
0.0
 40
3.0
  0
CIRCLE
  5
914
330
17
100
AcDbEntity
  8
0
100
AcDbCircle
 10
787.2623379409603
 20
639.7441546126204
 30
0.0
 40
3.0
  0
CIRCLE
  5
915
330
17
100
AcDbEntity
  8
0
100
AcDbCircle
 10
633.2616751962813
 20
310.0218748871773
 30
0.0
 40
3.0
  0
CIRCLE
  5
916
330
17
100
AcDbEntity
  8
0
100
AcDbCircle
 10
789.0003023437698
 20
938.2390526606509
 30
0.0
 40
3.0
  0
CIRCLE
  5
917
330
17
100
AcDbEntity
  8
0
100
AcDbCircle
 10
276.56481528604814
 20
883.1452809611025
 30
0.0
 40
3.0
  0
CIRCLE
  5
918
330
17
100
AcDbEntity
  8
0
100
AcDbCircle
 10
285.60433745558447
 20
369.3012956706832
 30
0.0
 40
3.0
  0
CIRCLE
  5
919
330
17
100
AcDbEntity
  8
0
100
AcDbCircle
 10
993.8243272237718
 20
796.797669848395
 30
0.0
 40
3.0
  0
CIRCLE
  5
91A
330
17
100
AcDbEntity
  8
0
100
AcDbCircle
 10
144.27745094726055
 20
142.62486109793107
 30
0.0
 40
3.0
  0
CIRCLE
  5
91B
330
17
100
AcDbEntity
  8
0
100
AcDbCircle
 10
180.3666051901574
 20
196.0924975971686
 30
0.0
 40
3.0
  0
CIRCLE
  5
91C
330
17
100
AcDbEntity
  8
0
100
AcDbCircle
 10
758.4388197668089
 20
420.94479462303394
 30
0.0
 40
3.0
  0
CIRCLE
  5
91D
330
17
100
AcDbEntity
  8
0
100
AcDbCircle
 10
799.6265655070096
 20
544.5729469836705
 30
0.0
 40
3.0
  0
CIRCLE
  5
91E
330
17
100
AcDbEntity
  8
0
100
AcDbCircle
 10
8.704836183119335
 20
531.9456957402901
 30
0.0
 40
3.0
  0
CIRCLE
  5
91F
330
17
100
AcDbEntity
  8
0
100
AcDbCircle
 10
9.866417890905486
 20
300.6564980768265
 30
0.0
 40
3.0
  0
CIRCLE
  5
920
330
17
100
AcDbEntity
  8
0
100
AcDbCircle
 10
604.1134511269115
 20
635.6097948287847
 30
0.0
 40
3.0
  0
CIRCLE
  5
921
330
17
100
AcDbEntity
  8
0
100
AcDbCircle
 10
23.1866343387658
 20
935.6181835524768
 30
0.0
 40
3.0
  0
CIRCLE
  5
922
330
17
100
AcDbEntity
  8
0
100
AcDbCircle
 10
563.1541371976289
 20
163.92912788385777
 30
0.0
 40
3.0
  0
CIRCLE
  5
923
330
17
100
AcDbEntity
  8
0
100
AcDbCircle
 10
250.99954239023455
 20
73.31117949126408
 30
0.0
 40
3.0
  0
CIRCLE
  5
924
330
17
100
AcDbEntity
  8
0
100
AcDbCircle
 10
116.76665650508858
 20
44.72407838564704
 30
0.0
 40
3.0
  0
CIRCLE
  5
925
330
17
100
AcDbEntity
  8
0
100
AcDbCircle
 10
437.73147755236823
 20
994.050997755927
 30
0.0
 40
3.0
  0
CIRCLE
  5
926
330
17
100
AcDbEntity
  8
0
100
AcDbCircle
 10
562.2709406246948
 20
392.1755523944456
 30
0.0
 40
3.0
  0
CIRCLE
  5
927
330
17
100
AcDbEntity
  8
0
100
AcDbCircle
 10
293.961659822648
 20
624.6904758511902
 30
0.0
 40
3.0
  0
CIRCLE
  5
928
330
17
100
AcDbEntity
  8
0
100
AcDbCircle
 10
10.420837765114817
 20
58.539516864075345
 30
0.0
 40
3.0
  0
CIRCLE
  5
929
330
17
100
AcDbEntity
  8
0
100
AcDbCircle
 10
668.5114023657342
 20
690.7040934636492
 30
0.0
 40
3.0
  0
CIRCLE
  5
92A
330
17
100
AcDbEntity
  8
0
100
AcDbCircle
 10
396.00151318412605
 20
677.0181296722719
 30
0.0
 40
3.0
  0
CIRCLE
  5
92B
330
17
100
AcDbEntity
  8
0
100
AcDbCircle
 10
426.43335297290406
 20
265.56380173262414
 30
0.0
 40
3.0
  0
CIRCLE
  5
92C
330
17
100
AcDbEntity
  8
0
100
AcDbCircle
 10
970.0537531450493
 20
197.75457120623767
 30
0.0
 40
3.0
  0
CIRCLE
  5
92D
330
17
100
AcDbEntity
  8
0
100
AcDbCircle
 10
623.1895698761533
 20
13.407679464606986
 30
0.0
 40
3.0
  0
CIRCLE
  5
92E
330
17
100
AcDbEntity
  8
0
100
AcDbCircle
 10
271.9469496591248
 20
899.724179513126
 30
0.0
 40
3.0
  0
CIRCLE
  5
92F
330
17
100
AcDbEntity
  8
0
100
AcDbCircle
 10
23.76602209151424
 20
5.251922291393839
 30
0.0
 40
3.0
  0
CIRCLE
  5
930
330
17
100
AcDbEntity
  8
0
100
AcDbCircle
 10
300.45572929310674
 20
31.84324795879149
 30
0.0
 40
3.0
  0
CIRCLE
  5
931
330
17
100
AcDbEntity
  8
0
100
AcDbCircle
 10
154.24307903514287
 20
975.274691397921
 30
0.0
 40
3.0
  0
CIRCLE
  5
932
330
17
100
AcDbEntity
  8
0
100
AcDbCircle
 10
503.18365871443194
 20
287.78051599628776
 30
0.0
 40
3.0
  0
CIRCLE
  5
933
330
17
100
AcDbEntity
  8
0
100
AcDbCircle
 10
463.691766381784
 20
951.5356454038538
 30
0.0
 40
3.0
  0
CIRCLE
  5
934
330
17
100
AcDbEntity
  8
0
100
AcDbCircle
 10
293.07619861541076
 20
149.50516901774841
 30
0.0
 40
3.0
  0
CIRCLE
  5
935
330
17
100
AcDbEntity
  8
0
100
AcDbCircle
 10
817.9250061265775
 20
790.0328929063047
 30
0.0
 40
3.0
  0
CIRCLE
  5
936
330
17
100
AcDbEntity
  8
0
100
AcDbCircle
 10
204.0620332048456
 20
191.06449939194007
 30
0.0
 40
3.0
  0
CIRCLE
  5
937
330
17
100
AcDbEntity
  8
0
100
AcDbCircle
 10
323.70843234112925
 20
863.3700280887626
 30
0.0
 40
3.0
  0
CIRCLE
  5
938
330
17
100
AcDbEntity
  8
0
100
AcDbCircle
 10
383.1530211172634
 20
953.4350755637362
 30
0.0
 40
3.0
  0
CIRCLE
  5
939
330
17
100
AcDbEntity
  8
0
100
AcDbCircle
 10
11.920954040396568
 20
30.395986505133383
 30
0.0
 40
3.0
  0
CIRCLE
  5
93A
330
17
100
AcDbEntity
  8
0
100
AcDbCircle
 10
996.5578208659803
 20
943.5467924385744
 30
0.0
 40
3.0
  0
CIRCLE
  5
93B
330
17
100
AcDbEntity
  8
0
100
AcDbCircle
 10
917.6281136424752
 20
494.57375443919625
 30
0.0
 40
3.0
  0
CIRCLE
  5
93C
330
17
100
AcDbEntity
  8
0
100
AcDbCircle
 10
569.5556369856688
 20
271.2956462144518
 30
0.0
 40
3.0
  0
CIRCLE
  5
93D
330
17
100
AcDbEntity
  8
0
100
AcDbCircle
 10
503.1647135675353
 20
633.7911824565717
 30
0.0
 40
3.0
  0
CIRCLE
  5
93E
330
17
100
AcDbEntity
  8
0
100
AcDbCircle
 10
30.2421906693223
 20
331.5984080727305
 30
0.0
 40
3.0
  0
CIRCLE
  5
93F
330
17
100
AcDbEntity
  8
0
100
AcDbCircle
 10
392.84984997619875
 20
884.5923049871823
 30
0.0
 40
3.0
  0
CIRCLE
  5
940
330
17
100
AcDbEntity
  8
0
100
AcDbCircle
 10
500.8671088165059
 20
765.7164212614573
 30
0.0
 40
3.0
  0
CIRCLE
  5
941
330
17
100
AcDbEntity
  8
0
100
AcDbCircle
 10
421.6639991410459
 20
820.79954764596
 30
0.0
 40
3.0
  0
CIRCLE
  5
942
330
17
100
AcDbEntity
  8
0
100
AcDbCircle
 10
659.9882577769539
 20
301.64102387430523
 30
0.0
 40
3.0
  0
CIRCLE
  5
943
330
17
100
AcDbEntity
  8
0
100
AcDbCircle
 10
32.13041672946625
 20
628.7123926298976
 30
0.0
 40
3.0
  0
CIRCLE
  5
944
330
17
100
AcDbEntity
  8
0
100
AcDbCircle
 10
741.3651842853723
 20
969.5941122367617
 30
0.0
 40
3.0
  0
CIRCLE
  5
945
330
17
100
AcDbEntity
  8
0
100
AcDbCircle
 10
140.77198371546118
 20
763.8058262224122
 30
0.0
 40
3.0
  0
CIRCLE
  5
946
330
17
100
AcDbEntity
  8
0
100
AcDbCircle
 10
233.59764967587506
 20
983.6005061057517
 30
0.0
 40
3.0
  0
CIRCLE
  5
947
330
17
100
AcDbEntity
  8
0
100
AcDbCircle
 10
900.2438561773599
 20
995.9093844005237
 30
0.0
 40
3.0
  0
CIRCLE
  5
948
330
17
100
AcDbEntity
  8
0
100
AcDbCircle
 10
776.0942231080307
 20
841.1409772270468
 30
0.0
 40
3.0
  0
CIRCLE
  5
949
330
17
100
AcDbEntity
  8
0
100
AcDbCircle
 10
892.6203302909349
 20
245.9736588006146
 30
0.0
 40
3.0
  0
CIRCLE
  5
94A
330
17
100
AcDbEntity
  8
0
100
AcDbCircle
 10
242.47496937486525
 20
230.3363237543873
 30
0.0
 40
3.0
  0
CIRCLE
  5
94B
330
17
100
AcDbEntity
  8
0
100
AcDbCircle
 10
856.689046375781
 20
31.117039958581813
 30
0.0
 40
3.0
  0
CIRCLE
  5
94C
330
17
100
AcDbEntity
  8
0
100
AcDbCircle
 10
778.6842657290055
 20
472.1500260737353
 30
0.0
 40
3.0
  0
CIRCLE
  5
94D
330
17
100
AcDbEntity
  8
0
100
AcDbCircle
 10
330.0094596119296
 20
809.1966867969289
 30
0.0
 40
3.0
  0
CIRCLE
  5
94E
330
17
100
AcDbEntity
  8
0
100
AcDbCircle
 10
141.35133081560824
 20
791.0703363555638
 30
0.0
 40
3.0
  0
CIRCLE
  5
94F
330
17
100
AcDbEntity
  8
0
100
AcDbCircle
 10
518.1392114466282
 20
802.4084018562859
 30
0.0
 40
3.0
  0
CIRCLE
  5
950
330
17
100
AcDbEntity
  8
0
100
AcDbCircle
 10
127.31021259680386
 20
61.53356279491673
 30
0.0
 40
3.0
  0
CIRCLE
  5
951
330
17
100
AcDbEntity
  8
0
100
AcDbCircle
 10
327.6040011284069
 20
974.706785365831
 30
0.0
 40
3.0
  0
CIRCLE
  5
952
330
17
100
AcDbEntity
  8
0
100
AcDbCircle
 10
167.20252752104383
 20
464.01957635120397
 30
0.0
 40
3.0
  0
CIRCLE
  5
953
330
17
100
AcDbEntity
  8
0
100
AcDbCircle
 10
581.8878444291108
 20
195.1182532837126
 30
0.0
 40
3.0
  0
CIRCLE
  5
954
330
17
100
AcDbEntity
  8
0
100
AcDbCircle
 10
573.3554560254263
 20
10.852580908457442
 30
0.0
 40
3.0
  0
CIRCLE
  5
955
330
17
100
AcDbEntity
  8
0
100
AcDbCircle
 10
793.7036883955163
 20
430.49519783752964
 30
0.0
 40
3.0
  0
CIRCLE
  5
956
330
17
100
AcDbEntity
  8
0
100
AcDbCircle
 10
387.0540101256595
 20
671.5352624956035
 30
0.0
 40
3.0
  0
CIRCLE
  5
957
330
17
100
AcDbEntity
  8
0
100
AcDbCircle
 10
831.3286973344409
 20
191.87920346887853
 30
0.0
 40
3.0
  0
CIRCLE
  5
958
330
17
100
AcDbEntity
  8
0
100
AcDbCircle
 10
823.4078388821964
 20
565.4249149879906
 30
0.0
 40
3.0
  0
CIRCLE
  5
959
330
17
100
AcDbEntity
  8
0
100
AcDbCircle
 10
983.6403760945192
 20
180.574704534396
 30
0.0
 40
3.0
  0
CIRCLE
  5
95A
330
17
100
AcDbEntity
  8
0
100
AcDbCircle
 10
35.150920488932705
 20
651.0711829840186
 30
0.0
 40
3.0
  0
CIRCLE
  5
95B
330
17
100
AcDbEntity
  8
0
100
AcDbCircle
 10
984.3084582063836
 20
943.9348989803115
 30
0.0
 40
3.0
  0
CIRCLE
  5
95C
330
17
100
AcDbEntity
  8
0
100
AcDbCircle
 10
885.6446852275891
 20
246.33650703574267
 30
0.0
 40
3.0
  0
CIRCLE
  5
95D
330
17
100
AcDbEntity
  8
0
100
AcDbCircle
 10
508.92012147570637
 20
894.3459006826329
 30
0.0
 40
3.0
  0
CIRCLE
  5
95E
330
17
100
AcDbEntity
  8
0
100
AcDbCircle
 10
489.0319617144028
 20
218.1841914509871
 30
0.0
 40
3.0
  0
CIRCLE
  5
95F
330
17
100
AcDbEntity
  8
0
100
AcDbCircle
 10
988.6110210861535
 20
640.7007033916144
 30
0.0
 40
3.0
  0
CIRCLE
  5
960
330
17
100
AcDbEntity
  8
0
100
AcDbCircle
 10
492.7115482388827
 20
22.31582391400547
 30
0.0
 40
3.0
  0
CIRCLE
  5
961
330
17
100
AcDbEntity
  8
0
100
AcDbCircle
 10
377.5184843520026
 20
993.4168098308504
 30
0.0
 40
3.0
  0
CIRCLE
  5
962
330
17
100
AcDbEntity
  8
0
100
AcDbCircle
 10
592.0246225408799
 20
209.789578307332
 30
0.0
 40
3.0
  0
CIRCLE
  5
963
330
17
100
AcDbEntity
  8
0
100
AcDbCircle
 10
195.9462451972743
 20
216.7627907109764
 30
0.0
 40
3.0
  0
CIRCLE
  5
964
330
17
100
AcDbEntity
  8
0
100
AcDbCircle
 10
496.03494573516934
 20
630.7327785508646
 30
0.0
 40
3.0
  0
CIRCLE
  5
965
330
17
100
AcDbEntity
  8
0
100
AcDbCircle
 10
994.162851091153
 20
64.83863434485178
 30
0.0
 40
3.0
  0
CIRCLE
  5
966
330
17
100
AcDbEntity
  8
0
100
AcDbCircle
 10
326.3040370636373
 20
942.5221242499872
 30
0.0
 40
3.0
  0
CIRCLE
  5
967
330
17
100
AcDbEntity
  8
0
100
AcDbCircle
 10
809.4723777997309
 20
809.6951884901405
 30
0.0
 40
3.0
  0
CIRCLE
  5
968
330
17
100
AcDbEntity
  8
0
100
AcDbCircle
 10
860.5129632983788
 20
771.8492051955261
 30
0.0
 40
3.0
  0
CIRCLE
  5
969
330
17
100
AcDbEntity
  8
0
100
AcDbCircle
 10
935.9725734588036
 20
719.2075940146664
 30
0.0
 40
3.0
  0
CIRCLE
  5
96A
330
17
100
AcDbEntity
  8
0
100
AcDbCircle
 10
5.04712288809777
 20
440.3149444391782
 30
0.0
 40
3.0
  0
CIRCLE
  5
96B
330
17
100
AcDbEntity
  8
0
100
AcDbCircle
 10
910.4040701094168
 20
3.136816682399409
 30
0.0
 40
3.0
  0
CIRCLE
  5
96C
330
17
100
AcDbEntity
  8
0
100
AcDbCircle
 10
987.0139597416519
 20
98.45440856411354
 30
0.0
 40
3.0
  0
CIRCLE
  5
96D
330
17
100
AcDbEntity
  8
0
100
AcDbCircle
 10
993.0244090872097
 20
727.0381168401331
 30
0.0
 40
3.0
  0
CIRCLE
  5
96E
330
17
100
AcDbEntity
  8
0
100
AcDbCircle
 10
522.0586976133474
 20
981.4074007018688
 30
0.0
 40
3.0
  0
CIRCLE
  5
96F
330
17
100
AcDbEntity
  8
0
100
AcDbCircle
 10
768.1461860500161
 20
864.2174345246434
 30
0.0
 40
3.0
  0
CIRCLE
  5
970
330
17
100
AcDbEntity
  8
0
100
AcDbCircle
 10
590.7460035068937
 20
538.6328241295294
 30
0.0
 40
3.0
  0
CIRCLE
  5
971
330
17
100
AcDbEntity
  8
0
100
AcDbCircle
 10
711.3556059117254
 20
159.61104472205037
 30
0.0
 40
3.0
  0
CIRCLE
  5
972
330
17
100
AcDbEntity
  8
0
100
AcDbCircle
 10
3.1019264703829843
 20
868.1222549727743
 30
0.0
 40
3.0
  0
CIRCLE
  5
973
330
17
100
AcDbEntity
  8
0
100
AcDbCircle
 10
109.83109587190873
 20
414.7659365141721
 30
0.0
 40
3.0
  0
CIRCLE
  5
974
330
17
100
AcDbEntity
  8
0
100
AcDbCircle
 10
339.855463885639
 20
995.6942233408155
 30
0.0
 40
3.0
  0
CIRCLE
  5
975
330
17
100
AcDbEntity
  8
0
100
AcDbCircle
 10
544.0281048923423
 20
930.7562006828806
 30
0.0
 40
3.0
  0
CIRCLE
  5
976
330
17
100
AcDbEntity
  8
0
100
AcDbCircle
 10
171.60177673059812
 20
190.49589996637144
 30
0.0
 40
3.0
  0
CIRCLE
  5
977
330
17
100
AcDbEntity
  8
0
100
AcDbCircle
 10
57.53313107113036
 20
474.43192054781235
 30
0.0
 40
3.0
  0
CIRCLE
  5
978
330
17
100
AcDbEntity
  8
0
100
AcDbCircle
 10
404.170358540293
 20
996.7330003665517
 30
0.0
 40
3.0
  0
CIRCLE
  5
979
330
17
100
AcDbEntity
  8
0
100
AcDbCircle
 10
970.8810282925243
 20
722.8608604643379
 30
0.0
 40
3.0
  0
CIRCLE
  5
97A
330
17
100
AcDbEntity
  8
0
100
AcDbCircle
 10
104.05688790814183
 20
908.5404112044903
 30
0.0
 40
3.0
  0
CIRCLE
  5
97B
330
17
100
AcDbEntity
  8
0
100
AcDbCircle
 10
761.7996284260537
 20
476.7756109732482
 30
0.0
 40
3.0
  0
CIRCLE
  5
97C
330
17
100
AcDbEntity
  8
0
100
AcDbCircle
 10
723.0530210182109
 20
603.6146079208384
 30
0.0
 40
3.0
  0
CIRCLE
  5
97D
330
17
100
AcDbEntity
  8
0
100
AcDbCircle
 10
655.9147740360304
 20
681.9142376313989
 30
0.0
 40
3.0
  0
CIRCLE
  5
97E
330
17
100
AcDbEntity
  8
0
100
AcDbCircle
 10
507.42014557723206
 20
849.0506727812325
 30
0.0
 40
3.0
  0
CIRCLE
  5
97F
330
17
100
AcDbEntity
  8
0
100
AcDbCircle
 10
457.0468431373178
 20
60.058753510715306
 30
0.0
 40
3.0
  0
CIRCLE
  5
980
330
17
100
AcDbEntity
  8
0
100
AcDbCircle
 10
429.69098581829564
 20
996.4651317491389
 30
0.0
 40
3.0
  0
CIRCLE
  5
981
330
17
100
AcDbEntity
  8
0
100
AcDbCircle
 10
401.6832234832263
 20
385.48705694947006
 30
0.0
 40
3.0
  0
CIRCLE
  5
982
330
17
100
AcDbEntity
  8
0
100
AcDbCircle
 10
515.0292607218862
 20
5.711305783708082
 30
0.0
 40
3.0
  0
CIRCLE
  5
983
330
17
100
AcDbEntity
  8
0
100
AcDbCircle
 10
861.4434383183803
 20
328.5716928283958
 30
0.0
 40
3.0
  0
CIRCLE
  5
984
330
17
100
AcDbEntity
  8
0
100
AcDbCircle
 10
994.5591845681364
 20
371.31249848915354
 30
0.0
 40
3.0
  0
CIRCLE
  5
985
330
17
100
AcDbEntity
  8
0
100
AcDbCircle
 10
256.9920782790689
 20
756.6290599816995
 30
0.0
 40
3.0
  0
CIRCLE
  5
986
330
17
100
AcDbEntity
  8
0
100
AcDbCircle
 10
190.54398423467867
 20
814.7122310321441
 30
0.0
 40
3.0
  0
CIRCLE
  5
987
330
17
100
AcDbEntity
  8
0
100
AcDbCircle
 10
7.335256946726387
 20
579.6600354045012
 30
0.0
 40
3.0
  0
CIRCLE
  5
988
330
17
100
AcDbEntity
  8
0
100
AcDbCircle
 10
472.27040027480234
 20
351.4919808578561
 30
0.0
 40
3.0
  0
CIRCLE
  5
989
330
17
100
AcDbEntity
  8
0
100
AcDbCircle
 10
384.09545575222654
 20
413.3453661028677
 30
0.0
 40
3.0
  0
CIRCLE
  5
98A
330
17
100
AcDbEntity
  8
0
100
AcDbCircle
 10
314.75392407899136
 20
55.098906467089584
 30
0.0
 40
3.0
  0
CIRCLE
  5
98B
330
17
100
AcDbEntity
  8
0
100
AcDbCircle
 10
778.8572871947651
 20
781.53135600171
 30
0.0
 40
3.0
  0
CIRCLE
  5
98C
330
17
100
AcDbEntity
  8
0
100
AcDbCircle
 10
601.7295179289638
 20
571.4639023299802
 30
0.0
 40
3.0
  0
CIRCLE
  5
98D
330
17
100
AcDbEntity
  8
0
100
AcDbCircle
 10
768.5875674608599
 20
992.7817847459669
 30
0.0
 40
3.0
  0
CIRCLE
  5
98E
330
17
100
AcDbEntity
  8
0
100
AcDbCircle
 10
65.05159249844286
 20
339.1505834517006
 30
0.0
 40
3.0
  0
CIRCLE
  5
98F
330
17
100
AcDbEntity
  8
0
100
AcDbCircle
 10
785.5401019734977
 20
646.1292605283494
 30
0.0
 40
3.0
  0
CIRCLE
  5
990
330
17
100
AcDbEntity
  8
0
100
AcDbCircle
 10
231.7725830079615
 20
283.95952209179444
 30
0.0
 40
3.0
  0
CIRCLE
  5
991
330
17
100
AcDbEntity
  8
0
100
AcDbCircle
 10
561.8532837958074
 20
738.2283924999784
 30
0.0
 40
3.0
  0
CIRCLE
  5
992
330
17
100
AcDbEntity
  8
0
100
AcDbCircle
 10
355.85484905943315
 20
761.4573579380161
 30
0.0
 40
3.0
  0
CIRCLE
  5
993
330
17
100
AcDbEntity
  8
0
100
AcDbCircle
 10
448.9254538215316
 20
4.187852798435692
 30
0.0
 40
3.0
  0
CIRCLE
  5
994
330
17
100
AcDbEntity
  8
0
100
AcDbCircle
 10
321.64692381150513
 20
950.0992413457459
 30
0.0
 40
3.0
  0
CIRCLE
  5
995
330
17
100
AcDbEntity
  8
0
100
AcDbCircle
 10
30.967115922226355
 20
996.2316183851785
 30
0.0
 40
3.0
  0
CIRCLE
  5
996
330
17
100
AcDbEntity
  8
0
100
AcDbCircle
 10
685.5980309190264
 20
703.7326131588345
 30
0.0
 40
3.0
  0
CIRCLE
  5
997
330
17
100
AcDbEntity
  8
0
100
AcDbCircle
 10
327.64758905080157
 20
710.1551786847872
 30
0.0
 40
3.0
  0
CIRCLE
  5
998
330
17
100
AcDbEntity
  8
0
100
AcDbCircle
 10
237.4053959007315
 20
392.30084347078383
 30
0.0
 40
3.0
  0
CIRCLE
  5
999
330
17
100
AcDbEntity
  8
0
100
AcDbCircle
 10
704.1668625864148
 20
767.4255776068927
 30
0.0
 40
3.0
  0
CIRCLE
  5
99A
330
17
100
AcDbEntity
  8
0
100
AcDbCircle
 10
491.20390076055634
 20
8.801907260636238
 30
0.0
 40
3.0
  0
CIRCLE
  5
99B
330
17
100
AcDbEntity
  8
0
100
AcDbCircle
 10
116.21450969765328
 20
414.95733893908454
 30
0.0
 40
3.0
  0
CIRCLE
  5
99C
330
17
100
AcDbEntity
  8
0
100
AcDbCircle
 10
27.75090423676735
 20
445.5087544312997
 30
0.0
 40
3.0
  0
CIRCLE
  5
99D
330
17
100
AcDbEntity
  8
0
100
AcDbCircle
 10
181.0140601090242
 20
110.57823704242492
 30
0.0
 40
3.0
  0
CIRCLE
  5
99E
330
17
100
AcDbEntity
  8
0
100
AcDbCircle
 10
160.44463074231956
 20
225.25412565225025
 30
0.0
 40
3.0
  0
CIRCLE
  5
99F
330
17
100
AcDbEntity
  8
0
100
AcDbCircle
 10
850.2852237020428
 20
921.0654836275637
 30
0.0
 40
3.0
  0
CIRCLE
  5
9A0
330
17
100
AcDbEntity
  8
0
100
AcDbCircle
 10
124.31659476798384
 20
874.6927870917866
 30
0.0
 40
3.0
  0
CIRCLE
  5
9A1
330
17
100
AcDbEntity
  8
0
100
AcDbCircle
 10
295.9774485331909
 20
938.3932732515024
 30
0.0
 40
3.0
  0
CIRCLE
  5
9A2
330
17
100
AcDbEntity
  8
0
100
AcDbCircle
 10
542.1301523311332
 20
709.720972628363
 30
0.0
 40
3.0
  0
CIRCLE
  5
9A3
330
17
100
AcDbEntity
  8
0
100
AcDbCircle
 10
155.72273013115665
 20
168.05151406403007
 30
0.0
 40
3.0
  0
CIRCLE
  5
9A4
330
17
100
AcDbEntity
  8
0
100
AcDbCircle
 10
219.18732922713704
 20
818.453310628081
 30
0.0
 40
3.0
  0
CIRCLE
  5
9A5
330
17
100
AcDbEntity
  8
0
100
AcDbCircle
 10
319.00378331731906
 20
502.4536381294216
 30
0.0
 40
3.0
  0
CIRCLE
  5
9A6
330
17
100
AcDbEntity
  8
0
100
AcDbCircle
 10
843.6206645597135
 20
308.3086363431747
 30
0.0
 40
3.0
  0
CIRCLE
  5
9A7
330
17
100
AcDbEntity
  8
0
100
AcDbCircle
 10
622.6210178053361
 20
996.400133988527
 30
0.0
 40
3.0
  0
CIRCLE
  5
9A8
330
17
100
AcDbEntity
  8
0
100
AcDbCircle
 10
648.8187461534784
 20
31.955135659633758
 30
0.0
 40
3.0
  0
CIRCLE
  5
9A9
330
17
100
AcDbEntity
  8
0
100
AcDbCircle
 10
195.36339212593745
 20
832.2026509327261
 30
0.0
 40
3.0
  0
CIRCLE
  5
9AA
330
17
100
AcDbEntity
  8
0
100
AcDbCircle
 10
428.4395570937627
 20
772.0187108069549
 30
0.0
 40
3.0
  0
CIRCLE
  5
9AB
330
17
100
AcDbEntity
  8
0
100
AcDbCircle
 10
715.7172811712592
 20
32.066656520822946
 30
0.0
 40
3.0
  0
CIRCLE
  5
9AC
330
17
100
AcDbEntity
  8
0
100
AcDbCircle
 10
352.4475283144834
 20
275.47642999368304
 30
0.0
 40
3.0
  0
CIRCLE
  5
9AD
330
17
100
AcDbEntity
  8
0
100
AcDbCircle
 10
985.624530459924
 20
290.8772355463416
 30
0.0
 40
3.0
  0
CIRCLE
  5
9AE
330
17
100
AcDbEntity
  8
0
100
AcDbCircle
 10
345.55518283304974
 20
760.9718063168418
 30
0.0
 40
3.0
  0
CIRCLE
  5
9AF
330
17
100
AcDbEntity
  8
0
100
AcDbCircle
 10
199.09521973332394
 20
944.5765613458404
 30
0.0
 40
3.0
  0
CIRCLE
  5
9B0
330
17
100
AcDbEntity
  8
0
100
AcDbCircle
 10
995.8645170375166
 20
623.0746201605543
 30
0.0
 40
3.0
  0
CIRCLE
  5
9B1
330
17
100
AcDbEntity
  8
0
100
AcDbCircle
 10
794.4113359661384
 20
252.8469705911831
 30
0.0
 40
3.0
  0
CIRCLE
  5
9B2
330
17
100
AcDbEntity
  8
0
100
AcDbCircle
 10
707.5626116799582
 20
400.67965562959614
 30
0.0
 40
3.0
  0
CIRCLE
  5
9B3
330
17
100
AcDbEntity
  8
0
100
AcDbCircle
 10
640.3798286840446
 20
279.8629081397347
 30
0.0
 40
3.0
  0
CIRCLE
  5
9B4
330
17
100
AcDbEntity
  8
0
100
AcDbCircle
 10
103.44808876643276
 20
599.4361436546525
 30
0.0
 40
3.0
  0
CIRCLE
  5
9B5
330
17
100
AcDbEntity
  8
0
100
AcDbCircle
 10
298.7536641689029
 20
931.9264183395754
 30
0.0
 40
3.0
  0
CIRCLE
  5
9B6
330
17
100
AcDbEntity
  8
0
100
AcDbCircle
 10
394.5687157785091
 20
31.785795819394835
 30
0.0
 40
3.0
  0
CIRCLE
  5
9B7
330
17
100
AcDbEntity
  8
0
100
AcDbCircle
 10
920.3731448170076
 20
511.6312569711402
 30
0.0
 40
3.0
  0
CIRCLE
  5
9B8
330
17
100
AcDbEntity
  8
0
100
AcDbCircle
 10
215.18244865381052
 20
198.42568952009643
 30
0.0
 40
3.0
  0
CIRCLE
  5
9B9
330
17
100
AcDbEntity
  8
0
100
AcDbCircle
 10
576.1876019235096
 20
43.14867428857291
 30
0.0
 40
3.0
  0
CIRCLE
  5
9BA
330
17
100
AcDbEntity
  8
0
100
AcDbCircle
 10
816.6076983390556
 20
879.257645172783
 30
0.0
 40
3.0
  0
CIRCLE
  5
9BB
330
17
100
AcDbEntity
  8
0
100
AcDbCircle
 10
94.6462639462689
 20
615.2569338590226
 30
0.0
 40
3.0
  0
CIRCLE
  5
9BC
330
17
100
AcDbEntity
  8
0
100
AcDbCircle
 10
415.9702979990789
 20
171.52279074491233
 30
0.0
 40
3.0
  0
CIRCLE
  5
9BD
330
17
100
AcDbEntity
  8
0
100
AcDbCircle
 10
286.4099610478679
 20
996.3148174819178
 30
0.0
 40
3.0
  0
CIRCLE
  5
9BE
330
17
100
AcDbEntity
  8
0
100
AcDbCircle
 10
792.8677699102461
 20
35.629013447842866
 30
0.0
 40
3.0
  0
CIRCLE
  5
9BF
330
17
100
AcDbEntity
  8
0
100
AcDbCircle
 10
361.6070290907996
 20
610.9472091652242
 30
0.0
 40
3.0
  0
CIRCLE
  5
9C0
330
17
100
AcDbEntity
  8
0
100
AcDbCircle
 10
767.4780758923382
 20
914.4544022484954
 30
0.0
 40
3.0
  0
CIRCLE
  5
9C1
330
17
100
AcDbEntity
  8
0
100
AcDbCircle
 10
633.4765211253969
 20
421.81706478203085
 30
0.0
 40
3.0
  0
CIRCLE
  5
9C2
330
17
100
AcDbEntity
  8
0
100
AcDbCircle
 10
203.39186738057415
 20
502.344595298354
 30
0.0
 40
3.0
  0
CIRCLE
  5
9C3
330
17
100
AcDbEntity
  8
0
100
AcDbCircle
 10
582.1594178312608
 20
188.63862700421632
 30
0.0
 40
3.0
  0
CIRCLE
  5
9C4
330
17
100
AcDbEntity
  8
0
100
AcDbCircle
 10
611.4809987291471
 20
898.4428355789878
 30
0.0
 40
3.0
  0
CIRCLE
  5
9C5
330
17
100
AcDbEntity
  8
0
100
AcDbCircle
 10
512.6341390281387
 20
602.5341376079451
 30
0.0
 40
3.0
  0
CIRCLE
  5
9C6
330
17
100
AcDbEntity
  8
0
100
AcDbCircle
 10
411.94760091158787
 20
943.535770539284
 30
0.0
 40
3.0
  0
CIRCLE
  5
9C7
330
17
100
AcDbEntity
  8
0
100
AcDbCircle
 10
585.2313762407682
 20
160.6449269150623
 30
0.0
 40
3.0
  0
CIRCLE
  5
9C8
330
17
100
AcDbEntity
  8
0
100
AcDbCircle
 10
592.1707836247027
 20
124.11333858890107
 30
0.0
 40
3.0
  0
CIRCLE
  5
9C9
330
17
100
AcDbEntity
  8
0
100
AcDbCircle
 10
534.1997995296841
 20
304.73922526579804
 30
0.0
 40
3.0
  0
CIRCLE
  5
9CA
330
17
100
AcDbEntity
  8
0
100
AcDbCircle
 10
289.99795977082607
 20
395.1244852180039
 30
0.0
 40
3.0
  0
CIRCLE
  5
9CB
330
17
100
AcDbEntity
  8
0
100
AcDbCircle
 10
403.0250279111693
 20
833.5052239888985
 30
0.0
 40
3.0
  0
CIRCLE
  5
9CC
330
17
100
AcDbEntity
  8
0
100
AcDbCircle
 10
267.4071894079206
 20
793.1955481856118
 30
0.0
 40
3.0
  0
CIRCLE
  5
9CD
330
17
100
AcDbEntity
  8
0
100
AcDbCircle
 10
6.859892951736213
 20
126.90184895629936
 30
0.0
 40
3.0
  0
CIRCLE
  5
9CE
330
17
100
AcDbEntity
  8
0
100
AcDbCircle
 10
958.3729577658203
 20
386.4570855739934
 30
0.0
 40
3.0
  0
CIRCLE
  5
9CF
330
17
100
AcDbEntity
  8
0
100
AcDbCircle
 10
877.7759936771155
 20
133.59938404879603
 30
0.0
 40
3.0
  0
CIRCLE
  5
9D0
330
17
100
AcDbEntity
  8
0
100
AcDbCircle
 10
554.4088144435922
 20
5.931106910478027
 30
0.0
 40
3.0
  0
CIRCLE
  5
9D1
330
17
100
AcDbEntity
  8
0
100
AcDbCircle
 10
61.38306030937783
 20
652.9820844826768
 30
0.0
 40
3.0
  0
CIRCLE
  5
9D2
330
17
100
AcDbEntity
  8
0
100
AcDbCircle
 10
606.0630443010242
 20
282.3438790026246
 30
0.0
 40
3.0
  0
CIRCLE
  5
9D3
330
17
100
AcDbEntity
  8
0
100
AcDbCircle
 10
791.2060895661753
 20
632.6869708030486
 30
0.0
 40
3.0
  0
CIRCLE
  5
9D4
330
17
100
AcDbEntity
  8
0
100
AcDbCircle
 10
752.8676632994731
 20
931.5526295225742
 30
0.0
 40
3.0
  0
CIRCLE
  5
9D5
330
17
100
AcDbEntity
  8
0
100
AcDbCircle
 10
362.8872040819509
 20
523.1199015504554
 30
0.0
 40
3.0
  0
CIRCLE
  5
9D6
330
17
100
AcDbEntity
  8
0
100
AcDbCircle
 10
455.99785747546605
 20
478.06948225530374
 30
0.0
 40
3.0
  0
CIRCLE
  5
9D7
330
17
100
AcDbEntity
  8
0
100
AcDbCircle
 10
591.6320740884128
 20
443.26859386949815
 30
0.0
 40
3.0
  0
CIRCLE
  5
9D8
330
17
100
AcDbEntity
  8
0
100
AcDbCircle
 10
478.79214897467534
 20
365.2703232169141
 30
0.0
 40
3.0
  0
CIRCLE
  5
9D9
330
17
100
AcDbEntity
  8
0
100
AcDbCircle
 10
699.82289364674
 20
753.2239090747872
 30
0.0
 40
3.0
  0
CIRCLE
  5
9DA
330
17
100
AcDbEntity
  8
0
100
AcDbCircle
 10
122.7056215939424
 20
962.7512545285567
 30
0.0
 40
3.0
  0
CIRCLE
  5
9DB
330
17
100
AcDbEntity
  8
0
100
AcDbCircle
 10
509.5824705845585
 20
542.0597420875165
 30
0.0
 40
3.0
  0
CIRCLE
  5
9DC
330
17
100
AcDbEntity
  8
0
100
AcDbCircle
 10
972.6875004454186
 20
22.02960652296818
 30
0.0
 40
3.0
  0
CIRCLE
  5
9DD
330
17
100
AcDbEntity
  8
0
100
AcDbCircle
 10
611.0681873630691
 20
543.3602153608356
 30
0.0
 40
3.0
  0
CIRCLE
  5
9DE
330
17
100
AcDbEntity
  8
0
100
AcDbCircle
 10
742.3397189311855
 20
36.44787248211958
 30
0.0
 40
3.0
  0
CIRCLE
  5
9DF
330
17
100
AcDbEntity
  8
0
100
AcDbCircle
 10
601.1163931250571
 20
594.7353867270141
 30
0.0
 40
3.0
  0
CIRCLE
  5
9E0
330
17
100
AcDbEntity
  8
0
100
AcDbCircle
 10
477.57809901773913
 20
176.2027549201
 30
0.0
 40
3.0
  0
CIRCLE
  5
9E1
330
17
100
AcDbEntity
  8
0
100
AcDbCircle
 10
676.7585574400466
 20
241.62350210259135
 30
0.0
 40
3.0
  0
CIRCLE
  5
9E2
330
17
100
AcDbEntity
  8
0
100
AcDbCircle
 10
993.3042938977561
 20
734.2773319831817
 30
0.0
 40
3.0
  0
CIRCLE
  5
9E3
330
17
100
AcDbEntity
  8
0
100
AcDbCircle
 10
462.2744192029184
 20
227.79087164203463
 30
0.0
 40
3.0
  0
CIRCLE
  5
9E4
330
17
100
AcDbEntity
  8
0
100
AcDbCircle
 10
993.5626330468264
 20
55.17429925004056
 30
0.0
 40
3.0
  0
CIRCLE
  5
9E5
330
17
100
AcDbEntity
  8
0
100
AcDbCircle
 10
432.93562929251925
 20
697.6091034318614
 30
0.0
 40
3.0
  0
CIRCLE
  5
9E6
330
17
100
AcDbEntity
  8
0
100
AcDbCircle
 10
925.7262560105023
 20
715.89760645994
 30
0.0
 40
3.0
  0
CIRCLE
  5
9E7
330
17
100
AcDbEntity
  8
0
100
AcDbCircle
 10
157.087686705849
 20
465.3983528478321
 30
0.0
 40
3.0
  0
CIRCLE
  5
9E8
330
17
100
AcDbEntity
  8
0
100
AcDbCircle
 10
852.4150628883407
 20
303.3387736647987
 30
0.0
 40
3.0
  0
CIRCLE
  5
9E9
330
17
100
AcDbEntity
  8
0
100
AcDbCircle
 10
716.0823716641986
 20
959.5124869924887
 30
0.0
 40
3.0
  0
CIRCLE
  5
9EA
330
17
100
AcDbEntity
  8
0
100
AcDbCircle
 10
330.37171671342696
 20
819.5981619925536
 30
0.0
 40
3.0
  0
CIRCLE
  5
9EB
330
17
100
AcDbEntity
  8
0
100
AcDbCircle
 10
393.65306849414753
 20
75.40634495037186
 30
0.0
 40
3.0
  0
CIRCLE
  5
9EC
330
17
100
AcDbEntity
  8
0
100
AcDbCircle
 10
667.3299466619793
 20
995.8146156033524
 30
0.0
 40
3.0
  0
CIRCLE
  5
9ED
330
17
100
AcDbEntity
  8
0
100
AcDbCircle
 10
962.1984628951878
 20
224.1170614765482
 30
0.0
 40
3.0
  0
CIRCLE
  5
9EE
330
17
100
AcDbEntity
  8
0
100
AcDbCircle
 10
286.9013502174712
 20
604.2766805352404
 30
0.0
 40
3.0
  0
CIRCLE
  5
9EF
330
17
100
AcDbEntity
  8
0
100
AcDbCircle
 10
429.7653288180646
 20
445.9154050521699
 30
0.0
 40
3.0
  0
CIRCLE
  5
9F0
330
17
100
AcDbEntity
  8
0
100
AcDbCircle
 10
287.274761930837
 20
344.24898397363955
 30
0.0
 40
3.0
  0
CIRCLE
  5
9F1
330
17
100
AcDbEntity
  8
0
100
AcDbCircle
 10
314.79028444414945
 20
833.1809460774908
 30
0.0
 40
3.0
  0
CIRCLE
  5
9F2
330
17
100
AcDbEntity
  8
0
100
AcDbCircle
 10
954.1675258274355
 20
516.2567280074061
 30
0.0
 40
3.0
  0
CIRCLE
  5
9F3
330
17
100
AcDbEntity
  8
0
100
AcDbCircle
 10
381.2330227856036
 20
279.2253866373497
 30
0.0
 40
3.0
  0
CIRCLE
  5
9F4
330
17
100
AcDbEntity
  8
0
100
AcDbCircle
 10
243.1851240778594
 20
480.03379060815735
 30
0.0
 40
3.0
  0
CIRCLE
  5
9F5
330
17
100
AcDbEntity
  8
0
100
AcDbCircle
 10
230.35630415021078
 20
392.65561764108577
 30
0.0
 40
3.0
  0
CIRCLE
  5
9F6
330
17
100
AcDbEntity
  8
0
100
AcDbCircle
 10
481.5794184815905
 20
768.6524257077206
 30
0.0
 40
3.0
  0
CIRCLE
  5
9F7
330
17
100
AcDbEntity
  8
0
100
AcDbCircle
 10
283.5785888952812
 20
148.0706529741666
 30
0.0
 40
3.0
  0
CIRCLE
  5
9F8
330
17
100
AcDbEntity
  8
0
100
AcDbCircle
 10
211.47156232629862
 20
626.7119329984741
 30
0.0
 40
3.0
  0
CIRCLE
  5
9F9
330
17
100
AcDbEntity
  8
0
100
AcDbCircle
 10
480.60254039461
 20
24.816929911066907
 30
0.0
 40
3.0
  0
CIRCLE
  5
9FA
330
17
100
AcDbEntity
  8
0
100
AcDbCircle
 10
7.829551310155483
 20
512.9907315258935
 30
0.0
 40
3.0
  0
CIRCLE
  5
9FB
330
17
100
AcDbEntity
  8
0
100
AcDbCircle
 10
552.5114359074074
 20
636.7655303165847
 30
0.0
 40
3.0
  0
CIRCLE
  5
9FC
330
17
100
AcDbEntity
  8
0
100
AcDbCircle
 10
954.3601711897343
 20
225.05921365785713
 30
0.0
 40
3.0
  0
CIRCLE
  5
9FD
330
17
100
AcDbEntity
  8
0
100
AcDbCircle
 10
3.398366552434028
 20
666.4870854150626
 30
0.0
 40
3.0
  0
CIRCLE
  5
9FE
330
17
100
AcDbEntity
  8
0
100
AcDbCircle
 10
995.2422600448243
 20
47.28672655176887
 30
0.0
 40
3.0
  0
CIRCLE
  5
9FF
330
17
100
AcDbEntity
  8
0
100
AcDbCircle
 10
487.3781498828485
 20
272.363876833628
 30
0.0
 40
3.0
  0
CIRCLE
  5
A00
330
17
100
AcDbEntity
  8
0
100
AcDbCircle
 10
396.95027153354414
 20
995.6086396796632
 30
0.0
 40
3.0
  0
CIRCLE
  5
A01
330
17
100
AcDbEntity
  8
0
100
AcDbCircle
 10
290.78075609325396
 20
516.8950331411577
 30
0.0
 40
3.0
  0
CIRCLE
  5
A02
330
17
100
AcDbEntity
  8
0
100
AcDbCircle
 10
933.1630313483702
 20
320.97092541247997
 30
0.0
 40
3.0
  0
CIRCLE
  5
A03
330
17
100
AcDbEntity
  8
0
100
AcDbCircle
 10
721.3683482511175
 20
912.9174479231426
 30
0.0
 40
3.0
  0
CIRCLE
  5
A04
330
17
100
AcDbEntity
  8
0
100
AcDbCircle
 10
303.50703056768646
 20
926.6678406027254
 30
0.0
 40
3.0
  0
CIRCLE
  5
A05
330
17
100
AcDbEntity
  8
0
100
AcDbCircle
 10
59.72395119740028
 20
498.9729182115496
 30
0.0
 40
3.0
  0
CIRCLE
  5
A06
330
17
100
AcDbEntity
  8
0
100
AcDbCircle
 10
421.53405568188657
 20
750.570652192769
 30
0.0
 40
3.0
  0
CIRCLE
  5
A07
330
17
100
AcDbEntity
  8
0
100
AcDbCircle
 10
152.75805506012773
 20
738.3067843143812
 30
0.0
 40
3.0
  0
CIRCLE
  5
A08
330
17
100
AcDbEntity
  8
0
100
AcDbCircle
 10
701.0334119537275
 20
585.7691934518524
 30
0.0
 40
3.0
  0
CIRCLE
  5
A09
330
17
100
AcDbEntity
  8
0
100
AcDbCircle
 10
990.9111706250244
 20
126.84560399451757
 30
0.0
 40
3.0
  0
CIRCLE
  5
A0A
330
17
100
AcDbEntity
  8
0
100
AcDbCircle
 10
966.8637912962107
 20
928.06342718068
 30
0.0
 40
3.0
  0
CIRCLE
  5
A0B
330
17
100
AcDbEntity
  8
0
100
AcDbCircle
 10
464.1142447303575
 20
477.07718262779787
 30
0.0
 40
3.0
  0
CIRCLE
  5
A0C
330
17
100
AcDbEntity
  8
0
100
AcDbCircle
 10
16.510431040233186
 20
819.3066181219032
 30
0.0
 40
3.0
  0
CIRCLE
  5
A0D
330
17
100
AcDbEntity
  8
0
100
AcDbCircle
 10
390.54805696358073
 20
851.8152892371809
 30
0.0
 40
3.0
  0
CIRCLE
  5
A0E
330
17
100
AcDbEntity
  8
0
100
AcDbCircle
 10
228.6845578178857
 20
108.31262865898476
 30
0.0
 40
3.0
  0
CIRCLE
  5
A0F
330
17
100
AcDbEntity
  8
0
100
AcDbCircle
 10
590.4557791349089
 20
154.0714724966618
 30
0.0
 40
3.0
  0
CIRCLE
  5
A10
330
17
100
AcDbEntity
  8
0
100
AcDbCircle
 10
889.9039780644181
 20
464.8831454402693
 30
0.0
 40
3.0
  0
CIRCLE
  5
A11
330
17
100
AcDbEntity
  8
0
100
AcDbCircle
 10
736.5889854584788
 20
598.9593864739685
 30
0.0
 40
3.0
  0
CIRCLE
  5
A12
330
17
100
AcDbEntity
  8
0
100
AcDbCircle
 10
27.371587405274198
 20
614.4903329484325
 30
0.0
 40
3.0
  0
CIRCLE
  5
A13
330
17
100
AcDbEntity
  8
0
100
AcDbCircle
 10
865.0303173591288
 20
166.95775189232575
 30
0.0
 40
3.0
  0
CIRCLE
  5
A14
330
17
100
AcDbEntity
  8
0
100
AcDbCircle
 10
455.6944230598052
 20
743.2800295512275
 30
0.0
 40
3.0
  0
CIRCLE
  5
A15
330
17
100
AcDbEntity
  8
0
100
AcDbCircle
 10
746.8698162456584
 20
788.6927480667234
 30
0.0
 40
3.0
  0
CIRCLE
  5
A16
330
17
100
AcDbEntity
  8
0
100
AcDbCircle
 10
706.5886297072934
 20
354.8502864482704
 30
0.0
 40
3.0
  0
CIRCLE
  5
A17
330
17
100
AcDbEntity
  8
0
100
AcDbCircle
 10
176.20431660732982
 20
492.0650895617971
 30
0.0
 40
3.0
  0
CIRCLE
  5
A18
330
17
100
AcDbEntity
  8
0
100
AcDbCircle
 10
448.13588000002574
 20
66.59859191309542
 30
0.0
 40
3.0
  0
CIRCLE
  5
A19
330
17
100
AcDbEntity
  8
0
100
AcDbCircle
 10
741.8838572230112
 20
842.9664341658803
 30
0.0
 40
3.0
  0
CIRCLE
  5
A1A
330
17
100
AcDbEntity
  8
0
100
AcDbCircle
 10
356.92039651310864
 20
54.72315128923941
 30
0.0
 40
3.0
  0
CIRCLE
  5
A1B
330
17
100
AcDbEntity
  8
0
100
AcDbCircle
 10
501.88180928145084
 20
882.9714793613899
 30
0.0
 40
3.0
  0
CIRCLE
  5
A1C
330
17
100
AcDbEntity
  8
0
100
AcDbCircle
 10
482.9560484764355
 20
32.04887484458246
 30
0.0
 40
3.0
  0
CIRCLE
  5
A1D
330
17
100
AcDbEntity
  8
0
100
AcDbCircle
 10
727.8738659299057
 20
6.169189100561547
 30
0.0
 40
3.0
  0
CIRCLE
  5
A1E
330
17
100
AcDbEntity
  8
0
100
AcDbCircle
 10
294.916319369098
 20
477.06109348347167
 30
0.0
 40
3.0
  0
CIRCLE
  5
A1F
330
17
100
AcDbEntity
  8
0
100
AcDbCircle
 10
206.825114356556
 20
820.221227506512
 30
0.0
 40
3.0
  0
CIRCLE
  5
A20
330
17
100
AcDbEntity
  8
0
100
AcDbCircle
 10
995.5821555872114
 20
777.4439972217039
 30
0.0
 40
3.0
  0
CIRCLE
  5
A21
330
17
100
AcDbEntity
  8
0
100
AcDbCircle
 10
127.27492618397773
 20
54.76576062815256
 30
0.0
 40
3.0
  0
CIRCLE
  5
A22
330
17
100
AcDbEntity
  8
0
100
AcDbCircle
 10
771.9849376736361
 20
585.7866912757765
 30
0.0
 40
3.0
  0
CIRCLE
  5
A23
330
17
100
AcDbEntity
  8
0
100
AcDbCircle
 10
95.05435530076545
 20
994.3238580228337
 30
0.0
 40
3.0
  0
CIRCLE
  5
A24
330
17
100
AcDbEntity
  8
0
100
AcDbCircle
 10
179.57599791053832
 20
11.535868477094887
 30
0.0
 40
3.0
  0
CIRCLE
  5
A25
330
17
100
AcDbEntity
  8
0
100
AcDbCircle
 10
996.6036292151722
 20
463.85543924865374
 30
0.0
 40
3.0
  0
CIRCLE
  5
A26
330
17
100
AcDbEntity
  8
0
100
AcDbCircle
 10
535.0919304571174
 20
508.6336142827128
 30
0.0
 40
3.0
  0
CIRCLE
  5
A27
330
17
100
AcDbEntity
  8
0
100
AcDbCircle
 10
760.3389854643355
 20
187.6838131877044
 30
0.0
 40
3.0
  0
CIRCLE
  5
A28
330
17
100
AcDbEntity
  8
0
100
AcDbCircle
 10
292.6132829155278
 20
601.5166651301538
 30
0.0
 40
3.0
  0
CIRCLE
  5
A29
330
17
100
AcDbEntity
  8
0
100
AcDbCircle
 10
530.713301770238
 20
744.0526051523655
 30
0.0
 40
3.0
  0
CIRCLE
  5
A2A
330
17
100
AcDbEntity
  8
0
100
AcDbCircle
 10
471.3907565093522
 20
612.1783821922105
 30
0.0
 40
3.0
  0
CIRCLE
  5
A2B
330
17
100
AcDbEntity
  8
0
100
AcDbCircle
 10
718.0329006192429
 20
355.1020976631324
 30
0.0
 40
3.0
  0
CIRCLE
  5
A2C
330
17
100
AcDbEntity
  8
0
100
AcDbCircle
 10
609.0376085745584
 20
496.8580633234074
 30
0.0
 40
3.0
  0
CIRCLE
  5
A2D
330
17
100
AcDbEntity
  8
0
100
AcDbCircle
 10
443.51085336594394
 20
734.6333529472189
 30
0.0
 40
3.0
  0
CIRCLE
  5
A2E
330
17
100
AcDbEntity
  8
0
100
AcDbCircle
 10
426.51207853997096
 20
844.1874621537702
 30
0.0
 40
3.0
  0
CIRCLE
  5
A2F
330
17
100
AcDbEntity
  8
0
100
AcDbCircle
 10
549.2517734077437
 20
952.9575484635251
 30
0.0
 40
3.0
  0
CIRCLE
  5
A30
330
17
100
AcDbEntity
  8
0
100
AcDbCircle
 10
434.84045761308874
 20
963.4432708969925
 30
0.0
 40
3.0
  0
CIRCLE
  5
A31
330
17
100
AcDbEntity
  8
0
100
AcDbCircle
 10
744.0246030434479
 20
318.5869011488753
 30
0.0
 40
3.0
  0
CIRCLE
  5
A32
330
17
100
AcDbEntity
  8
0
100
AcDbCircle
 10
326.6228721722802
 20
486.26890237808556
 30
0.0
 40
3.0
  0
CIRCLE
  5
A33
330
17
100
AcDbEntity
  8
0
100
AcDbCircle
 10
672.8195588217548
 20
898.53089876476
 30
0.0
 40
3.0
  0
CIRCLE
  5
A34
330
17
100
AcDbEntity
  8
0
100
AcDbCircle
 10
841.170551947792
 20
391.2105608508349
 30
0.0
 40
3.0
  0
CIRCLE
  5
A35
330
17
100
AcDbEntity
  8
0
100
AcDbCircle
 10
727.0738385574872
 20
68.61184198760446
 30
0.0
 40
3.0
  0
CIRCLE
  5
A36
330
17
100
AcDbEntity
  8
0
100
AcDbCircle
 10
418.8528630797115
 20
848.1586049858056
 30
0.0
 40
3.0
  0
CIRCLE
  5
A37
330
17
100
AcDbEntity
  8
0
100
AcDbCircle
 10
765.131039346461
 20
434.55795343560004
 30
0.0
 40
3.0
  0
CIRCLE
  5
A38
330
17
100
AcDbEntity
  8
0
100
AcDbCircle
 10
143.39281375675415
 20
227.1611703651278
 30
0.0
 40
3.0
  0
CIRCLE
  5
A39
330
17
100
AcDbEntity
  8
0
100
AcDbCircle
 10
35.65524305865654
 20
273.0184357366552
 30
0.0
 40
3.0
  0
CIRCLE
  5
A3A
330
17
100
AcDbEntity
  8
0
100
AcDbCircle
 10
903.7231122177726
 20
889.3343155402104
 30
0.0
 40
3.0
  0
CIRCLE
  5
A3B
330
17
100
AcDbEntity
  8
0
100
AcDbCircle
 10
458.2030546595594
 20
387.54307264864246
 30
0.0
 40
3.0
  0
CIRCLE
  5
A3C
330
17
100
AcDbEntity
  8
0
100
AcDbCircle
 10
594.0391787839757
 20
168.84683585745026
 30
0.0
 40
3.0
  0
CIRCLE
  5
A3D
330
17
100
AcDbEntity
  8
0
100
AcDbCircle
 10
677.3930945986536
 20
664.18360732533
 30
0.0
 40
3.0
  0
CIRCLE
  5
A3E
330
17
100
AcDbEntity
  8
0
100
AcDbCircle
 10
718.3411780972513
 20
173.3356604105022
 30
0.0
 40
3.0
  0
CIRCLE
  5
A3F
330
17
100
AcDbEntity
  8
0
100
AcDbCircle
 10
3.3626802645154834
 20
265.9369644266696
 30
0.0
 40
3.0
  0
CIRCLE
  5
A40
330
17
100
AcDbEntity
  8
0
100
AcDbCircle
 10
746.4199012737157
 20
492.7118037753941
 30
0.0
 40
3.0
  0
CIRCLE
  5
A41
330
17
100
AcDbEntity
  8
0
100
AcDbCircle
 10
83.99378936569623
 20
525.2415682800994
 30
0.0
 40
3.0
  0
CIRCLE
  5
A42
330
17
100
AcDbEntity
  8
0
100
AcDbCircle
 10
369.77669015906486
 20
658.5514908672949
 30
0.0
 40
3.0
  0
CIRCLE
  5
A43
330
17
100
AcDbEntity
  8
0
100
AcDbCircle
 10
141.2237552460664
 20
252.89132610258503
 30
0.0
 40
3.0
  0
CIRCLE
  5
A44
330
17
100
AcDbEntity
  8
0
100
AcDbCircle
 10
241.07332294177462
 20
589.3502696964275
 30
0.0
 40
3.0
  0
CIRCLE
  5
A45
330
17
100
AcDbEntity
  8
0
100
AcDbCircle
 10
755.2544397502749
 20
690.6588100653564
 30
0.0
 40
3.0
  0
CIRCLE
  5
A46
330
17
100
AcDbEntity
  8
0
100
AcDbCircle
 10
175.88046004657406
 20
617.3377982792011
 30
0.0
 40
3.0
  0
CIRCLE
  5
A47
330
17
100
AcDbEntity
  8
0
100
AcDbCircle
 10
803.1702217236101
 20
579.9334683715638
 30
0.0
 40
3.0
  0
CIRCLE
  5
A48
330
17
100
AcDbEntity
  8
0
100
AcDbCircle
 10
408.64939958215024
 20
266.91284052046814
 30
0.0
 40
3.0
  0
CIRCLE
  5
A49
330
17
100
AcDbEntity
  8
0
100
AcDbCircle
 10
639.3968741411019
 20
876.6258701569446
 30
0.0
 40
3.0
  0
CIRCLE
  5
A4A
330
17
100
AcDbEntity
  8
0
100
AcDbCircle
 10
609.2689152102178
 20
169.7879566831146
 30
0.0
 40
3.0
  0
CIRCLE
  5
A4B
330
17
100
AcDbEntity
  8
0
100
AcDbCircle
 10
521.805815034615
 20
624.8628021197794
 30
0.0
 40
3.0
  0
CIRCLE
  5
A4C
330
17
100
AcDbEntity
  8
0
100
AcDbCircle
 10
988.2626091926785
 20
72.65250750673711
 30
0.0
 40
3.0
  0
CIRCLE
  5
A4D
330
17
100
AcDbEntity
  8
0
100
AcDbCircle
 10
493.0218812497689
 20
484.9069345533541
 30
0.0
 40
3.0
  0
CIRCLE
  5
A4E
330
17
100
AcDbEntity
  8
0
100
AcDbCircle
 10
261.3334670597827
 20
707.9763962645933
 30
0.0
 40
3.0
  0
CIRCLE
  5
A4F
330
17
100
AcDbEntity
  8
0
100
AcDbCircle
 10
680.5666323258286
 20
164.46729845281996
 30
0.0
 40
3.0
  0
CIRCLE
  5
A50
330
17
100
AcDbEntity
  8
0
100
AcDbCircle
 10
572.1480587159367
 20
724.9464540904601
 30
0.0
 40
3.0
  0
CIRCLE
  5
A51
330
17
100
AcDbEntity
  8
0
100
AcDbCircle
 10
140.72072641838878
 20
627.87875550292
 30
0.0
 40
3.0
  0
CIRCLE
  5
A52
330
17
100
AcDbEntity
  8
0
100
AcDbCircle
 10
717.3272318081996
 20
572.419886764039
 30
0.0
 40
3.0
  0
CIRCLE
  5
A53
330
17
100
AcDbEntity
  8
0
100
AcDbCircle
 10
635.0328251582067
 20
892.0163715346562
 30
0.0
 40
3.0
  0
CIRCLE
  5
A54
330
17
100
AcDbEntity
  8
0
100
AcDbCircle
 10
578.1748316271307
 20
830.2652773133318
 30
0.0
 40
3.0
  0
CIRCLE
  5
A55
330
17
100
AcDbEntity
  8
0
100
AcDbCircle
 10
479.5476922419074
 20
736.6285345750302
 30
0.0
 40
3.0
  0
CIRCLE
  5
A56
330
17
100
AcDbEntity
  8
0
100
AcDbCircle
 10
795.4752515219359
 20
569.1079068734458
 30
0.0
 40
3.0
  0
CIRCLE
  5
A57
330
17
100
AcDbEntity
  8
0
100
AcDbCircle
 10
663.9730759671669
 20
238.19852263992195
 30
0.0
 40
3.0
  0
CIRCLE
  5
A58
330
17
100
AcDbEntity
  8
0
100
AcDbCircle
 10
359.99406825225464
 20
639.9586789440915
 30
0.0
 40
3.0
  0
CIRCLE
  5
A59
330
17
100
AcDbEntity
  8
0
100
AcDbCircle
 10
319.900892266676
 20
604.544341441538
 30
0.0
 40
3.0
  0
CIRCLE
  5
A5A
330
17
100
AcDbEntity
  8
0
100
AcDbCircle
 10
54.29086745992472
 20
429.7972207245736
 30
0.0
 40
3.0
  0
CIRCLE
  5
A5B
330
17
100
AcDbEntity
  8
0
100
AcDbCircle
 10
595.1765482642323
 20
808.9562225994264
 30
0.0
 40
3.0
  0
CIRCLE
  5
A5C
330
17
100
AcDbEntity
  8
0
100
AcDbCircle
 10
444.55505440594266
 20
864.2383403766246
 30
0.0
 40
3.0
  0
CIRCLE
  5
A5D
330
17
100
AcDbEntity
  8
0
100
AcDbCircle
 10
652.2013739505995
 20
669.1291354423317
 30
0.0
 40
3.0
  0
CIRCLE
  5
A5E
330
17
100
AcDbEntity
  8
0
100
AcDbCircle
 10
974.0979687224715
 20
140.9375440151003
 30
0.0
 40
3.0
  0
CIRCLE
  5
A5F
330
17
100
AcDbEntity
  8
0
100
AcDbCircle
 10
65.61585028717212
 20
463.857564323828
 30
0.0
 40
3.0
  0
CIRCLE
  5
A60
330
17
100
AcDbEntity
  8
0
100
AcDbCircle
 10
794.9282189494021
 20
190.05289933283075
 30
0.0
 40
3.0
  0
CIRCLE
  5
A61
330
17
100
AcDbEntity
  8
0
100
AcDbCircle
 10
613.6052453045585
 20
227.15545151648394
 30
0.0
 40
3.0
  0
CIRCLE
  5
A62
330
17
100
AcDbEntity
  8
0
100
AcDbCircle
 10
959.4831633463936
 20
235.72715978776125
 30
0.0
 40
3.0
  0
CIRCLE
  5
A63
330
17
100
AcDbEntity
  8
0
100
AcDbCircle
 10
102.11624425561784
 20
836.6465897803065
 30
0.0
 40
3.0
  0
CIRCLE
  5
A64
330
17
100
AcDbEntity
  8
0
100
AcDbCircle
 10
622.4672172784618
 20
988.5975561022107
 30
0.0
 40
3.0
  0
CIRCLE
  5
A65
330
17
100
AcDbEntity
  8
0
100
AcDbCircle
 10
307.9463437539669
 20
832.6391035431992
 30
0.0
 40
3.0
  0
CIRCLE
  5
A66
330
17
100
AcDbEntity
  8
0
100
AcDbCircle
 10
423.5815587009424
 20
759.4126281987355
 30
0.0
 40
3.0
  0
CIRCLE
  5
A67
330
17
100
AcDbEntity
  8
0
100
AcDbCircle
 10
290.0877532241189
 20
3.5269721841887414
 30
0.0
 40
3.0
  0
CIRCLE
  5
A68
330
17
100
AcDbEntity
  8
0
100
AcDbCircle
 10
414.63419128566
 20
393.7105150697636
 30
0.0
 40
3.0
  0
CIRCLE
  5
A69
330
17
100
AcDbEntity
  8
0
100
AcDbCircle
 10
728.6131425441316
 20
820.6659923043005
 30
0.0
 40
3.0
  0
CIRCLE
  5
A6A
330
17
100
AcDbEntity
  8
0
100
AcDbCircle
 10
501.15405861407066
 20
602.6158076572799
 30
0.0
 40
3.0
  0
CIRCLE
  5
A6B
330
17
100
AcDbEntity
  8
0
100
AcDbCircle
 10
83.80740955149058
 20
532.6620205505553
 30
0.0
 40
3.0
  0
CIRCLE
  5
A6C
330
17
100
AcDbEntity
  8
0
100
AcDbCircle
 10
396.41972805274634
 20
544.9501508036496
 30
0.0
 40
3.0
  0
CIRCLE
  5
A6D
330
17
100
AcDbEntity
  8
0
100
AcDbCircle
 10
580.6283190472384
 20
327.8954270731635
 30
0.0
 40
3.0
  0
CIRCLE
  5
A6E
330
17
100
AcDbEntity
  8
0
100
AcDbCircle
 10
993.6986859658124
 20
991.0287492643682
 30
0.0
 40
3.0
  0
CIRCLE
  5
A6F
330
17
100
AcDbEntity
  8
0
100
AcDbCircle
 10
946.3876905478011
 20
511.29414002897255
 30
0.0
 40
3.0
  0
CIRCLE
  5
A70
330
17
100
AcDbEntity
  8
0
100
AcDbCircle
 10
821.4361477938126
 20
23.91190833902776
 30
0.0
 40
3.0
  0
CIRCLE
  5
A71
330
17
100
AcDbEntity
  8
0
100
AcDbCircle
 10
9.613954732325055
 20
807.7573296138066
 30
0.0
 40
3.0
  0
CIRCLE
  5
A72
330
17
100
AcDbEntity
  8
0
100
AcDbCircle
 10
952.9175616935718
 20
141.19796609604686
 30
0.0
 40
3.0
  0
CIRCLE
  5
A73
330
17
100
AcDbEntity
  8
0
100
AcDbCircle
 10
743.4475486444491
 20
29.03225743314338
 30
0.0
 40
3.0
  0
CIRCLE
  5
A74
330
17
100
AcDbEntity
  8
0
100
AcDbCircle
 10
904.4068329709844
 20
412.84382673637316
 30
0.0
 40
3.0
  0
CIRCLE
  5
A75
330
17
100
AcDbEntity
  8
0
100
AcDbCircle
 10
168.93451368189483
 20
691.7033300505723
 30
0.0
 40
3.0
  0
CIRCLE
  5
A76
330
17
100
AcDbEntity
  8
0
100
AcDbCircle
 10
386.7388124708202
 20
74.93021772190188
 30
0.0
 40
3.0
  0
CIRCLE
  5
A77
330
17
100
AcDbEntity
  8
0
100
AcDbCircle
 10
873.1939875041415
 20
710.096756284924
 30
0.0
 40
3.0
  0
CIRCLE
  5
A78
330
17
100
AcDbEntity
  8
0
100
AcDbCircle
 10
887.9286926789099
 20
30.775302511020143
 30
0.0
 40
3.0
  0
CIRCLE
  5
A79
330
17
100
AcDbEntity
  8
0
100
AcDbCircle
 10
819.0613098550479
 20
885.2035292879694
 30
0.0
 40
3.0
  0
CIRCLE
  5
A7A
330
17
100
AcDbEntity
  8
0
100
AcDbCircle
 10
470.981892211795
 20
104.22174331534686
 30
0.0
 40
3.0
  0
CIRCLE
  5
A7B
330
17
100
AcDbEntity
  8
0
100
AcDbCircle
 10
350.94313666837417
 20
138.34059230604444
 30
0.0
 40
3.0
  0
CIRCLE
  5
A7C
330
17
100
AcDbEntity
  8
0
100
AcDbCircle
 10
631.2797938936535
 20
963.384421641217
 30
0.0
 40
3.0
  0
CIRCLE
  5
A7D
330
17
100
AcDbEntity
  8
0
100
AcDbCircle
 10
488.1890639708038
 20
333.9265077487378
 30
0.0
 40
3.0
  0
CIRCLE
  5
A7E
330
17
100
AcDbEntity
  8
0
100
AcDbCircle
 10
502.50226392356166
 20
242.560848373942
 30
0.0
 40
3.0
  0
CIRCLE
  5
A7F
330
17
100
AcDbEntity
  8
0
100
AcDbCircle
 10
600.8373107884044
 20
125.88378320181445
 30
0.0
 40
3.0
  0
CIRCLE
  5
A80
330
17
100
AcDbEntity
  8
0
100
AcDbCircle
 10
700.0946270545155
 20
162.54279236539293
 30
0.0
 40
3.0
  0
CIRCLE
  5
A81
330
17
100
AcDbEntity
  8
0
100
AcDbCircle
 10
232.464232441836
 20
92.48513582412477
 30
0.0
 40
3.0
  0
CIRCLE
  5
A82
330
17
100
AcDbEntity
  8
0
100
AcDbCircle
 10
983.4448578066189
 20
91.30784205272941
 30
0.0
 40
3.0
  0
CIRCLE
  5
A83
330
17
100
AcDbEntity
  8
0
100
AcDbCircle
 10
513.7097382206483
 20
752.4469199532613
 30
0.0
 40
3.0
  0
CIRCLE
  5
A84
330
17
100
AcDbEntity
  8
0
100
AcDbCircle
 10
304.23297491447244
 20
599.9732332732312
 30
0.0
 40
3.0
  0
CIRCLE
  5
A85
330
17
100
AcDbEntity
  8
0
100
AcDbCircle
 10
504.70518921996376
 20
968.437938922889
 30
0.0
 40
3.0
  0
CIRCLE
  5
A86
330
17
100
AcDbEntity
  8
0
100
AcDbCircle
 10
959.1631645262488
 20
524.0499738704997
 30
0.0
 40
3.0
  0
CIRCLE
  5
A87
330
17
100
AcDbEntity
  8
0
100
AcDbCircle
 10
694.5590515004346
 20
534.5473391285584
 30
0.0
 40
3.0
  0
CIRCLE
  5
A88
330
17
100
AcDbEntity
  8
0
100
AcDbCircle
 10
388.8835801442652
 20
20.089565396882033
 30
0.0
 40
3.0
  0
CIRCLE
  5
A89
330
17
100
AcDbEntity
  8
0
100
AcDbCircle
 10
107.61040391005757
 20
629.7516173379795
 30
0.0
 40
3.0
  0
CIRCLE
  5
A8A
330
17
100
AcDbEntity
  8
0
100
AcDbCircle
 10
437.1073956521918
 20
37.50867754064491
 30
0.0
 40
3.0
  0
CIRCLE
  5
A8B
330
17
100
AcDbEntity
  8
0
100
AcDbCircle
 10
308.25631804746195
 20
840.7791794428803
 30
0.0
 40
3.0
  0
CIRCLE
  5
A8C
330
17
100
AcDbEntity
  8
0
100
AcDbCircle
 10
516.0413694414117
 20
501.9585840979135
 30
0.0
 40
3.0
  0
CIRCLE
  5
A8D
330
17
100
AcDbEntity
  8
0
100
AcDbCircle
 10
969.8753477804597
 20
701.6579349405039
 30
0.0
 40
3.0
  0
CIRCLE
  5
A8E
330
17
100
AcDbEntity
  8
0
100
AcDbCircle
 10
278.0290677631972
 20
182.0832413434841
 30
0.0
 40
3.0
  0
CIRCLE
  5
A8F
330
17
100
AcDbEntity
  8
0
100
AcDbCircle
 10
726.9856451576742
 20
145.1553362387458
 30
0.0
 40
3.0
  0
CIRCLE
  5
A90
330
17
100
AcDbEntity
  8
0
100
AcDbCircle
 10
542.7647655579013
 20
548.0515349176645
 30
0.0
 40
3.0
  0
CIRCLE
  5
A91
330
17
100
AcDbEntity
  8
0
100
AcDbCircle
 10
970.9453611216718
 20
657.1227868120812
 30
0.0
 40
3.0
  0
CIRCLE
  5
A92
330
17
100
AcDbEntity
  8
0
100
AcDbCircle
 10
55.33109613087763
 20
136.60764010454366
 30
0.0
 40
3.0
  0
CIRCLE
  5
A93
330
17
100
AcDbEntity
  8
0
100
AcDbCircle
 10
854.8116778022899
 20
479.4436253083376
 30
0.0
 40
3.0
  0
CIRCLE
  5
A94
330
17
100
AcDbEntity
  8
0
100
AcDbCircle
 10
42.438989476390105
 20
511.5767576523316
 30
0.0
 40
3.0
  0
CIRCLE
  5
A95
330
17
100
AcDbEntity
  8
0
100
AcDbCircle
 10
958.0612048077061
 20
643.3668174316606
 30
0.0
 40
3.0
  0
CIRCLE
  5
A96
330
17
100
AcDbEntity
  8
0
100
AcDbCircle
 10
192.97125971726678
 20
225.2407782604896
 30
0.0
 40
3.0
  0
CIRCLE
  5
A97
330
17
100
AcDbEntity
  8
0
100
AcDbCircle
 10
961.4461639701065
 20
243.4684518842944
 30
0.0
 40
3.0
  0
CIRCLE
  5
A98
330
17
100
AcDbEntity
  8
0
100
AcDbCircle
 10
264.3230708834242
 20
396.95259951055624
 30
0.0
 40
3.0
  0
CIRCLE
  5
A99
330
17
100
AcDbEntity
  8
0
100
AcDbCircle
 10
524.2783959962085
 20
740.5077365490474
 30
0.0
 40
3.0
  0
CIRCLE
  5
A9A
330
17
100
AcDbEntity
  8
0
100
AcDbCircle
 10
492.36285933365826
 20
605.7223940146871
 30
0.0
 40
3.0
  0
CIRCLE
  5
A9B
330
17
100
AcDbEntity
  8
0
100
AcDbCircle
 10
19.689183323653022
 20
852.3119259226032
 30
0.0
 40
3.0
  0
CIRCLE
  5
A9C
330
17
100
AcDbEntity
  8
0
100
AcDbCircle
 10
347.0179961001194
 20
454.4940880508681
 30
0.0
 40
3.0
  0
CIRCLE
  5
A9D
330
17
100
AcDbEntity
  8
0
100
AcDbCircle
 10
45.65574997012425
 20
651.5202712567038
 30
0.0
 40
3.0
  0
CIRCLE
  5
A9E
330
17
100
AcDbEntity
  8
0
100
AcDbCircle
 10
208.455675680381
 20
724.9572636350667
 30
0.0
 40
3.0
  0
CIRCLE
  5
A9F
330
17
100
AcDbEntity
  8
0
100
AcDbCircle
 10
749.4190462618126
 20
872.8201289132751
 30
0.0
 40
3.0
  0
CIRCLE
  5
AA0
330
17
100
AcDbEntity
  8
0
100
AcDbCircle
 10
687.4128045937861
 20
10.11065732952278
 30
0.0
 40
3.0
  0
CIRCLE
  5
AA1
330
17
100
AcDbEntity
  8
0
100
AcDbCircle
 10
431.61249683334773
 20
274.4621383458109
 30
0.0
 40
3.0
  0
CIRCLE
  5
AA2
330
17
100
AcDbEntity
  8
0
100
AcDbCircle
 10
615.8199676801645
 20
563.5183507457475
 30
0.0
 40
3.0
  0
CIRCLE
  5
AA3
330
17
100
AcDbEntity
  8
0
100
AcDbCircle
 10
750.6403174028385
 20
4.494133162763277
 30
0.0
 40
3.0
  0
CIRCLE
  5
AA4
330
17
100
AcDbEntity
  8
0
100
AcDbCircle
 10
702.5602325507435
 20
69.59865055072177
 30
0.0
 40
3.0
  0
CIRCLE
  5
AA5
330
17
100
AcDbEntity
  8
0
100
AcDbCircle
 10
995.7375039134877
 20
604.7377040088957
 30
0.0
 40
3.0
  0
CIRCLE
  5
AA6
330
17
100
AcDbEntity
  8
0
100
AcDbCircle
 10
3.257704499071985
 20
601.989064120341
 30
0.0
 40
3.0
  0
CIRCLE
  5
AA7
330
17
100
AcDbEntity
  8
0
100
AcDbCircle
 10
451.15891100155494
 20
774.7375289347298
 30
0.0
 40
3.0
  0
CIRCLE
  5
AA8
330
17
100
AcDbEntity
  8
0
100
AcDbCircle
 10
747.8095293027587
 20
996.9417367984872
 30
0.0
 40
3.0
  0
CIRCLE
  5
AA9
330
17
100
AcDbEntity
  8
0
100
AcDbCircle
 10
959.9943699148641
 20
506.0402978032418
 30
0.0
 40
3.0
  0
CIRCLE
  5
AAA
330
17
100
AcDbEntity
  8
0
100
AcDbCircle
 10
566.1868565226694
 20
23.904618854042845
 30
0.0
 40
3.0
  0
CIRCLE
  5
AAB
330
17
100
AcDbEntity
  8
0
100
AcDbCircle
 10
148.527425412806
 20
795.9164757416116
 30
0.0
 40
3.0
  0
CIRCLE
  5
AAC
330
17
100
AcDbEntity
  8
0
100
AcDbCircle
 10
511.2835494577632
 20
527.7494340491385
 30
0.0
 40
3.0
  0
CIRCLE
  5
AAD
330
17
100
AcDbEntity
  8
0
100
AcDbCircle
 10
159.6993401522315
 20
692.0908736177736
 30
0.0
 40
3.0
  0
CIRCLE
  5
AAE
330
17
100
AcDbEntity
  8
0
100
AcDbCircle
 10
541.9948688235744
 20
92.36927358623505
 30
0.0
 40
3.0
  0
CIRCLE
  5
AAF
330
17
100
AcDbEntity
  8
0
100
AcDbCircle
 10
550.2342659964813
 20
320.5691462574211
 30
0.0
 40
3.0
  0
CIRCLE
  5
AB0
330
17
100
AcDbEntity
  8
0
100
AcDbCircle
 10
25.11791466635065
 20
22.16731506211306
 30
0.0
 40
3.0
  0
CIRCLE
  5
AB1
330
17
100
AcDbEntity
  8
0
100
AcDbCircle
 10
5.878942621240126
 20
45.4045634943733
 30
0.0
 40
3.0
  0
CIRCLE
  5
AB2
330
17
100
AcDbEntity
  8
0
100
AcDbCircle
 10
413.21733531648795
 20
749.698346497324
 30
0.0
 40
3.0
  0
CIRCLE
  5
AB3
330
17
100
AcDbEntity
  8
0
100
AcDbCircle
 10
950.8064614796295
 20
393.50203861826975
 30
0.0
 40
3.0
  0
CIRCLE
  5
AB4
330
17
100
AcDbEntity
  8
0
100
AcDbCircle
 10
544.8186550435978
 20
717.0793474734261
 30
0.0
 40
3.0
  0
CIRCLE
  5
AB5
330
17
100
AcDbEntity
  8
0
100
AcDbCircle
 10
350.90544304467835
 20
523.2204622692807
 30
0.0
 40
3.0
  0
CIRCLE
  5
AB6
330
17
100
AcDbEntity
  8
0
100
AcDbCircle
 10
591.3514821974793
 20
816.6859290222186
 30
0.0
 40
3.0
  0
CIRCLE
  5
AB7
330
17
100
AcDbEntity
  8
0
100
AcDbCircle
 10
455.811793464633
 20
567.9725224901466
 30
0.0
 40
3.0
  0
CIRCLE
  5
AB8
330
17
100
AcDbEntity
  8
0
100
AcDbCircle
 10
624.5223490991949
 20
158.77577123157923
 30
0.0
 40
3.0
  0
CIRCLE
  5
AB9
330
17
100
AcDbEntity
  8
0
100
AcDbCircle
 10
5.622878106664263
 20
573.5404363542342
 30
0.0
 40
3.0
  0
CIRCLE
  5
ABA
330
17
100
AcDbEntity
  8
0
100
AcDbCircle
 10
116.86233628986506
 20
239.9140358752555
 30
0.0
 40
3.0
  0
CIRCLE
  5
ABB
330
17
100
AcDbEntity
  8
0
100
AcDbCircle
 10
960.0918763290592
 20
374.10693536264534
 30
0.0
 40
3.0
  0
CIRCLE
  5
ABC
330
17
100
AcDbEntity
  8
0
100
AcDbCircle
 10
527.6323096888141
 20
710.1398123090901
 30
0.0
 40
3.0
  0
CIRCLE
  5
ABD
330
17
100
AcDbEntity
  8
0
100
AcDbCircle
 10
693.3988188617151
 20
610.6352326770703
 30
0.0
 40
3.0
  0
CIRCLE
  5
ABE
330
17
100
AcDbEntity
  8
0
100
AcDbCircle
 10
811.2797584889663
 20
287.8876704904518
 30
0.0
 40
3.0
  0
CIRCLE
  5
ABF
330
17
100
AcDbEntity
  8
0
100
AcDbCircle
 10
441.4380544877197
 20
986.2850765898728
 30
0.0
 40
3.0
  0
CIRCLE
  5
AC0
330
17
100
AcDbEntity
  8
0
100
AcDbCircle
 10
298.7343765309013
 20
552.7031183177306
 30
0.0
 40
3.0
  0
CIRCLE
  5
AC1
330
17
100
AcDbEntity
  8
0
100
AcDbCircle
 10
918.286886588328
 20
713.9247094560076
 30
0.0
 40
3.0
  0
CIRCLE
  5
AC2
330
17
100
AcDbEntity
  8
0
100
AcDbCircle
 10
176.819765206575
 20
470.6100908735867
 30
0.0
 40
3.0
  0
CIRCLE
  5
AC3
330
17
100
AcDbEntity
  8
0
100
AcDbCircle
 10
250.76519527467792
 20
590.6319313977057
 30
0.0
 40
3.0
  0
CIRCLE
  5
AC4
330
17
100
AcDbEntity
  8
0
100
AcDbCircle
 10
518.7088059677329
 20
412.76547497491424
 30
0.0
 40
3.0
  0
CIRCLE
  5
AC5
330
17
100
AcDbEntity
  8
0
100
AcDbCircle
 10
58.63412790379241
 20
532.0191885219332
 30
0.0
 40
3.0
  0
CIRCLE
  5
AC6
330
17
100
AcDbEntity
  8
0
100
AcDbCircle
 10
757.2648617621169
 20
501.1820617023028
 30
0.0
 40
3.0
  0
CIRCLE
  5
AC7
330
17
100
AcDbEntity
  8
0
100
AcDbCircle
 10
937.9874352568802
 20
726.9485432631293
 30
0.0
 40
3.0
  0
CIRCLE
  5
AC8
330
17
100
AcDbEntity
  8
0
100
AcDbCircle
 10
409.750963409327
 20
972.1806283703786
 30
0.0
 40
3.0
  0
CIRCLE
  5
AC9
330
17
100
AcDbEntity
  8
0
100
AcDbCircle
 10
842.7405976415797
 20
21.7431450322842
 30
0.0
 40
3.0
  0
CIRCLE
  5
ACA
330
17
100
AcDbEntity
  8
0
100
AcDbCircle
 10
906.3011922000193
 20
946.2219694596463
 30
0.0
 40
3.0
  0
CIRCLE
  5
ACB
330
17
100
AcDbEntity
  8
0
100
AcDbCircle
 10
617.8842985999255
 20
328.45241215287143
 30
0.0
 40
3.0
  0
CIRCLE
  5
ACC
330
17
100
AcDbEntity
  8
0
100
AcDbCircle
 10
503.3790310282889
 20
873.359967314849
 30
0.0
 40
3.0
  0
CIRCLE
  5
ACD
330
17
100
AcDbEntity
  8
0
100
AcDbCircle
 10
167.0671534038516
 20
881.804468846962
 30
0.0
 40
3.0
  0
CIRCLE
  5
ACE
330
17
100
AcDbEntity
  8
0
100
AcDbCircle
 10
996.4118556696518
 20
350.4388129121797
 30
0.0
 40
3.0
  0
CIRCLE
  5
ACF
330
17
100
AcDbEntity
  8
0
100
AcDbCircle
 10
403.11663350787705
 20
677.5911329677566
 30
0.0
 40
3.0
  0
CIRCLE
  5
AD0
330
17
100
AcDbEntity
  8
0
100
AcDbCircle
 10
587.6043079190687
 20
522.8128711357325
 30
0.0
 40
3.0
  0
CIRCLE
  5
AD1
330
17
100
AcDbEntity
  8
0
100
AcDbCircle
 10
412.1954077365613
 20
691.3439308896246
 30
0.0
 40
3.0
  0
CIRCLE
  5
AD2
330
17
100
AcDbEntity
  8
0
100
AcDbCircle
 10
181.52098391994707
 20
507.1542588665097
 30
0.0
 40
3.0
  0
CIRCLE
  5
AD3
330
17
100
AcDbEntity
  8
0
100
AcDbCircle
 10
33.04508322957571
 20
452.6734369019121
 30
0.0
 40
3.0
  0
CIRCLE
  5
AD4
330
17
100
AcDbEntity
  8
0
100
AcDbCircle
 10
74.88245269334368
 20
222.78650061753086
 30
0.0
 40
3.0
  0
CIRCLE
  5
AD5
330
17
100
AcDbEntity
  8
0
100
AcDbCircle
 10
336.3317537869956
 20
640.2878632080334
 30
0.0
 40
3.0
  0
CIRCLE
  5
AD6
330
17
100
AcDbEntity
  8
0
100
AcDbCircle
 10
413.0559730035837
 20
829.1775573427848
 30
0.0
 40
3.0
  0
CIRCLE
  5
AD7
330
17
100
AcDbEntity
  8
0
100
AcDbCircle
 10
196.66960572585265
 20
849.1624881378224
 30
0.0
 40
3.0
  0
CIRCLE
  5
AD8
330
17
100
AcDbEntity
  8
0
100
AcDbCircle
 10
515.867225778176
 20
318.0209039008403
 30
0.0
 40
3.0
  0
CIRCLE
  5
AD9
330
17
100
AcDbEntity
  8
0
100
AcDbCircle
 10
601.2178775634305
 20
220.07791366020717
 30
0.0
 40
3.0
  0
CIRCLE
  5
ADA
330
17
100
AcDbEntity
  8
0
100
AcDbCircle
 10
671.8099986753401
 20
990.934654672306
 30
0.0
 40
3.0
  0
CIRCLE
  5
ADB
330
17
100
AcDbEntity
  8
0
100
AcDbCircle
 10
992.4575827340411
 20
682.0530367589674
 30
0.0
 40
3.0
  0
CIRCLE
  5
ADC
330
17
100
AcDbEntity
  8
0
100
AcDbCircle
 10
968.9489012721779
 20
567.6454284720396
 30
0.0
 40
3.0
  0
CIRCLE
  5
ADD
330
17
100
AcDbEntity
  8
0
100
AcDbCircle
 10
969.9520853531028
 20
168.90258843238988
 30
0.0
 40
3.0
  0
CIRCLE
  5
ADE
330
17
100
AcDbEntity
  8
0
100
AcDbCircle
 10
88.78875120581488
 20
772.5647295250768
 30
0.0
 40
3.0
  0
CIRCLE
  5
ADF
330
17
100
AcDbEntity
  8
0
100
AcDbCircle
 10
495.72197232390357
 20
930.4371571150554
 30
0.0
 40
3.0
  0
CIRCLE
  5
AE0
330
17
100
AcDbEntity
  8
0
100
AcDbCircle
 10
221.8251365224945
 20
479.74092225029506
 30
0.0
 40
3.0
  0
CIRCLE
  5
AE1
330
17
100
AcDbEntity
  8
0
100
AcDbCircle
 10
923.8198720506023
 20
204.07963137224914
 30
0.0
 40
3.0
  0
CIRCLE
  5
AE2
330
17
100
AcDbEntity
  8
0
100
AcDbCircle
 10
760.9379188115795
 20
672.7980331427733
 30
0.0
 40
3.0
  0
CIRCLE
  5
AE3
330
17
100
AcDbEntity
  8
0
100
AcDbCircle
 10
696.9206011289431
 20
789.713911376764
 30
0.0
 40
3.0
  0
CIRCLE
  5
AE4
330
17
100
AcDbEntity
  8
0
100
AcDbCircle
 10
333.26837489041964
 20
836.977454947051
 30
0.0
 40
3.0
  0
CIRCLE
  5
AE5
330
17
100
AcDbEntity
  8
0
100
AcDbCircle
 10
262.0816318691016
 20
203.01285630295388
 30
0.0
 40
3.0
  0
CIRCLE
  5
AE6
330
17
100
AcDbEntity
  8
0
100
AcDbCircle
 10
96.0967682825739
 20
217.41629708072932
 30
0.0
 40
3.0
  0
CIRCLE
  5
AE7
330
17
100
AcDbEntity
  8
0
100
AcDbCircle
 10
475.9671912698433
 20
995.2554352106972
 30
0.0
 40
3.0
  0
CIRCLE
  5
AE8
330
17
100
AcDbEntity
  8
0
100
AcDbCircle
 10
624.0257223286404
 20
824.7248850639469
 30
0.0
 40
3.0
  0
CIRCLE
  5
AE9
330
17
100
AcDbEntity
  8
0
100
AcDbCircle
 10
694.1918416728587
 20
196.3451554005836
 30
0.0
 40
3.0
  0
CIRCLE
  5
AEA
330
17
100
AcDbEntity
  8
0
100
AcDbCircle
 10
49.43236129622638
 20
994.8602284770582
 30
0.0
 40
3.0
  0
CIRCLE
  5
AEB
330
17
100
AcDbEntity
  8
0
100
AcDbCircle
 10
908.2708254063233
 20
238.07147700685297
 30
0.0
 40
3.0
  0
CIRCLE
  5
AEC
330
17
100
AcDbEntity
  8
0
100
AcDbCircle
 10
4.151642182337034
 20
719.5142076978861
 30
0.0
 40
3.0
  0
CIRCLE
  5
AED
330
17
100
AcDbEntity
  8
0
100
AcDbCircle
 10
991.9728343814971
 20
105.50677948701087
 30
0.0
 40
3.0
  0
CIRCLE
  5
AEE
330
17
100
AcDbEntity
  8
0
100
AcDbCircle
 10
317.13541594925584
 20
629.5587619734677
 30
0.0
 40
3.0
  0
CIRCLE
  5
AEF
330
17
100
AcDbEntity
  8
0
100
AcDbCircle
 10
807.7881272841786
 20
201.3146074118092
 30
0.0
 40
3.0
  0
CIRCLE
  5
AF0
330
17
100
AcDbEntity
  8
0
100
AcDbCircle
 10
923.6225610017193
 20
941.9069576965037
 30
0.0
 40
3.0
  0
CIRCLE
  5
AF1
330
17
100
AcDbEntity
  8
0
100
AcDbCircle
 10
317.61235041808817
 20
25.298127755876816
 30
0.0
 40
3.0
  0
CIRCLE
  5
AF2
330
17
100
AcDbEntity
  8
0
100
AcDbCircle
 10
66.42415900024619
 20
994.1206729884134
 30
0.0
 40
3.0
  0
CIRCLE
  5
AF3
330
17
100
AcDbEntity
  8
0
100
AcDbCircle
 10
423.9261676088951
 20
16.770783765871514
 30
0.0
 40
3.0
  0
CIRCLE
  5
AF4
330
17
100
AcDbEntity
  8
0
100
AcDbCircle
 10
737.6460612339818
 20
129.88281320508287
 30
0.0
 40
3.0
  0
CIRCLE
  5
AF5
330
17
100
AcDbEntity
  8
0
100
AcDbCircle
 10
658.8925626281087
 20
8.025090966200949
 30
0.0
 40
3.0
  0
CIRCLE
  5
AF6
330
17
100
AcDbEntity
  8
0
100
AcDbCircle
 10
495.66044019979097
 20
214.5898841190209
 30
0.0
 40
3.0
  0
CIRCLE
  5
AF7
330
17
100
AcDbEntity
  8
0
100
AcDbCircle
 10
696.4759692201594
 20
618.0108218162159
 30
0.0
 40
3.0
  0
CIRCLE
  5
AF8
330
17
100
AcDbEntity
  8
0
100
AcDbCircle
 10
355.19848865800117
 20
84.80607903328375
 30
0.0
 40
3.0
  0
CIRCLE
  5
AF9
330
17
100
AcDbEntity
  8
0
100
AcDbCircle
 10
76.26154325550634
 20
26.448622697222437
 30
0.0
 40
3.0
  0
CIRCLE
  5
AFA
330
17
100
AcDbEntity
  8
0
100
AcDbCircle
 10
403.53221717733646
 20
563.1399550559471
 30
0.0
 40
3.0
  0
CIRCLE
  5
AFB
330
17
100
AcDbEntity
  8
0
100
AcDbCircle
 10
742.9930554643446
 20
795.7094709211374
 30
0.0
 40
3.0
  0
CIRCLE
  5
AFC
330
17
100
AcDbEntity
  8
0
100
AcDbCircle
 10
447.6251269083648
 20
250.28168097472962
 30
0.0
 40
3.0
  0
CIRCLE
  5
AFD
330
17
100
AcDbEntity
  8
0
100
AcDbCircle
 10
746.7509605688751
 20
9.759299365528792
 30
0.0
 40
3.0
  0
CIRCLE
  5
AFE
330
17
100
AcDbEntity
  8
0
100
AcDbCircle
 10
418.6735582649155
 20
996.4086705300508
 30
0.0
 40
3.0
  0
CIRCLE
  5
AFF
330
17
100
AcDbEntity
  8
0
100
AcDbCircle
 10
992.4086457605349
 20
654.7849911502059
 30
0.0
 40
3.0
  0
CIRCLE
  5
B00
330
17
100
AcDbEntity
  8
0
100
AcDbCircle
 10
992.9309392009249
 20
690.4784298579167
 30
0.0
 40
3.0
  0
CIRCLE
  5
B01
330
17
100
AcDbEntity
  8
0
100
AcDbCircle
 10
633.0249973295768
 20
383.1547959107973
 30
0.0
 40
3.0
  0
CIRCLE
  5
B02
330
17
100
AcDbEntity
  8
0
100
AcDbCircle
 10
138.14407312458528
 20
271.7522268894878
 30
0.0
 40
3.0
  0
CIRCLE
  5
B03
330
17
100
AcDbEntity
  8
0
100
AcDbCircle
 10
798.6786952637448
 20
664.2727761609453
 30
0.0
 40
3.0
  0
CIRCLE
  5
B04
330
17
100
AcDbEntity
  8
0
100
AcDbCircle
 10
502.60173958139404
 20
550.9517710972627
 30
0.0
 40
3.0
  0
CIRCLE
  5
B05
330
17
100
AcDbEntity
  8
0
100
AcDbCircle
 10
150.5932802387305
 20
144.9992216827053
 30
0.0
 40
3.0
  0
CIRCLE
  5
B06
330
17
100
AcDbEntity
  8
0
100
AcDbCircle
 10
565.9702558486215
 20
550.4718748887605
 30
0.0
 40
3.0
  0
CIRCLE
  5
B07
330
17
100
AcDbEntity
  8
0
100
AcDbCircle
 10
957.0937388603479
 20
792.6572841469803
 30
0.0
 40
3.0
  0
CIRCLE
  5
B08
330
17
100
AcDbEntity
  8
0
100
AcDbCircle
 10
664.3752478912414
 20
55.43790959137377
 30
0.0
 40
3.0
  0
CIRCLE
  5
B09
330
17
100
AcDbEntity
  8
0
100
AcDbCircle
 10
338.3633291228069
 20
654.8007770397097
 30
0.0
 40
3.0
  0
CIRCLE
  5
B0A
330
17
100
AcDbEntity
  8
0
100
AcDbCircle
 10
35.529754981164885
 20
7.470615970815213
 30
0.0
 40
3.0
  0
CIRCLE
  5
B0B
330
17
100
AcDbEntity
  8
0
100
AcDbCircle
 10
697.3324526917822
 20
503.7197721210843
 30
0.0
 40
3.0
  0
CIRCLE
  5
B0C
330
17
100
AcDbEntity
  8
0
100
AcDbCircle
 10
456.97283534503595
 20
394.0049085680689
 30
0.0
 40
3.0
  0
CIRCLE
  5
B0D
330
17
100
AcDbEntity
  8
0
100
AcDbCircle
 10
463.95217035992454
 20
220.4633152366553
 30
0.0
 40
3.0
  0
CIRCLE
  5
B0E
330
17
100
AcDbEntity
  8
0
100
AcDbCircle
 10
674.2755321369851
 20
996.6896527387694
 30
0.0
 40
3.0
  0
CIRCLE
  5
B0F
330
17
100
AcDbEntity
  8
0
100
AcDbCircle
 10
896.7607880759554
 20
10.488304315144266
 30
0.0
 40
3.0
  0
CIRCLE
  5
B10
330
17
100
AcDbEntity
  8
0
100
AcDbCircle
 10
916.2873233893355
 20
467.626089752915
 30
0.0
 40
3.0
  0
CIRCLE
  5
B11
330
17
100
AcDbEntity
  8
0
100
AcDbCircle
 10
905.8976916851019
 20
209.02352896733208
 30
0.0
 40
3.0
  0
CIRCLE
  5
B12
330
17
100
AcDbEntity
  8
0
100
AcDbCircle
 10
494.0229932417969
 20
240.14058335177288
 30
0.0
 40
3.0
  0
CIRCLE
  5
B13
330
17
100
AcDbEntity
  8
0
100
AcDbCircle
 10
108.62038336720504
 20
147.8043614416949
 30
0.0
 40
3.0
  0
CIRCLE
  5
B14
330
17
100
AcDbEntity
  8
0
100
AcDbCircle
 10
347.2513818422562
 20
84.51419386588468
 30
0.0
 40
3.0
  0
CIRCLE
  5
B15
330
17
100
AcDbEntity
  8
0
100
AcDbCircle
 10
66.58406452226218
 20
82.88958167980776
 30
0.0
 40
3.0
  0
CIRCLE
  5
B16
330
17
100
AcDbEntity
  8
0
100
AcDbCircle
 10
959.212523948235
 20
360.1273413415591
 30
0.0
 40
3.0
  0
CIRCLE
  5
B17
330
17
100
AcDbEntity
  8
0
100
AcDbCircle
 10
747.4563662504736
 20
918.9286007747263
 30
0.0
 40
3.0
  0
CIRCLE
  5
B18
330
17
100
AcDbEntity
  8
0
100
AcDbCircle
 10
294.09849143014185
 20
468.6098500279969
 30
0.0
 40
3.0
  0
CIRCLE
  5
B19
330
17
100
AcDbEntity
  8
0
100
AcDbCircle
 10
426.2151577250854
 20
461.46323793119745
 30
0.0
 40
3.0
  0
CIRCLE
  5
B1A
330
17
100
AcDbEntity
  8
0
100
AcDbCircle
 10
618.9941645026171
 20
897.9921041049116
 30
0.0
 40
3.0
  0
CIRCLE
  5
B1B
330
17
100
AcDbEntity
  8
0
100
AcDbCircle
 10
192.6870754576698
 20
470.170151140973
 30
0.0
 40
3.0
  0
CIRCLE
  5
B1C
330
17
100
AcDbEntity
  8
0
100
AcDbCircle
 10
407.87497201221817
 20
706.9092916993576
 30
0.0
 40
3.0
  0
CIRCLE
  5
B1D
330
17
100
AcDbEntity
  8
0
100
AcDbCircle
 10
597.0478867933983
 20
161.90355687114257
 30
0.0
 40
3.0
  0
CIRCLE
  5
B1E
330
17
100
AcDbEntity
  8
0
100
AcDbCircle
 10
472.7808897818725
 20
635.1151139003656
 30
0.0
 40
3.0
  0
CIRCLE
  5
B1F
330
17
100
AcDbEntity
  8
0
100
AcDbCircle
 10
146.77837908081443
 20
135.76108652873785
 30
0.0
 40
3.0
  0
CIRCLE
  5
B20
330
17
100
AcDbEntity
  8
0
100
AcDbCircle
 10
694.7593204299601
 20
421.2030815473673
 30
0.0
 40
3.0
  0
CIRCLE
  5
B21
330
17
100
AcDbEntity
  8
0
100
AcDbCircle
 10
840.3013804941666
 20
916.3350074612982
 30
0.0
 40
3.0
  0
CIRCLE
  5
B22
330
17
100
AcDbEntity
  8
0
100
AcDbCircle
 10
738.7707626498388
 20
783.638718714328
 30
0.0
 40
3.0
  0
CIRCLE
  5
B23
330
17
100
AcDbEntity
  8
0
100
AcDbCircle
 10
795.4559155899317
 20
605.6803376856652
 30
0.0
 40
3.0
  0
CIRCLE
  5
B24
330
17
100
AcDbEntity
  8
0
100
AcDbCircle
 10
104.47825081196564
 20
33.95335454356065
 30
0.0
 40
3.0
  0
CIRCLE
  5
B25
330
17
100
AcDbEntity
  8
0
100
AcDbCircle
 10
583.7952278423486
 20
826.0294731961468
 30
0.0
 40
3.0
  0
CIRCLE
  5
B26
330
17
100
AcDbEntity
  8
0
100
AcDbCircle
 10
952.1691949439166
 20
605.3316128910376
 30
0.0
 40
3.0
  0
CIRCLE
  5
B27
330
17
100
AcDbEntity
  8
0
100
AcDbCircle
 10
96.94143372813868
 20
31.62336141222267
 30
0.0
 40
3.0
  0
CIRCLE
  5
B28
330
17
100
AcDbEntity
  8
0
100
AcDbCircle
 10
830.2152912529324
 20
332.88896204114576
 30
0.0
 40
3.0
  0
CIRCLE
  5
B29
330
17
100
AcDbEntity
  8
0
100
AcDbCircle
 10
996.4127721698751
 20
259.6579552655471
 30
0.0
 40
3.0
  0
CIRCLE
  5
B2A
330
17
100
AcDbEntity
  8
0
100
AcDbCircle
 10
960.249856948024
 20
104.97926141635413
 30
0.0
 40
3.0
  0
CIRCLE
  5
B2B
330
17
100
AcDbEntity
  8
0
100
AcDbCircle
 10
778.6235469058374
 20
994.6813482797962
 30
0.0
 40
3.0
  0
CIRCLE
  5
B2C
330
17
100
AcDbEntity
  8
0
100
AcDbCircle
 10
761.9040354660652
 20
395.7719759157753
 30
0.0
 40
3.0
  0
CIRCLE
  5
B2D
330
17
100
AcDbEntity
  8
0
100
AcDbCircle
 10
760.814944293289
 20
624.9581626303983
 30
0.0
 40
3.0
  0
CIRCLE
  5
B2E
330
17
100
AcDbEntity
  8
0
100
AcDbCircle
 10
244.48632977256568
 20
112.35610541838021
 30
0.0
 40
3.0
  0
CIRCLE
  5
B2F
330
17
100
AcDbEntity
  8
0
100
AcDbCircle
 10
630.6419382234213
 20
433.62520038426413
 30
0.0
 40
3.0
  0
CIRCLE
  5
B30
330
17
100
AcDbEntity
  8
0
100
AcDbCircle
 10
3.0784407756071888
 20
103.7060091988067
 30
0.0
 40
3.0
  0
CIRCLE
  5
B31
330
17
100
AcDbEntity
  8
0
100
AcDbCircle
 10
683.3359946296546
 20
562.9873431792394
 30
0.0
 40
3.0
  0
CIRCLE
  5
B32
330
17
100
AcDbEntity
  8
0
100
AcDbCircle
 10
835.1518829453215
 20
355.37735649972154
 30
0.0
 40
3.0
  0
CIRCLE
  5
B33
330
17
100
AcDbEntity
  8
0
100
AcDbCircle
 10
645.9133110953584
 20
101.94929375036654
 30
0.0
 40
3.0
  0
CIRCLE
  5
B34
330
17
100
AcDbEntity
  8
0
100
AcDbCircle
 10
143.74266679875433
 20
292.9954072738881
 30
0.0
 40
3.0
  0
CIRCLE
  5
B35
330
17
100
AcDbEntity
  8
0
100
AcDbCircle
 10
985.2330095465533
 20
297.6397042339313
 30
0.0
 40
3.0
  0
CIRCLE
  5
B36
330
17
100
AcDbEntity
  8
0
100
AcDbCircle
 10
251.6579970371825
 20
37.14865382717675
 30
0.0
 40
3.0
  0
CIRCLE
  5
B37
330
17
100
AcDbEntity
  8
0
100
AcDbCircle
 10
837.0356519631125
 20
794.2326939041559
 30
0.0
 40
3.0
  0
CIRCLE
  5
B38
330
17
100
AcDbEntity
  8
0
100
AcDbCircle
 10
502.7806229223818
 20
938.6943860280984
 30
0.0
 40
3.0
  0
CIRCLE
  5
B39
330
17
100
AcDbEntity
  8
0
100
AcDbCircle
 10
927.4319513277193
 20
973.4634485828183
 30
0.0
 40
3.0
  0
CIRCLE
  5
B3A
330
17
100
AcDbEntity
  8
0
100
AcDbCircle
 10
427.70235017986704
 20
167.987349094953
 30
0.0
 40
3.0
  0
CIRCLE
  5
B3B
330
17
100
AcDbEntity
  8
0
100
AcDbCircle
 10
346.0053569430293
 20
508.6652791083295
 30
0.0
 40
3.0
  0
CIRCLE
  5
B3C
330
17
100
AcDbEntity
  8
0
100
AcDbCircle
 10
996.5716065402596
 20
643.5097112213349
 30
0.0
 40
3.0
  0
CIRCLE
  5
B3D
330
17
100
AcDbEntity
  8
0
100
AcDbCircle
 10
112.88718853061839
 20
261.3888806078175
 30
0.0
 40
3.0
  0
CIRCLE
  5
B3E
330
17
100
AcDbEntity
  8
0
100
AcDbCircle
 10
201.75708849515507
 20
950.9894227898302
 30
0.0
 40
3.0
  0
CIRCLE
  5
B3F
330
17
100
AcDbEntity
  8
0
100
AcDbCircle
 10
912.5731708726414
 20
322.28078997102455
 30
0.0
 40
3.0
  0
CIRCLE
  5
B40
330
17
100
AcDbEntity
  8
0
100
AcDbCircle
 10
78.33091632867715
 20
340.3697157568923
 30
0.0
 40
3.0
  0
CIRCLE
  5
B41
330
17
100
AcDbEntity
  8
0
100
AcDbCircle
 10
978.8694330168297
 20
911.1566061842196
 30
0.0
 40
3.0
  0
CIRCLE
  5
B42
330
17
100
AcDbEntity
  8
0
100
AcDbCircle
 10
892.2728729023454
 20
212.1525519999082
 30
0.0
 40
3.0
  0
CIRCLE
  5
B43
330
17
100
AcDbEntity
  8
0
100
AcDbCircle
 10
124.58172411289449
 20
598.049321137761
 30
0.0
 40
3.0
  0
CIRCLE
  5
B44
330
17
100
AcDbEntity
  8
0
100
AcDbCircle
 10
3.2226312281000964
 20
995.7439781462125
 30
0.0
 40
3.0
  0
CIRCLE
  5
B45
330
17
100
AcDbEntity
  8
0
100
AcDbCircle
 10
731.1675973340277
 20
103.26278302903367
 30
0.0
 40
3.0
  0
CIRCLE
  5
B46
330
17
100
AcDbEntity
  8
0
100
AcDbCircle
 10
759.8395416757279
 20
588.8714137777207
 30
0.0
 40
3.0
  0
CIRCLE
  5
B47
330
17
100
AcDbEntity
  8
0
100
AcDbCircle
 10
517.0353752474246
 20
471.0913993174804
 30
0.0
 40
3.0
  0
CIRCLE
  5
B48
330
17
100
AcDbEntity
  8
0
100
AcDbCircle
 10
75.4662745401109
 20
655.6330067194484
 30
0.0
 40
3.0
  0
CIRCLE
  5
B49
330
17
100
AcDbEntity
  8
0
100
AcDbCircle
 10
278.72458171028006
 20
908.9481741384527
 30
0.0
 40
3.0
  0
CIRCLE
  5
B4A
330
17
100
AcDbEntity
  8
0
100
AcDbCircle
 10
139.52472967183297
 20
281.33747519215865
 30
0.0
 40
3.0
  0
CIRCLE
  5
B4B
330
17
100
AcDbEntity
  8
0
100
AcDbCircle
 10
274.6959041846564
 20
405.04789546079144
 30
0.0
 40
3.0
  0
CIRCLE
  5
B4C
330
17
100
AcDbEntity
  8
0
100
AcDbCircle
 10
137.43468960462653
 20
196.96502150863682
 30
0.0
 40
3.0
  0
CIRCLE
  5
B4D
330
17
100
AcDbEntity
  8
0
100
AcDbCircle
 10
848.0304084605642
 20
907.0970150195608
 30
0.0
 40
3.0
  0
CIRCLE
  5
B4E
330
17
100
AcDbEntity
  8
0
100
AcDbCircle
 10
994.2440479064726
 20
252.07979764260224
 30
0.0
 40
3.0
  0
CIRCLE
  5
B4F
330
17
100
AcDbEntity
  8
0
100
AcDbCircle
 10
26.502889495281458
 20
260.35431898494824
 30
0.0
 40
3.0
  0
CIRCLE
  5
B50
330
17
100
AcDbEntity
  8
0
100
AcDbCircle
 10
448.48879847559846
 20
372.5183303462592
 30
0.0
 40
3.0
  0
CIRCLE
  5
B51
330
17
100
AcDbEntity
  8
0
100
AcDbCircle
 10
253.82588243535565
 20
390.6209442511166
 30
0.0
 40
3.0
  0
CIRCLE
  5
B52
330
17
100
AcDbEntity
  8
0
100
AcDbCircle
 10
710.3502628408664
 20
562.809762189395
 30
0.0
 40
3.0
  0
CIRCLE
  5
B53
330
17
100
AcDbEntity
  8
0
100
AcDbCircle
 10
200.39603890261384
 20
960.4263682630144
 30
0.0
 40
3.0
  0
CIRCLE
  5
B54
330
17
100
AcDbEntity
  8
0
100
AcDbCircle
 10
155.4024979968043
 20
9.96541284567479
 30
0.0
 40
3.0
  0
CIRCLE
  5
B55
330
17
100
AcDbEntity
  8
0
100
AcDbCircle
 10
418.9285513608515
 20
275.5612307657588
 30
0.0
 40
3.0
  0
CIRCLE
  5
B56
330
17
100
AcDbEntity
  8
0
100
AcDbCircle
 10
865.0042577636573
 20
33.08089001937701
 30
0.0
 40
3.0
  0
CIRCLE
  5
B57
330
17
100
AcDbEntity
  8
0
100
AcDbCircle
 10
444.17897338823633
 20
710.3789671146342
 30
0.0
 40
3.0
  0
CIRCLE
  5
B58
330
17
100
AcDbEntity
  8
0
100
AcDbCircle
 10
511.7556029438833
 20
627.5645766015491
 30
0.0
 40
3.0
  0
CIRCLE
  5
B59
330
17
100
AcDbEntity
  8
0
100
AcDbCircle
 10
886.3275589360653
 20
972.1263283714825
 30
0.0
 40
3.0
  0
CIRCLE
  5
B5A
330
17
100
AcDbEntity
  8
0
100
AcDbCircle
 10
199.70045224638275
 20
843.5262270739872
 30
0.0
 40
3.0
  0
CIRCLE
  5
B5B
330
17
100
AcDbEntity
  8
0
100
AcDbCircle
 10
321.6104633541722
 20
247.73246706237424
 30
0.0
 40
3.0
  0
CIRCLE
  5
B5C
330
17
100
AcDbEntity
  8
0
100
AcDbCircle
 10
990.4146166990414
 20
219.1207226536551
 30
0.0
 40
3.0
  0
CIRCLE
  5
B5D
330
17
100
AcDbEntity
  8
0
100
AcDbCircle
 10
582.78848346372
 20
173.75250514116968
 30
0.0
 40
3.0
  0
CIRCLE
  5
B5E
330
17
100
AcDbEntity
  8
0
100
AcDbCircle
 10
62.431738103620184
 20
17.469537072790274
 30
0.0
 40
3.0
  0
CIRCLE
  5
B5F
330
17
100
AcDbEntity
  8
0
100
AcDbCircle
 10
40.97295559232297
 20
311.3219752502609
 30
0.0
 40
3.0
  0
CIRCLE
  5
B60
330
17
100
AcDbEntity
  8
0
100
AcDbCircle
 10
32.63085163901957
 20
861.7777258330913
 30
0.0
 40
3.0
  0
CIRCLE
  5
B61
330
17
100
AcDbEntity
  8
0
100
AcDbCircle
 10
702.9377554858839
 20
496.2333292499802
 30
0.0
 40
3.0
  0
CIRCLE
  5
B62
330
17
100
AcDbEntity
  8
0
100
AcDbCircle
 10
30.89979330234178
 20
975.900715624721
 30
0.0
 40
3.0
  0
CIRCLE
  5
B63
330
17
100
AcDbEntity
  8
0
100
AcDbCircle
 10
471.8474630602334
 20
728.6706692436234
 30
0.0
 40
3.0
  0
CIRCLE
  5
B64
330
17
100
AcDbEntity
  8
0
100
AcDbCircle
 10
970.219809450157
 20
33.56463546732209
 30
0.0
 40
3.0
  0
CIRCLE
  5
B65
330
17
100
AcDbEntity
  8
0
100
AcDbCircle
 10
120.17670695333585
 20
367.36133588382154
 30
0.0
 40
3.0
  0
CIRCLE
  5
B66
330
17
100
AcDbEntity
  8
0
100
AcDbCircle
 10
41.42810080759331
 20
479.80016598923703
 30
0.0
 40
3.0
  0
CIRCLE
  5
B67
330
17
100
AcDbEntity
  8
0
100
AcDbCircle
 10
381.85824242163716
 20
183.20977376983365
 30
0.0
 40
3.0
  0
CIRCLE
  5
B68
330
17
100
AcDbEntity
  8
0
100
AcDbCircle
 10
846.4020068825057
 20
796.1381378933039
 30
0.0
 40
3.0
  0
CIRCLE
  5
B69
330
17
100
AcDbEntity
  8
0
100
AcDbCircle
 10
122.13952766508751
 20
801.6583387250218
 30
0.0
 40
3.0
  0
CIRCLE
  5
B6A
330
17
100
AcDbEntity
  8
0
100
AcDbCircle
 10
110.85065437025969
 20
227.0744973241121
 30
0.0
 40
3.0
  0
CIRCLE
  5
B6B
330
17
100
AcDbEntity
  8
0
100
AcDbCircle
 10
58.35565856778931
 20
74.28674589131995
 30
0.0
 40
3.0
  0
CIRCLE
  5
B6C
330
17
100
AcDbEntity
  8
0
100
AcDbCircle
 10
247.24845415502713
 20
235.29435919304004
 30
0.0
 40
3.0
  0
CIRCLE
  5
B6D
330
17
100
AcDbEntity
  8
0
100
AcDbCircle
 10
253.81564573801796
 20
575.4334953264736
 30
0.0
 40
3.0
  0
CIRCLE
  5
B6E
330
17
100
AcDbEntity
  8
0
100
AcDbCircle
 10
959.2957146252551
 20
193.89499931468296
 30
0.0
 40
3.0
  0
CIRCLE
  5
B6F
330
17
100
AcDbEntity
  8
0
100
AcDbCircle
 10
128.93116982496622
 20
736.0786268147252
 30
0.0
 40
3.0
  0
CIRCLE
  5
B70
330
17
100
AcDbEntity
  8
0
100
AcDbCircle
 10
730.3135927518354
 20
297.08217007852727
 30
0.0
 40
3.0
  0
CIRCLE
  5
B71
330
17
100
AcDbEntity
  8
0
100
AcDbCircle
 10
64.5031310029125
 20
988.179268846136
 30
0.0
 40
3.0
  0
CIRCLE
  5
B72
330
17
100
AcDbEntity
  8
0
100
AcDbCircle
 10
242.48958115611126
 20
583.1304042167998
 30
0.0
 40
3.0
  0
CIRCLE
  5
B73
330
17
100
AcDbEntity
  8
0
100
AcDbCircle
 10
350.50830041537523
 20
714.9845521714496
 30
0.0
 40
3.0
  0
CIRCLE
  5
B74
330
17
100
AcDbEntity
  8
0
100
AcDbCircle
 10
773.6967383438321
 20
912.0099737663451
 30
0.0
 40
3.0
  0
CIRCLE
  5
B75
330
17
100
AcDbEntity
  8
0
100
AcDbCircle
 10
149.19140860976364
 20
743.747148905079
 30
0.0
 40
3.0
  0
CIRCLE
  5
B76
330
17
100
AcDbEntity
  8
0
100
AcDbCircle
 10
908.645244493201
 20
930.770582751266
 30
0.0
 40
3.0
  0
CIRCLE
  5
B77
330
17
100
AcDbEntity
  8
0
100
AcDbCircle
 10
298.3255300824628
 20
546.465510311242
 30
0.0
 40
3.0
  0
CIRCLE
  5
B78
330
17
100
AcDbEntity
  8
0
100
AcDbCircle
 10
105.53204646442886
 20
849.6606345086784
 30
0.0
 40
3.0
  0
CIRCLE
  5
B79
330
17
100
AcDbEntity
  8
0
100
AcDbCircle
 10
321.93660626110545
 20
471.31665284389373
 30
0.0
 40
3.0
  0
CIRCLE
  5
B7A
330
17
100
AcDbEntity
  8
0
100
AcDbCircle
 10
453.5547889793121
 20
198.25095667817962
 30
0.0
 40
3.0
  0
CIRCLE
  5
B7B
330
17
100
AcDbEntity
  8
0
100
AcDbCircle
 10
995.4364254197841
 20
361.63859201846725
 30
0.0
 40
3.0
  0
CIRCLE
  5
B7C
330
17
100
AcDbEntity
  8
0
100
AcDbCircle
 10
982.748691630871
 20
680.4628725026386
 30
0.0
 40
3.0
  0
CIRCLE
  5
B7D
330
17
100
AcDbEntity
  8
0
100
AcDbCircle
 10
15.060502644441238
 20
658.858538507065
 30
0.0
 40
3.0
  0
CIRCLE
  5
B7E
330
17
100
AcDbEntity
  8
0
100
AcDbCircle
 10
832.612878700947
 20
362.03558112491663
 30
0.0
 40
3.0
  0
CIRCLE
  5
B7F
330
17
100
AcDbEntity
  8
0
100
AcDbCircle
 10
172.71848778334257
 20
993.8128358142369
 30
0.0
 40
3.0
  0
CIRCLE
  5
B80
330
17
100
AcDbEntity
  8
0
100
AcDbCircle
 10
119.61513875500613
 20
807.5961538577466
 30
0.0
 40
3.0
  0
CIRCLE
  5
B81
330
17
100
AcDbEntity
  8
0
100
AcDbCircle
 10
556.6996237887763
 20
535.5608775110338
 30
0.0
 40
3.0
  0
CIRCLE
  5
B82
330
17
100
AcDbEntity
  8
0
100
AcDbCircle
 10
174.4257827957842
 20
688.1360067392789
 30
0.0
 40
3.0
  0
CIRCLE
  5
B83
330
17
100
AcDbEntity
  8
0
100
AcDbCircle
 10
245.83040721881682
 20
715.1988137916792
 30
0.0
 40
3.0
  0
CIRCLE
  5
B84
330
17
100
AcDbEntity
  8
0
100
AcDbCircle
 10
450.68097698497945
 20
641.1755860033317
 30
0.0
 40
3.0
  0
CIRCLE
  5
B85
330
17
100
AcDbEntity
  8
0
100
AcDbCircle
 10
429.01971545243146
 20
539.7129313925481
 30
0.0
 40
3.0
  0
CIRCLE
  5
B86
330
17
100
AcDbEntity
  8
0
100
AcDbCircle
 10
222.540707852395
 20
625.7246092526509
 30
0.0
 40
3.0
  0
CIRCLE
  5
B87
330
17
100
AcDbEntity
  8
0
100
AcDbCircle
 10
974.1466407137373
 20
69.89383089874333
 30
0.0
 40
3.0
  0
CIRCLE
  5
B88
330
17
100
AcDbEntity
  8
0
100
AcDbCircle
 10
767.1340475942787
 20
626.6774006031959
 30
0.0
 40
3.0
  0
CIRCLE
  5
B89
330
17
100
AcDbEntity
  8
0
100
AcDbCircle
 10
189.29993562165814
 20
340.83103748524
 30
0.0
 40
3.0
  0
CIRCLE
  5
B8A
330
17
100
AcDbEntity
  8
0
100
AcDbCircle
 10
972.2235839622336
 20
205.7321449620147
 30
0.0
 40
3.0
  0
CIRCLE
  5
B8B
330
17
100
AcDbEntity
  8
0
100
AcDbCircle
 10
37.24170856309216
 20
17.189757326658782
 30
0.0
 40
3.0
  0
CIRCLE
  5
B8C
330
17
100
AcDbEntity
  8
0
100
AcDbCircle
 10
738.797649888531
 20
392.46604797898414
 30
0.0
 40
3.0
  0
CIRCLE
  5
B8D
330
17
100
AcDbEntity
  8
0
100
AcDbCircle
 10
323.5598403151651
 20
888.4425008456176
 30
0.0
 40
3.0
  0
CIRCLE
  5
B8E
330
17
100
AcDbEntity
  8
0
100
AcDbCircle
 10
945.8629679135088
 20
948.7833795996688
 30
0.0
 40
3.0
  0
CIRCLE
  5
B8F
330
17
100
AcDbEntity
  8
0
100
AcDbCircle
 10
55.88181042086155
 20
759.3234241193825
 30
0.0
 40
3.0
  0
CIRCLE
  5
B90
330
17
100
AcDbEntity
  8
0
100
AcDbCircle
 10
504.10356031722097
 20
644.0298332529665
 30
0.0
 40
3.0
  0
CIRCLE
  5
B91
330
17
100
AcDbEntity
  8
0
100
AcDbCircle
 10
671.4364896427497
 20
249.85018840413952
 30
0.0
 40
3.0
  0
CIRCLE
  5
B92
330
17
100
AcDbEntity
  8
0
100
AcDbCircle
 10
707.0693101082888
 20
917.2083839933814
 30
0.0
 40
3.0
  0
CIRCLE
  5
B93
330
17
100
AcDbEntity
  8
0
100
AcDbCircle
 10
4.41478747012201
 20
901.6424086444756
 30
0.0
 40
3.0
  0
CIRCLE
  5
B94
330
17
100
AcDbEntity
  8
0
100
AcDbCircle
 10
207.37277347808035
 20
472.2962382858357
 30
0.0
 40
3.0
  0
CIRCLE
  5
B95
330
17
100
AcDbEntity
  8
0
100
AcDbCircle
 10
182.86492509439014
 20
528.9033485739005
 30
0.0
 40
3.0
  0
CIRCLE
  5
B96
330
17
100
AcDbEntity
  8
0
100
AcDbCircle
 10
930.8103941246266
 20
711.4461711088903
 30
0.0
 40
3.0
  0
CIRCLE
  5
B97
330
17
100
AcDbEntity
  8
0
100
AcDbCircle
 10
914.5008708610047
 20
632.4651700048079
 30
0.0
 40
3.0
  0
CIRCLE
  5
B98
330
17
100
AcDbEntity
  8
0
100
AcDbCircle
 10
727.3421868010299
 20
356.3657625224613
 30
0.0
 40
3.0
  0
CIRCLE
  5
B99
330
17
100
AcDbEntity
  8
0
100
AcDbCircle
 10
788.8847487521181
 20
257.6040760892344
 30
0.0
 40
3.0
  0
CIRCLE
  5
B9A
330
17
100
AcDbEntity
  8
0
100
AcDbCircle
 10
543.0698903492051
 20
635.01555261437
 30
0.0
 40
3.0
  0
CIRCLE
  5
B9B
330
17
100
AcDbEntity
  8
0
100
AcDbCircle
 10
453.2307742273227
 20
42.142095118132325
 30
0.0
 40
3.0
  0
CIRCLE
  5
B9C
330
17
100
AcDbEntity
  8
0
100
AcDbCircle
 10
443.43830313395466
 20
376.39924741003045
 30
0.0
 40
3.0
  0
CIRCLE
  5
B9D
330
17
100
AcDbEntity
  8
0
100
AcDbCircle
 10
194.87656811157015
 20
990.3809925552397
 30
0.0
 40
3.0
  0
CIRCLE
  5
B9E
330
17
100
AcDbEntity
  8
0
100
AcDbCircle
 10
673.6193955008323
 20
805.3305235476886
 30
0.0
 40
3.0
  0
CIRCLE
  5
B9F
330
17
100
AcDbEntity
  8
0
100
AcDbCircle
 10
560.8529539232875
 20
709.8512789481782
 30
0.0
 40
3.0
  0
CIRCLE
  5
BA0
330
17
100
AcDbEntity
  8
0
100
AcDbCircle
 10
859.5177552908294
 20
652.3301132805426
 30
0.0
 40
3.0
  0
CIRCLE
  5
BA1
330
17
100
AcDbEntity
  8
0
100
AcDbCircle
 10
992.2548267691127
 20
12.874888928769208
 30
0.0
 40
3.0
  0
CIRCLE
  5
BA2
330
17
100
AcDbEntity
  8
0
100
AcDbCircle
 10
876.2834759055336
 20
290.5054941808746
 30
0.0
 40
3.0
  0
CIRCLE
  5
BA3
330
17
100
AcDbEntity
  8
0
100
AcDbCircle
 10
159.83337551971715
 20
36.896828396088495
 30
0.0
 40
3.0
  0
CIRCLE
  5
BA4
330
17
100
AcDbEntity
  8
0
100
AcDbCircle
 10
11.396119523949517
 20
506.50806751021275
 30
0.0
 40
3.0
  0
CIRCLE
  5
BA5
330
17
100
AcDbEntity
  8
0
100
AcDbCircle
 10
876.7469450378345
 20
556.758651073988
 30
0.0
 40
3.0
  0
CIRCLE
  5
BA6
330
17
100
AcDbEntity
  8
0
100
AcDbCircle
 10
860.1526500617439
 20
924.1606672947571
 30
0.0
 40
3.0
  0
CIRCLE
  5
BA7
330
17
100
AcDbEntity
  8
0
100
AcDbCircle
 10
251.04665783124332
 20
724.7699540634047
 30
0.0
 40
3.0
  0
CIRCLE
  5
BA8
330
17
100
AcDbEntity
  8
0
100
AcDbCircle
 10
409.65723987512087
 20
57.94759272651001
 30
0.0
 40
3.0
  0
CIRCLE
  5
BA9
330
17
100
AcDbEntity
  8
0
100
AcDbCircle
 10
4.746267772661962
 20
658.3632841891166
 30
0.0
 40
3.0
  0
CIRCLE
  5
BAA
330
17
100
AcDbEntity
  8
0
100
AcDbCircle
 10
600.6686769607768
 20
514.0406926409079
 30
0.0
 40
3.0
  0
CIRCLE
  5
BAB
330
17
100
AcDbEntity
  8
0
100
AcDbCircle
 10
484.0249513703259
 20
960.9879342110952
 30
0.0
 40
3.0
  0
CIRCLE
  5
BAC
330
17
100
AcDbEntity
  8
0
100
AcDbCircle
 10
515.2698682898796
 20
608.7471291061087
 30
0.0
 40
3.0
  0
CIRCLE
  5
BAD
330
17
100
AcDbEntity
  8
0
100
AcDbCircle
 10
474.0578269551529
 20
873.3187035527201
 30
0.0
 40
3.0
  0
CIRCLE
  5
BAE
330
17
100
AcDbEntity
  8
0
100
AcDbCircle
 10
755.3852626071478
 20
994.1630969181267
 30
0.0
 40
3.0
  0
CIRCLE
  5
BAF
330
17
100
AcDbEntity
  8
0
100
AcDbCircle
 10
13.658311921455288
 20
911.5572811563317
 30
0.0
 40
3.0
  0
CIRCLE
  5
BB0
330
17
100
AcDbEntity
  8
0
100
AcDbCircle
 10
3.9255084970179697
 20
97.44640078406493
 30
0.0
 40
3.0
  0
CIRCLE
  5
BB1
330
17
100
AcDbEntity
  8
0
100
AcDbCircle
 10
773.8335453776343
 20
598.2895763550035
 30
0.0
 40
3.0
  0
CIRCLE
  5
BB2
330
17
100
AcDbEntity
  8
0
100
AcDbCircle
 10
294.9639174756637
 20
388.9100349248788
 30
0.0
 40
3.0
  0
CIRCLE
  5
BB3
330
17
100
AcDbEntity
  8
0
100
AcDbCircle
 10
724.1767328836848
 20
350.54986174228674
 30
0.0
 40
3.0
  0
CIRCLE
  5
BB4
330
17
100
AcDbEntity
  8
0
100
AcDbCircle
 10
973.9796907121921
 20
679.5686724265371
 30
0.0
 40
3.0
  0
CIRCLE
  5
BB5
330
17
100
AcDbEntity
  8
0
100
AcDbCircle
 10
952.7651838346405
 20
134.75822654545175
 30
0.0
 40
3.0
  0
CIRCLE
  5
BB6
330
17
100
AcDbEntity
  8
0
100
AcDbCircle
 10
84.66512281129087
 20
609.6655175028463
 30
0.0
 40
3.0
  0
CIRCLE
  5
BB7
330
17
100
AcDbEntity
  8
0
100
AcDbCircle
 10
39.290206782872595
 20
447.0226002236968
 30
0.0
 40
3.0
  0
CIRCLE
  5
BB8
330
17
100
AcDbEntity
  8
0
100
AcDbCircle
 10
235.72068021076808
 20
990.5982833324877
 30
0.0
 40
3.0
  0
CIRCLE
  5
BB9
330
17
100
AcDbEntity
  8
0
100
AcDbCircle
 10
980.6925189071595
 20
11.335187500039517
 30
0.0
 40
3.0
  0
CIRCLE
  5
BBA
330
17
100
AcDbEntity
  8
0
100
AcDbCircle
 10
374.9919478556096
 20
532.5601618946305
 30
0.0
 40
3.0
  0
CIRCLE
  5
BBB
330
17
100
AcDbEntity
  8
0
100
AcDbCircle
 10
303.83418419132687
 20
464.5412160801107
 30
0.0
 40
3.0
  0
CIRCLE
  5
BBC
330
17
100
AcDbEntity
  8
0
100
AcDbCircle
 10
315.5828594521275
 20
358.7469887721708
 30
0.0
 40
3.0
  0
CIRCLE
  5
BBD
330
17
100
AcDbEntity
  8
0
100
AcDbCircle
 10
692.5774306281198
 20
760.7883347505306
 30
0.0
 40
3.0
  0
CIRCLE
  5
BBE
330
17
100
AcDbEntity
  8
0
100
AcDbCircle
 10
658.616869344548
 20
84.01529739835235
 30
0.0
 40
3.0
  0
CIRCLE
  5
BBF
330
17
100
AcDbEntity
  8
0
100
AcDbCircle
 10
284.86405973004725
 20
553.5266044917715
 30
0.0
 40
3.0
  0
CIRCLE
  5
BC0
330
17
100
AcDbEntity
  8
0
100
AcDbCircle
 10
854.1639861068176
 20
675.2331150592674
 30
0.0
 40
3.0
  0
CIRCLE
  5
BC1
330
17
100
AcDbEntity
  8
0
100
AcDbCircle
 10
571.8044314220228
 20
740.129227584611
 30
0.0
 40
3.0
  0
CIRCLE
  5
BC2
330
17
100
AcDbEntity
  8
0
100
AcDbCircle
 10
92.22656436977529
 20
25.548657068279674
 30
0.0
 40
3.0
  0
CIRCLE
  5
BC3
330
17
100
AcDbEntity
  8
0
100
AcDbCircle
 10
959.1919308298857
 20
50.14626269764558
 30
0.0
 40
3.0
  0
CIRCLE
  5
BC4
330
17
100
AcDbEntity
  8
0
100
AcDbCircle
 10
590.2460519242596
 20
549.3379155898112
 30
0.0
 40
3.0
  0
CIRCLE
  5
BC5
330
17
100
AcDbEntity
  8
0
100
AcDbCircle
 10
49.58794337522563
 20
347.9669841337145
 30
0.0
 40
3.0
  0
CIRCLE
  5
BC6
330
17
100
AcDbEntity
  8
0
100
AcDbCircle
 10
297.14945101731865
 20
435.7745677646306
 30
0.0
 40
3.0
  0
CIRCLE
  5
BC7
330
17
100
AcDbEntity
  8
0
100
AcDbCircle
 10
280.1002209904263
 20
426.0904243346777
 30
0.0
 40
3.0
  0
CIRCLE
  5
BC8
330
17
100
AcDbEntity
  8
0
100
AcDbCircle
 10
731.7272148459207
 20
952.8750730931382
 30
0.0
 40
3.0
  0
CIRCLE
  5
BC9
330
17
100
AcDbEntity
  8
0
100
AcDbCircle
 10
772.7230200787766
 20
281.94673306963534
 30
0.0
 40
3.0
  0
CIRCLE
  5
BCA
330
17
100
AcDbEntity
  8
0
100
AcDbCircle
 10
483.2608077317521
 20
925.0333896546765
 30
0.0
 40
3.0
  0
CIRCLE
  5
BCB
330
17
100
AcDbEntity
  8
0
100
AcDbCircle
 10
618.7550584199778
 20
236.5839690953761
 30
0.0
 40
3.0
  0
CIRCLE
  5
BCC
330
17
100
AcDbEntity
  8
0
100
AcDbCircle
 10
995.2558383464772
 20
852.2630899702991
 30
0.0
 40
3.0
  0
CIRCLE
  5
BCD
330
17
100
AcDbEntity
  8
0
100
AcDbCircle
 10
569.7351203204246
 20
397.24751160960955
 30
0.0
 40
3.0
  0
CIRCLE
  5
BCE
330
17
100
AcDbEntity
  8
0
100
AcDbCircle
 10
399.8620307546024
 20
317.01046438822306
 30
0.0
 40
3.0
  0
CIRCLE
  5
BCF
330
17
100
AcDbEntity
  8
0
100
AcDbCircle
 10
264.87033329323464
 20
9.648829610256609
 30
0.0
 40
3.0
  0
CIRCLE
  5
BD0
330
17
100
AcDbEntity
  8
0
100
AcDbCircle
 10
287.0977493952014
 20
872.0996821354094
 30
0.0
 40
3.0
  0
CIRCLE
  5
BD1
330
17
100
AcDbEntity
  8
0
100
AcDbCircle
 10
907.5455655929493
 20
511.5207371928075
 30
0.0
 40
3.0
  0
CIRCLE
  5
BD2
330
17
100
AcDbEntity
  8
0
100
AcDbCircle
 10
345.9012363062143
 20
249.15862472362022
 30
0.0
 40
3.0
  0
CIRCLE
  5
BD3
330
17
100
AcDbEntity
  8
0
100
AcDbCircle
 10
332.1418091363702
 20
453.4584406054438
 30
0.0
 40
3.0
  0
CIRCLE
  5
BD4
330
17
100
AcDbEntity
  8
0
100
AcDbCircle
 10
919.9625402720889
 20
629.5080253844975
 30
0.0
 40
3.0
  0
CIRCLE
  5
BD5
330
17
100
AcDbEntity
  8
0
100
AcDbCircle
 10
376.2021473567549
 20
352.9288207063485
 30
0.0
 40
3.0
  0
CIRCLE
  5
BD6
330
17
100
AcDbEntity
  8
0
100
AcDbCircle
 10
488.83131925393656
 20
27.363483094515892
 30
0.0
 40
3.0
  0
CIRCLE
  5
BD7
330
17
100
AcDbEntity
  8
0
100
AcDbCircle
 10
840.1575267101134
 20
344.3881630459819
 30
0.0
 40
3.0
  0
CIRCLE
  5
BD8
330
17
100
AcDbEntity
  8
0
100
AcDbCircle
 10
690.1091776017432
 20
166.74728807128062
 30
0.0
 40
3.0
  0
CIRCLE
  5
BD9
330
17
100
AcDbEntity
  8
0
100
AcDbCircle
 10
530.2837949817624
 20
718.2344511710734
 30
0.0
 40
3.0
  0
CIRCLE
  5
BDA
330
17
100
AcDbEntity
  8
0
100
AcDbCircle
 10
572.9480530104754
 20
660.2432008019427
 30
0.0
 40
3.0
  0
CIRCLE
  5
BDB
330
17
100
AcDbEntity
  8
0
100
AcDbCircle
 10
598.0581037679365
 20
764.2688619622692
 30
0.0
 40
3.0
  0
CIRCLE
  5
BDC
330
17
100
AcDbEntity
  8
0
100
AcDbCircle
 10
8.000315057696607
 20
943.9162477290377
 30
0.0
 40
3.0
  0
CIRCLE
  5
BDD
330
17
100
AcDbEntity
  8
0
100
AcDbCircle
 10
994.9899753445328
 20
613.1599356949997
 30
0.0
 40
3.0
  0
CIRCLE
  5
BDE
330
17
100
AcDbEntity
  8
0
100
AcDbCircle
 10
643.8217842517054
 20
582.7602506393637
 30
0.0
 40
3.0
  0
CIRCLE
  5
BDF
330
17
100
AcDbEntity
  8
0
100
AcDbCircle
 10
786.9449389380726
 20
781.9953398617712
 30
0.0
 40
3.0
  0
CIRCLE
  5
BE0
330
17
100
AcDbEntity
  8
0
100
AcDbCircle
 10
26.432781189119776
 20
971.3897702521889
 30
0.0
 40
3.0
  0
CIRCLE
  5
BE1
330
17
100
AcDbEntity
  8
0
100
AcDbCircle
 10
902.893661218483
 20
3.3288128188496593
 30
0.0
 40
3.0
  0
CIRCLE
  5
BE2
330
17
100
AcDbEntity
  8
0
100
AcDbCircle
 10
152.7721509124323
 20
99.86979067116754
 30
0.0
 40
3.0
  0
CIRCLE
  5
BE3
330
17
100
AcDbEntity
  8
0
100
AcDbCircle
 10
475.1678815044924
 20
109.55237869605597
 30
0.0
 40
3.0
  0
CIRCLE
  5
BE4
330
17
100
AcDbEntity
  8
0
100
AcDbCircle
 10
223.77060445666172
 20
387.46671063007744
 30
0.0
 40
3.0
  0
CIRCLE
  5
BE5
330
17
100
AcDbEntity
  8
0
100
AcDbCircle
 10
810.8379463061375
 20
455.9796504681051
 30
0.0
 40
3.0
  0
CIRCLE
  5
BE6
330
17
100
AcDbEntity
  8
0
100
AcDbCircle
 10
514.2348166680255
 20
209.10463344241393
 30
0.0
 40
3.0
  0
CIRCLE
  5
BE7
330
17
100
AcDbEntity
  8
0
100
AcDbCircle
 10
376.99411606050546
 20
198.3097205173795
 30
0.0
 40
3.0
  0
CIRCLE
  5
BE8
330
17
100
AcDbEntity
  8
0
100
AcDbCircle
 10
783.7740200222801
 20
880.6546290137778
 30
0.0
 40
3.0
  0
CIRCLE
  5
BE9
330
17
100
AcDbEntity
  8
0
100
AcDbCircle
 10
722.7849556601105
 20
292.02156894630565
 30
0.0
 40
3.0
  0
CIRCLE
  5
BEA
330
17
100
AcDbEntity
  8
0
100
AcDbCircle
 10
160.2439049097416
 20
181.05266326778775
 30
0.0
 40
3.0
  0
CIRCLE
  5
BEB
330
17
100
AcDbEntity
  8
0
100
AcDbCircle
 10
581.6668174268754
 20
654.3335100172736
 30
0.0
 40
3.0
  0
CIRCLE
  5
BEC
330
17
100
AcDbEntity
  8
0
100
AcDbCircle
 10
4.305181911512901
 20
115.29765003227477
 30
0.0
 40
3.0
  0
CIRCLE
  5
BED
330
17
100
AcDbEntity
  8
0
100
AcDbCircle
 10
417.233470744688
 20
959.9514627192603
 30
0.0
 40
3.0
  0
CIRCLE
  5
BEE
330
17
100
AcDbEntity
  8
0
100
AcDbCircle
 10
182.51265518821242
 20
887.9479915342887
 30
0.0
 40
3.0
  0
CIRCLE
  5
BEF
330
17
100
AcDbEntity
  8
0
100
AcDbCircle
 10
264.98259075163816
 20
120.63032156840084
 30
0.0
 40
3.0
  0
CIRCLE
  5
BF0
330
17
100
AcDbEntity
  8
0
100
AcDbCircle
 10
538.4110901908444
 20
97.97947713236933
 30
0.0
 40
3.0
  0
CIRCLE
  5
BF1
330
17
100
AcDbEntity
  8
0
100
AcDbCircle
 10
343.2032296566116
 20
69.61758140642776
 30
0.0
 40
3.0
  0
CIRCLE
  5
BF2
330
17
100
AcDbEntity
  8
0
100
AcDbCircle
 10
165.68267478668173
 20
186.03156965372114
 30
0.0
 40
3.0
  0
CIRCLE
  5
BF3
330
17
100
AcDbEntity
  8
0
100
AcDbCircle
 10
331.60917860898485
 20
277.2597594584488
 30
0.0
 40
3.0
  0
CIRCLE
  5
BF4
330
17
100
AcDbEntity
  8
0
100
AcDbCircle
 10
200.17006162985413
 20
913.690274652891
 30
0.0
 40
3.0
  0
CIRCLE
  5
BF5
330
17
100
AcDbEntity
  8
0
100
AcDbCircle
 10
925.1952442952704
 20
325.0095389346961
 30
0.0
 40
3.0
  0
CIRCLE
  5
BF6
330
17
100
AcDbEntity
  8
0
100
AcDbCircle
 10
3.4665340480819014
 20
244.49983613322001
 30
0.0
 40
3.0
  0
CIRCLE
  5
BF7
330
17
100
AcDbEntity
  8
0
100
AcDbCircle
 10
195.7203969285254
 20
343.5609307466054
 30
0.0
 40
3.0
  0
CIRCLE
  5
BF8
330
17
100
AcDbEntity
  8
0
100
AcDbCircle
 10
705.7761173670866
 20
312.71295778246895
 30
0.0
 40
3.0
  0
CIRCLE
  5
BF9
330
17
100
AcDbEntity
  8
0
100
AcDbCircle
 10
12.296397732588817
 20
92.331979097738
 30
0.0
 40
3.0
  0
CIRCLE
  5
BFA
330
17
100
AcDbEntity
  8
0
100
AcDbCircle
 10
526.4077336324034
 20
902.1852083095548
 30
0.0
 40
3.0
  0
CIRCLE
  5
BFB
330
17
100
AcDbEntity
  8
0
100
AcDbCircle
 10
900.4640202509191
 20
719.2555023232325
 30
0.0
 40
3.0
  0
CIRCLE
  5
BFC
330
17
100
AcDbEntity
  8
0
100
AcDbCircle
 10
887.0431645075707
 20
36.91342482278754
 30
0.0
 40
3.0
  0
CIRCLE
  5
BFD
330
17
100
AcDbEntity
  8
0
100
AcDbCircle
 10
473.3527156334043
 20
879.8474328023544
 30
0.0
 40
3.0
  0
CIRCLE
  5
BFE
330
17
100
AcDbEntity
  8
0
100
AcDbCircle
 10
740.9009104331785
 20
897.7635071598893
 30
0.0
 40
3.0
  0
CIRCLE
  5
BFF
330
17
100
AcDbEntity
  8
0
100
AcDbCircle
 10
906.4168868981625
 20
626.5000575805324
 30
0.0
 40
3.0
  0
CIRCLE
  5
C00
330
17
100
AcDbEntity
  8
0
100
AcDbCircle
 10
83.31725817214732
 20
721.2985352240031
 30
0.0
 40
3.0
  0
CIRCLE
  5
C01
330
17
100
AcDbEntity
  8
0
100
AcDbCircle
 10
614.1606624556584
 20
162.97767805293392
 30
0.0
 40
3.0
  0
CIRCLE
  5
C02
330
17
100
AcDbEntity
  8
0
100
AcDbCircle
 10
347.03975237380604
 20
260.8555343294698
 30
0.0
 40
3.0
  0
CIRCLE
  5
C03
330
17
100
AcDbEntity
  8
0
100
AcDbCircle
 10
383.85210337271565
 20
138.28467356460436
 30
0.0
 40
3.0
  0
CIRCLE
  5
C04
330
17
100
AcDbEntity
  8
0
100
AcDbCircle
 10
654.6954561914886
 20
905.7372637130646
 30
0.0
 40
3.0
  0
CIRCLE
  5
C05
330
17
100
AcDbEntity
  8
0
100
AcDbCircle
 10
973.8455256756155
 20
309.3498350968299
 30
0.0
 40
3.0
  0
CIRCLE
  5
C06
330
17
100
AcDbEntity
  8
0
100
AcDbCircle
 10
34.17672878386775
 20
430.5902107192883
 30
0.0
 40
3.0
  0
CIRCLE
  5
C07
330
17
100
AcDbEntity
  8
0
100
AcDbCircle
 10
133.55279227239163
 20
215.2112421325085
 30
0.0
 40
3.0
  0
CIRCLE
  5
C08
330
17
100
AcDbEntity
  8
0
100
AcDbCircle
 10
893.5413989462879
 20
252.55064270923774
 30
0.0
 40
3.0
  0
CIRCLE
  5
C09
330
17
100
AcDbEntity
  8
0
100
AcDbCircle
 10
747.4912015662328
 20
925.3448541204774
 30
0.0
 40
3.0
  0
CIRCLE
  5
C0A
330
17
100
AcDbEntity
  8
0
100
AcDbCircle
 10
476.1763025162842
 20
86.44828926415268
 30
0.0
 40
3.0
  0
CIRCLE
  5
C0B
330
17
100
AcDbEntity
  8
0
100
AcDbCircle
 10
455.2629569673366
 20
762.344423568167
 30
0.0
 40
3.0
  0
CIRCLE
  5
C0C
330
17
100
AcDbEntity
  8
0
100
AcDbCircle
 10
12.765467982526623
 20
38.110310302027436
 30
0.0
 40
3.0
  0
CIRCLE
  5
C0D
330
17
100
AcDbEntity
  8
0
100
AcDbCircle
 10
874.416918841608
 20
903.5178778228055
 30
0.0
 40
3.0
  0
CIRCLE
  5
C0E
330
17
100
AcDbEntity
  8
0
100
AcDbCircle
 10
354.40375616248747
 20
264.4168750180722
 30
0.0
 40
3.0
  0
CIRCLE
  5
C0F
330
17
100
AcDbEntity
  8
0
100
AcDbCircle
 10
987.0387645202884
 20
900.6416741812592
 30
0.0
 40
3.0
  0
CIRCLE
  5
C10
330
17
100
AcDbEntity
  8
0
100
AcDbCircle
 10
560.5990940556072
 20
128.36297138291692
 30
0.0
 40
3.0
  0
CIRCLE
  5
C11
330
17
100
AcDbEntity
  8
0
100
AcDbCircle
 10
528.7977852811982
 20
504.6115074481351
 30
0.0
 40
3.0
  0
CIRCLE
  5
C12
330
17
100
AcDbEntity
  8
0
100
AcDbCircle
 10
355.1477170798934
 20
457.8210109120181
 30
0.0
 40
3.0
  0
CIRCLE
  5
C13
330
17
100
AcDbEntity
  8
0
100
AcDbCircle
 10
118.93049808147207
 20
956.0347879644969
 30
0.0
 40
3.0
  0
CIRCLE
  5
C14
330
17
100
AcDbEntity
  8
0
100
AcDbCircle
 10
4.176467600709866
 20
613.5058370627249
 30
0.0
 40
3.0
  0
CIRCLE
  5
C15
330
17
100
AcDbEntity
  8
0
100
AcDbCircle
 10
197.75317602570138
 20
826.3912214909708
 30
0.0
 40
3.0
  0
CIRCLE
  5
C16
330
17
100
AcDbEntity
  8
0
100
AcDbCircle
 10
847.6655149320799
 20
809.229813806965
 30
0.0
 40
3.0
  0
CIRCLE
  5
C17
330
17
100
AcDbEntity
  8
0
100
AcDbCircle
 10
399.8045282903586
 20
554.0583865451675
 30
0.0
 40
3.0
  0
CIRCLE
  5
C18
330
17
100
AcDbEntity
  8
0
100
AcDbCircle
 10
490.223649887146
 20
933.8784376931176
 30
0.0
 40
3.0
  0
CIRCLE
  5
C19
330
17
100
AcDbEntity
  8
0
100
AcDbCircle
 10
562.8204184320443
 20
301.07329161879204
 30
0.0
 40
3.0
  0
CIRCLE
  5
C1A
330
17
100
AcDbEntity
  8
0
100
AcDbCircle
 10
691.5018498620748
 20
20.722101344527747
 30
0.0
 40
3.0
  0
CIRCLE
  5
C1B
330
17
100
AcDbEntity
  8
0
100
AcDbCircle
 10
654.4052093013204
 20
994.029684313586
 30
0.0
 40
3.0
  0
CIRCLE
  5
C1C
330
17
100
AcDbEntity
  8
0
100
AcDbCircle
 10
197.21821746757635
 20
493.2269647112106
 30
0.0
 40
3.0
  0
CIRCLE
  5
C1D
330
17
100
AcDbEntity
  8
0
100
AcDbCircle
 10
294.6718982755902
 20
924.7139219110308
 30
0.0
 40
3.0
  0
CIRCLE
  5
C1E
330
17
100
AcDbEntity
  8
0
100
AcDbCircle
 10
461.5134929416406
 20
10.132031145497034
 30
0.0
 40
3.0
  0
CIRCLE
  5
C1F
330
17
100
AcDbEntity
  8
0
100
AcDbCircle
 10
847.6880986836146
 20
680.2329353878283
 30
0.0
 40
3.0
  0
CIRCLE
  5
C20
330
17
100
AcDbEntity
  8
0
100
AcDbCircle
 10
995.3598060680872
 20
236.4032706376016
 30
0.0
 40
3.0
  0
CIRCLE
  5
C21
330
17
100
AcDbEntity
  8
0
100
AcDbCircle
 10
33.73193007418723
 20
321.6080900119485
 30
0.0
 40
3.0
  0
CIRCLE
  5
C22
330
17
100
AcDbEntity
  8
0
100
AcDbCircle
 10
147.83287224058984
 20
484.20884562291815
 30
0.0
 40
3.0
  0
CIRCLE
  5
C23
330
17
100
AcDbEntity
  8
0
100
AcDbCircle
 10
778.5479889582981
 20
942.3957571646325
 30
0.0
 40
3.0
  0
CIRCLE
  5
C24
330
17
100
AcDbEntity
  8
0
100
AcDbCircle
 10
228.87462073413178
 20
9.114971748005415
 30
0.0
 40
3.0
  0
CIRCLE
  5
C25
330
17
100
AcDbEntity
  8
0
100
AcDbCircle
 10
966.0613351845648
 20
338.19562184666466
 30
0.0
 40
3.0
  0
CIRCLE
  5
C26
330
17
100
AcDbEntity
  8
0
100
AcDbCircle
 10
475.2619848811366
 20
33.70411550054459
 30
0.0
 40
3.0
  0
CIRCLE
  5
C27
330
17
100
AcDbEntity
  8
0
100
AcDbCircle
 10
558.8206140743092
 20
330.736473730715
 30
0.0
 40
3.0
  0
CIRCLE
  5
C28
330
17
100
AcDbEntity
  8
0
100
AcDbCircle
 10
460.18432120771683
 20
256.78287230385536
 30
0.0
 40
3.0
  0
CIRCLE
  5
C29
330
17
100
AcDbEntity
  8
0
100
AcDbCircle
 10
327.26959310267046
 20
639.8058411843566
 30
0.0
 40
3.0
  0
CIRCLE
  5
C2A
330
17
100
AcDbEntity
  8
0
100
AcDbCircle
 10
51.9382805563554
 20
956.6406235883825
 30
0.0
 40
3.0
  0
CIRCLE
  5
C2B
330
17
100
AcDbEntity
  8
0
100
AcDbCircle
 10
78.08940727332416
 20
738.7217758895115
 30
0.0
 40
3.0
  0
CIRCLE
  5
C2C
330
17
100
AcDbEntity
  8
0
100
AcDbCircle
 10
166.60997089874317
 20
217.5861200502976
 30
0.0
 40
3.0
  0
CIRCLE
  5
C2D
330
17
100
AcDbEntity
  8
0
100
AcDbCircle
 10
430.83324436414284
 20
365.4414488887434
 30
0.0
 40
3.0
  0
CIRCLE
  5
C2E
330
17
100
AcDbEntity
  8
0
100
AcDbCircle
 10
870.1545329695041
 20
474.63706576225024
 30
0.0
 40
3.0
  0
CIRCLE
  5
C2F
330
17
100
AcDbEntity
  8
0
100
AcDbCircle
 10
847.7916952069528
 20
479.97861992296885
 30
0.0
 40
3.0
  0
CIRCLE
  5
C30
330
17
100
AcDbEntity
  8
0
100
AcDbCircle
 10
926.5002096295393
 20
636.2293518751219
 30
0.0
 40
3.0
  0
CIRCLE
  5
C31
330
17
100
AcDbEntity
  8
0
100
AcDbCircle
 10
472.13123771352264
 20
952.77666868023
 30
0.0
 40
3.0
  0
CIRCLE
  5
C32
330
17
100
AcDbEntity
  8
0
100
AcDbCircle
 10
149.77227765649943
 20
24.677183601005297
 30
0.0
 40
3.0
  0
CIRCLE
  5
C33
330
17
100
AcDbEntity
  8
0
100
AcDbCircle
 10
246.25592692793134
 20
636.2571100093858
 30
0.0
 40
3.0
  0
CIRCLE
  5
C34
330
17
100
AcDbEntity
  8
0
100
AcDbCircle
 10
558.0733577142876
 20
966.074518807233
 30
0.0
 40
3.0
  0
CIRCLE
  5
C35
330
17
100
AcDbEntity
  8
0
100
AcDbCircle
 10
660.5753731749905
 20
393.0324904174467
 30
0.0
 40
3.0
  0
CIRCLE
  5
C36
330
17
100
AcDbEntity
  8
0
100
AcDbCircle
 10
456.6950994888697
 20
152.75771605000367
 30
0.0
 40
3.0
  0
CIRCLE
  5
C37
330
17
100
AcDbEntity
  8
0
100
AcDbCircle
 10
384.3462004344994
 20
744.9823378221489
 30
0.0
 40
3.0
  0
CIRCLE
  5
C38
330
17
100
AcDbEntity
  8
0
100
AcDbCircle
 10
846.0839149224713
 20
301.35860616787164
 30
0.0
 40
3.0
  0
CIRCLE
  5
C39
330
17
100
AcDbEntity
  8
0
100
AcDbCircle
 10
739.5072800213068
 20
496.5619177302479
 30
0.0
 40
3.0
  0
CIRCLE
  5
C3A
330
17
100
AcDbEntity
  8
0
100
AcDbCircle
 10
522.2156922629143
 20
462.6577934818426
 30
0.0
 40
3.0
  0
CIRCLE
  5
C3B
330
17
100
AcDbEntity
  8
0
100
AcDbCircle
 10
752.8643187281456
 20
369.6912338125412
 30
0.0
 40
3.0
  0
CIRCLE
  5
C3C
330
17
100
AcDbEntity
  8
0
100
AcDbCircle
 10
68.98926316360752
 20
252.9581124139595
 30
0.0
 40
3.0
  0
CIRCLE
  5
C3D
330
17
100
AcDbEntity
  8
0
100
AcDbCircle
 10
283.57125127773094
 20
976.6508038756357
 30
0.0
 40
3.0
  0
CIRCLE
  5
C3E
330
17
100
AcDbEntity
  8
0
100
AcDbCircle
 10
789.5141008506924
 20
414.1151579534338
 30
0.0
 40
3.0
  0
CIRCLE
  5
C3F
330
17
100
AcDbEntity
  8
0
100
AcDbCircle
 10
349.3461902615485
 20
772.3411345370588
 30
0.0
 40
3.0
  0
CIRCLE
  5
C40
330
17
100
AcDbEntity
  8
0
100
AcDbCircle
 10
343.40024919880614
 20
839.1842241304042
 30
0.0
 40
3.0
  0
CIRCLE
  5
C41
330
17
100
AcDbEntity
  8
0
100
AcDbCircle
 10
704.4812202854664
 20
280.01752071755243
 30
0.0
 40
3.0
  0
CIRCLE
  5
C42
330
17
100
AcDbEntity
  8
0
100
AcDbCircle
 10
66.81952115618374
 20
533.3827291743659
 30
0.0
 40
3.0
  0
CIRCLE
  5
C43
330
17
100
AcDbEntity
  8
0
100
AcDbCircle
 10
203.9691218725619
 20
526.1766129270061
 30
0.0
 40
3.0
  0
CIRCLE
  5
C44
330
17
100
AcDbEntity
  8
0
100
AcDbCircle
 10
549.2814539485918
 20
95.95880931040793
 30
0.0
 40
3.0
  0
CIRCLE
  5
C45
330
17
100
AcDbEntity
  8
0
100
AcDbCircle
 10
996.356706817256
 20
909.9727157377214
 30
0.0
 40
3.0
  0
CIRCLE
  5
C46
330
17
100
AcDbEntity
  8
0
100
AcDbCircle
 10
559.204682098313
 20
277.6387683609603
 30
0.0
 40
3.0
  0
CIRCLE
  5
C47
330
17
100
AcDbEntity
  8
0
100
AcDbCircle
 10
419.2655683554042
 20
719.6593527625373
 30
0.0
 40
3.0
  0
CIRCLE
  5
C48
330
17
100
AcDbEntity
  8
0
100
AcDbCircle
 10
592.0750026721788
 20
402.42619027535
 30
0.0
 40
3.0
  0
CIRCLE
  5
C49
330
17
100
AcDbEntity
  8
0
100
AcDbCircle
 10
437.52080324756463
 20
487.18184468036407
 30
0.0
 40
3.0
  0
CIRCLE
  5
C4A
330
17
100
AcDbEntity
  8
0
100
AcDbCircle
 10
102.20047516007178
 20
830.048884005759
 30
0.0
 40
3.0
  0
CIRCLE
  5
C4B
330
17
100
AcDbEntity
  8
0
100
AcDbCircle
 10
524.219762318584
 20
295.28377038743935
 30
0.0
 40
3.0
  0
CIRCLE
  5
C4C
330
17
100
AcDbEntity
  8
0
100
AcDbCircle
 10
445.6476415139086
 20
741.2808872207075
 30
0.0
 40
3.0
  0
CIRCLE
  5
C4D
330
17
100
AcDbEntity
  8
0
100
AcDbCircle
 10
496.88160096766035
 20
996.442000803585
 30
0.0
 40
3.0
  0
CIRCLE
  5
C4E
330
17
100
AcDbEntity
  8
0
100
AcDbCircle
 10
917.0277941192188
 20
944.1059565135544
 30
0.0
 40
3.0
  0
CIRCLE
  5
C4F
330
17
100
AcDbEntity
  8
0
100
AcDbCircle
 10
580.5047310483435
 20
156.63058847712483
 30
0.0
 40
3.0
  0
CIRCLE
  5
C50
330
17
100
AcDbEntity
  8
0
100
AcDbCircle
 10
311.00899222443246
 20
520.2865897997832
 30
0.0
 40
3.0
  0
CIRCLE
  5
C51
330
17
100
AcDbEntity
  8
0
100
AcDbCircle
 10
274.70039003348313
 20
47.6433866330431
 30
0.0
 40
3.0
  0
CIRCLE
  5
C52
330
17
100
AcDbEntity
  8
0
100
AcDbCircle
 10
305.64661609426486
 20
547.7469168833885
 30
0.0
 40
3.0
  0
CIRCLE
  5
C53
330
17
100
AcDbEntity
  8
0
100
AcDbCircle
 10
282.34190841737905
 20
224.99258628648246
 30
0.0
 40
3.0
  0
CIRCLE
  5
C54
330
17
100
AcDbEntity
  8
0
100
AcDbCircle
 10
979.0348906926373
 20
820.6230503354367
 30
0.0
 40
3.0
  0
CIRCLE
  5
C55
330
17
100
AcDbEntity
  8
0
100
AcDbCircle
 10
260.07106209572237
 20
388.2172896466924
 30
0.0
 40
3.0
  0
CIRCLE
  5
C56
330
17
100
AcDbEntity
  8
0
100
AcDbCircle
 10
332.2179905090889
 20
828.7320395375466
 30
0.0
 40
3.0
  0
CIRCLE
  5
C57
330
17
100
AcDbEntity
  8
0
100
AcDbCircle
 10
893.5963464057548
 20
717.5666640477855
 30
0.0
 40
3.0
  0
CIRCLE
  5
C58
330
17
100
AcDbEntity
  8
0
100
AcDbCircle
 10
378.8555168810145
 20
244.74701937665844
 30
0.0
 40
3.0
  0
CIRCLE
  5
C59
330
17
100
AcDbEntity
  8
0
100
AcDbCircle
 10
406.57479763255253
 20
534.9194142241361
 30
0.0
 40
3.0
  0
CIRCLE
  5
C5A
330
17
100
AcDbEntity
  8
0
100
AcDbCircle
 10
83.71228004377578
 20
495.5922593125828
 30
0.0
 40
3.0
  0
CIRCLE
  5
C5B
330
17
100
AcDbEntity
  8
0
100
AcDbCircle
 10
135.26124331185056
 20
634.1148507032391
 30
0.0
 40
3.0
  0
CIRCLE
  5
C5C
330
17
100
AcDbEntity
  8
0
100
AcDbCircle
 10
524.101713972164
 20
726.959272202446
 30
0.0
 40
3.0
  0
CIRCLE
  5
C5D
330
17
100
AcDbEntity
  8
0
100
AcDbCircle
 10
951.0334725452291
 20
646.7339759479628
 30
0.0
 40
3.0
  0
CIRCLE
  5
C5E
330
17
100
AcDbEntity
  8
0
100
AcDbCircle
 10
510.57974687249924
 20
509.1787860180075
 30
0.0
 40
3.0
  0
CIRCLE
  5
C5F
330
17
100
AcDbEntity
  8
0
100
AcDbCircle
 10
185.87661949887374
 20
170.35750635606897
 30
0.0
 40
3.0
  0
CIRCLE
  5
C60
330
17
100
AcDbEntity
  8
0
100
AcDbCircle
 10
921.2436656605594
 20
319.73813309917983
 30
0.0
 40
3.0
  0
CIRCLE
  5
C61
330
17
100
AcDbEntity
  8
0
100
AcDbCircle
 10
742.8632230275995
 20
621.1631161477964
 30
0.0
 40
3.0
  0
CIRCLE
  5
C62
330
17
100
AcDbEntity
  8
0
100
AcDbCircle
 10
180.1162125176577
 20
880.018885749192
 30
0.0
 40
3.0
  0
CIRCLE
  5
C63
330
17
100
AcDbEntity
  8
0
100
AcDbCircle
 10
146.5198337741103
 20
305.11699966788797
 30
0.0
 40
3.0
  0
CIRCLE
  5
C64
330
17
100
AcDbEntity
  8
0
100
AcDbCircle
 10
515.4246231097992
 20
765.9894349392981
 30
0.0
 40
3.0
  0
CIRCLE
  5
C65
330
17
100
AcDbEntity
  8
0
100
AcDbCircle
 10
900.4230628302387
 20
924.3536474998631
 30
0.0
 40
3.0
  0
CIRCLE
  5
C66
330
17
100
AcDbEntity
  8
0
100
AcDbCircle
 10
676.927076685327
 20
581.1064340373542
 30
0.0
 40
3.0
  0
CIRCLE
  5
C67
330
17
100
AcDbEntity
  8
0
100
AcDbCircle
 10
393.2904702320937
 20
348.17284936828673
 30
0.0
 40
3.0
  0
CIRCLE
  5
C68
330
17
100
AcDbEntity
  8
0
100
AcDbCircle
 10
5.659195763726431
 20
31.094700980610707
 30
0.0
 40
3.0
  0
CIRCLE
  5
C69
330
17
100
AcDbEntity
  8
0
100
AcDbCircle
 10
646.1465926624008
 20
821.9000980854386
 30
0.0
 40
3.0
  0
CIRCLE
  5
C6A
330
17
100
AcDbEntity
  8
0
100
AcDbCircle
 10
642.8250678535147
 20
144.2101918812444
 30
0.0
 40
3.0
  0
CIRCLE
  5
C6B
330
17
100
AcDbEntity
  8
0
100
AcDbCircle
 10
908.965711444068
 20
603.6168268481011
 30
0.0
 40
3.0
  0
CIRCLE
  5
C6C
330
17
100
AcDbEntity
  8
0
100
AcDbCircle
 10
294.5485709368205
 20
345.1507055923702
 30
0.0
 40
3.0
  0
CIRCLE
  5
C6D
330
17
100
AcDbEntity
  8
0
100
AcDbCircle
 10
991.6035044335688
 20
87.48760159702005
 30
0.0
 40
3.0
  0
CIRCLE
  5
C6E
330
17
100
AcDbEntity
  8
0
100
AcDbCircle
 10
704.9219479081548
 20
778.9937350525865
 30
0.0
 40
3.0
  0
CIRCLE
  5
C6F
330
17
100
AcDbEntity
  8
0
100
AcDbCircle
 10
169.01277325053175
 20
437.6163887764287
 30
0.0
 40
3.0
  0
CIRCLE
  5
C70
330
17
100
AcDbEntity
  8
0
100
AcDbCircle
 10
483.8643173099814
 20
182.99258872112676
 30
0.0
 40
3.0
  0
CIRCLE
  5
C71
330
17
100
AcDbEntity
  8
0
100
AcDbCircle
 10
160.43561210456923
 20
531.1039901307589
 30
0.0
 40
3.0
  0
CIRCLE
  5
C72
330
17
100
AcDbEntity
  8
0
100
AcDbCircle
 10
625.7586180065512
 20
257.4591107419003
 30
0.0
 40
3.0
  0
CIRCLE
  5
C73
330
17
100
AcDbEntity
  8
0
100
AcDbCircle
 10
882.8613232569666
 20
898.8313111225132
 30
0.0
 40
3.0
  0
CIRCLE
  5
C74
330
17
100
AcDbEntity
  8
0
100
AcDbCircle
 10
171.91970069353752
 20
9.822073471833232
 30
0.0
 40
3.0
  0
CIRCLE
  5
C75
330
17
100
AcDbEntity
  8
0
100
AcDbCircle
 10
392.7669151458638
 20
438.8729209547172
 30
0.0
 40
3.0
  0
CIRCLE
  5
C76
330
17
100
AcDbEntity
  8
0
100
AcDbCircle
 10
738.1759682237698
 20
303.1311836212723
 30
0.0
 40
3.0
  0
CIRCLE
  5
C77
330
17
100
AcDbEntity
  8
0
100
AcDbCircle
 10
824.0568249339241
 20
649.3253732543343
 30
0.0
 40
3.0
  0
CIRCLE
  5
C78
330
17
100
AcDbEntity
  8
0
100
AcDbCircle
 10
126.27368041133916
 20
766.6686469241765
 30
0.0
 40
3.0
  0
CIRCLE
  5
C79
330
17
100
AcDbEntity
  8
0
100
AcDbCircle
 10
480.0891726395297
 20
353.8949501234835
 30
0.0
 40
3.0
  0
CIRCLE
  5
C7A
330
17
100
AcDbEntity
  8
0
100
AcDbCircle
 10
947.4615804521878
 20
832.5982067098893
 30
0.0
 40
3.0
  0
CIRCLE
  5
C7B
330
17
100
AcDbEntity
  8
0
100
AcDbCircle
 10
53.39687968330435
 20
422.19920737032317
 30
0.0
 40
3.0
  0
CIRCLE
  5
C7C
330
17
100
AcDbEntity
  8
0
100
AcDbCircle
 10
651.269787590777
 20
986.784636225121
 30
0.0
 40
3.0
  0
CIRCLE
  5
C7D
330
17
100
AcDbEntity
  8
0
100
AcDbCircle
 10
812.2656408393295
 20
887.0300016564643
 30
0.0
 40
3.0
  0
CIRCLE
  5
C7E
330
17
100
AcDbEntity
  8
0
100
AcDbCircle
 10
885.0902664172725
 20
401.3269008654249
 30
0.0
 40
3.0
  0
CIRCLE
  5
C7F
330
17
100
AcDbEntity
  8
0
100
AcDbCircle
 10
198.6983598156535
 20
130.70391908702513
 30
0.0
 40
3.0
  0
CIRCLE
  5
C80
330
17
100
AcDbEntity
  8
0
100
AcDbCircle
 10
188.91250994648613
 20
992.5723565349136
 30
0.0
 40
3.0
  0
CIRCLE
  5
C81
330
17
100
AcDbEntity
  8
0
100
AcDbCircle
 10
126.6660151757582
 20
720.0687050829158
 30
0.0
 40
3.0
  0
CIRCLE
  5
C82
330
17
100
AcDbEntity
  8
0
100
AcDbCircle
 10
505.61088537301407
 20
199.69320671850105
 30
0.0
 40
3.0
  0
CIRCLE
  5
C83
330
17
100
AcDbEntity
  8
0
100
AcDbCircle
 10
141.46881088227707
 20
65.72192071379239
 30
0.0
 40
3.0
  0
CIRCLE
  5
C84
330
17
100
AcDbEntity
  8
0
100
AcDbCircle
 10
791.7552659420834
 20
521.5250229510029
 30
0.0
 40
3.0
  0
CIRCLE
  5
C85
330
17
100
AcDbEntity
  8
0
100
AcDbCircle
 10
694.2830910319957
 20
692.7540015479453
 30
0.0
 40
3.0
  0
CIRCLE
  5
C86
330
17
100
AcDbEntity
  8
0
100
AcDbCircle
 10
986.131336893302
 20
720.866677076908
 30
0.0
 40
3.0
  0
CIRCLE
  5
C87
330
17
100
AcDbEntity
  8
0
100
AcDbCircle
 10
249.48656556568545
 20
581.7212963610591
 30
0.0
 40
3.0
  0
CIRCLE
  5
C88
330
17
100
AcDbEntity
  8
0
100
AcDbCircle
 10
337.8120558513462
 20
851.9990407663031
 30
0.0
 40
3.0
  0
CIRCLE
  5
C89
330
17
100
AcDbEntity
  8
0
100
AcDbCircle
 10
541.3009899926011
 20
659.1707727915906
 30
0.0
 40
3.0
  0
CIRCLE
  5
C8A
330
17
100
AcDbEntity
  8
0
100
AcDbCircle
 10
375.54528095526894
 20
956.024509790949
 30
0.0
 40
3.0
  0
CIRCLE
  5
C8B
330
17
100
AcDbEntity
  8
0
100
AcDbCircle
 10
514.3984113306248
 20
571.5279415360623
 30
0.0
 40
3.0
  0
CIRCLE
  5
C8C
330
17
100
AcDbEntity
  8
0
100
AcDbCircle
 10
468.5376613548622
 20
96.33017929767043
 30
0.0
 40
3.0
  0
CIRCLE
  5
C8D
330
17
100
AcDbEntity
  8
0
100
AcDbCircle
 10
474.73635587273145
 20
94.71496673331171
 30
0.0
 40
3.0
  0
CIRCLE
  5
C8E
330
17
100
AcDbEntity
  8
0
100
AcDbCircle
 10
757.5316966989047
 20
117.23167664049471
 30
0.0
 40
3.0
  0
CIRCLE
  5
C8F
330
17
100
AcDbEntity
  8
0
100
AcDbCircle
 10
299.332067242817
 20
151.84206782455425
 30
0.0
 40
3.0
  0
CIRCLE
  5
C90
330
17
100
AcDbEntity
  8
0
100
AcDbCircle
 10
175.42177218834468
 20
431.43504345645755
 30
0.0
 40
3.0
  0
CIRCLE
  5
C91
330
17
100
AcDbEntity
  8
0
100
AcDbCircle
 10
702.5668714628367
 20
980.2847751637402
 30
0.0
 40
3.0
  0
CIRCLE
  5
C92
330
17
100
AcDbEntity
  8
0
100
AcDbCircle
 10
123.15911272528099
 20
171.51255564258844
 30
0.0
 40
3.0
  0
CIRCLE
  5
C93
330
17
100
AcDbEntity
  8
0
100
AcDbCircle
 10
726.8018001589325
 20
268.75054778890615
 30
0.0
 40
3.0
  0
CIRCLE
  5
C94
330
17
100
AcDbEntity
  8
0
100
AcDbCircle
 10
996.9441019628284
 20
582.2193522939293
 30
0.0
 40
3.0
  0
CIRCLE
  5
C95
330
17
100
AcDbEntity
  8
0
100
AcDbCircle
 10
305.4996145545793
 20
48.803799154857856
 30
0.0
 40
3.0
  0
CIRCLE
  5
C96
330
17
100
AcDbEntity
  8
0
100
AcDbCircle
 10
131.91656494291834
 20
727.7054240131644
 30
0.0
 40
3.0
  0
CIRCLE
  5
C97
330
17
100
AcDbEntity
  8
0
100
AcDbCircle
 10
925.1950882367104
 20
470.663080240015
 30
0.0
 40
3.0
  0
CIRCLE
  5
C98
330
17
100
AcDbEntity
  8
0
100
AcDbCircle
 10
607.5075639971174
 20
390.63974983756793
 30
0.0
 40
3.0
  0
CIRCLE
  5
C99
330
17
100
AcDbEntity
  8
0
100
AcDbCircle
 10
616.5256112367589
 20
970.8720203860393
 30
0.0
 40
3.0
  0
CIRCLE
  5
C9A
330
17
100
AcDbEntity
  8
0
100
AcDbCircle
 10
55.007370997874155
 20
300.64159538404465
 30
0.0
 40
3.0
  0
CIRCLE
  5
C9B
330
17
100
AcDbEntity
  8
0
100
AcDbCircle
 10
558.7266458143414
 20
286.82706700398415
 30
0.0
 40
3.0
  0
CIRCLE
  5
C9C
330
17
100
AcDbEntity
  8
0
100
AcDbCircle
 10
768.1659048641056
 20
985.6060322772431
 30
0.0
 40
3.0
  0
CIRCLE
  5
C9D
330
17
100
AcDbEntity
  8
0
100
AcDbCircle
 10
537.4286495888078
 20
820.0716946370036
 30
0.0
 40
3.0
  0
CIRCLE
  5
C9E
330
17
100
AcDbEntity
  8
0
100
AcDbCircle
 10
430.07989690658565
 20
438.075345795808
 30
0.0
 40
3.0
  0
CIRCLE
  5
C9F
330
17
100
AcDbEntity
  8
0
100
AcDbCircle
 10
19.655400577551283
 20
174.04800692018958
 30
0.0
 40
3.0
  0
CIRCLE
  5
CA0
330
17
100
AcDbEntity
  8
0
100
AcDbCircle
 10
815.1557020864949
 20
646.8126666147793
 30
0.0
 40
3.0
  0
CIRCLE
  5
CA1
330
17
100
AcDbEntity
  8
0
100
AcDbCircle
 10
953.8855041679172
 20
344.9744761946469
 30
0.0
 40
3.0
  0
CIRCLE
  5
CA2
330
17
100
AcDbEntity
  8
0
100
AcDbCircle
 10
846.1864761705551
 20
106.02448510197809
 30
0.0
 40
3.0
  0
CIRCLE
  5
CA3
330
17
100
AcDbEntity
  8
0
100
AcDbCircle
 10
423.67272963466866
 20
991.0202964325849
 30
0.0
 40
3.0
  0
CIRCLE
  5
CA4
330
17
100
AcDbEntity
  8
0
100
AcDbCircle
 10
875.3527131106938
 20
742.2124891355826
 30
0.0
 40
3.0
  0
CIRCLE
  5
CA5
330
17
100
AcDbEntity
  8
0
100
AcDbCircle
 10
405.852686515123
 20
419.5428978978872
 30
0.0
 40
3.0
  0
CIRCLE
  5
CA6
330
17
100
AcDbEntity
  8
0
100
AcDbCircle
 10
297.0645290063793
 20
844.2942519174073
 30
0.0
 40
3.0
  0
CIRCLE
  5
CA7
330
17
100
AcDbEntity
  8
0
100
AcDbCircle
 10
995.4545138921216
 20
960.176705917177
 30
0.0
 40
3.0
  0
CIRCLE
  5
CA8
330
17
100
AcDbEntity
  8
0
100
AcDbCircle
 10
628.7130344670555
 20
298.49402423693243
 30
0.0
 40
3.0
  0
CIRCLE
  5
CA9
330
17
100
AcDbEntity
  8
0
100
AcDbCircle
 10
483.2341349655498
 20
724.0590097229846
 30
0.0
 40
3.0
  0
CIRCLE
  5
CAA
330
17
100
AcDbEntity
  8
0
100
AcDbCircle
 10
30.43302630898212
 20
384.81170849719445
 30
0.0
 40
3.0
  0
CIRCLE
  5
CAB
330
17
100
AcDbEntity
  8
0
100
AcDbCircle
 10
628.244517195853
 20
993.2184693623155
 30
0.0
 40
3.0
  0
CIRCLE
  5
CAC
330
17
100
AcDbEntity
  8
0
100
AcDbCircle
 10
772.1176819540517
 20
780.7196516491178
 30
0.0
 40
3.0
  0
CIRCLE
  5
CAD
330
17
100
AcDbEntity
  8
0
100
AcDbCircle
 10
776.5036013219589
 20
166.2837289285645
 30
0.0
 40
3.0
  0
CIRCLE
  5
CAE
330
17
100
AcDbEntity
  8
0
100
AcDbCircle
 10
5.300361977994685
 20
371.3353729081557
 30
0.0
 40
3.0
  0
CIRCLE
  5
CAF
330
17
100
AcDbEntity
  8
0
100
AcDbCircle
 10
264.0429194342767
 20
480.2986166282928
 30
0.0
 40
3.0
  0
CIRCLE
  5
CB0
330
17
100
AcDbEntity
  8
0
100
AcDbCircle
 10
463.54609805296855
 20
965.4873148413029
 30
0.0
 40
3.0
  0
CIRCLE
  5
CB1
330
17
100
AcDbEntity
  8
0
100
AcDbCircle
 10
354.65010060187217
 20
666.752368021032
 30
0.0
 40
3.0
  0
CIRCLE
  5
CB2
330
17
100
AcDbEntity
  8
0
100
AcDbCircle
 10
370.1152431268312
 20
831.755361721071
 30
0.0
 40
3.0
  0
CIRCLE
  5
CB3
330
17
100
AcDbEntity
  8
0
100
AcDbCircle
 10
431.4297822920036
 20
691.1160168352862
 30
0.0
 40
3.0
  0
CIRCLE
  5
CB4
330
17
100
AcDbEntity
  8
0
100
AcDbCircle
 10
417.6638123675744
 20
586.3467736165115
 30
0.0
 40
3.0
  0
CIRCLE
  5
CB5
330
17
100
AcDbEntity
  8
0
100
AcDbCircle
 10
320.932778605201
 20
529.5263959038766
 30
0.0
 40
3.0
  0
CIRCLE
  5
CB6
330
17
100
AcDbEntity
  8
0
100
AcDbCircle
 10
492.69312457831853
 20
763.9631776623286
 30
0.0
 40
3.0
  0
CIRCLE
  5
CB7
330
17
100
AcDbEntity
  8
0
100
AcDbCircle
 10
965.5685332454634
 20
479.08852429487274
 30
0.0
 40
3.0
  0
CIRCLE
  5
CB8
330
17
100
AcDbEntity
  8
0
100
AcDbCircle
 10
463.0109725803345
 20
32.367487374373084
 30
0.0
 40
3.0
  0
CIRCLE
  5
CB9
330
17
100
AcDbEntity
  8
0
100
AcDbCircle
 10
185.599373993362
 20
212.39540778502595
 30
0.0
 40
3.0
  0
CIRCLE
  5
CBA
330
17
100
AcDbEntity
  8
0
100
AcDbCircle
 10
205.12672007483997
 20
993.407012278149
 30
0.0
 40
3.0
  0
CIRCLE
  5
CBB
330
17
100
AcDbEntity
  8
0
100
AcDbCircle
 10
975.1447306204935
 20
283.0703209890983
 30
0.0
 40
3.0
  0
CIRCLE
  5
CBC
330
17
100
AcDbEntity
  8
0
100
AcDbCircle
 10
480.762371243494
 20
609.9605816515765
 30
0.0
 40
3.0
  0
CIRCLE
  5
CBD
330
17
100
AcDbEntity
  8
0
100
AcDbCircle
 10
156.7067209525012
 20
93.75635861987061
 30
0.0
 40
3.0
  0
CIRCLE
  5
CBE
330
17
100
AcDbEntity
  8
0
100
AcDbCircle
 10
145.7553844984684
 20
347.7362166093686
 30
0.0
 40
3.0
  0
CIRCLE
  5
CBF
330
17
100
AcDbEntity
  8
0
100
AcDbCircle
 10
114.83828099907129
 20
942.0538441508489
 30
0.0
 40
3.0
  0
CIRCLE
  5
CC0
330
17
100
AcDbEntity
  8
0
100
AcDbCircle
 10
893.7792837983208
 20
300.2688323382817
 30
0.0
 40
3.0
  0
CIRCLE
  5
CC1
330
17
100
AcDbEntity
  8
0
100
AcDbCircle
 10
973.7338250804534
 20
833.1898718488488
 30
0.0
 40
3.0
  0
CIRCLE
  5
CC2
330
17
100
AcDbEntity
  8
0
100
AcDbCircle
 10
51.59786835693627
 20
944.2327382356008
 30
0.0
 40
3.0
  0
CIRCLE
  5
CC3
330
17
100
AcDbEntity
  8
0
100
AcDbCircle
 10
563.5883819303373
 20
81.33921086097436
 30
0.0
 40
3.0
  0
CIRCLE
  5
CC4
330
17
100
AcDbEntity
  8
0
100
AcDbCircle
 10
961.811273468392
 20
648.4217125659017
 30
0.0
 40
3.0
  0
CIRCLE
  5
CC5
330
17
100
AcDbEntity
  8
0
100
AcDbCircle
 10
973.9381073944954
 20
335.5786783659575
 30
0.0
 40
3.0
  0
CIRCLE
  5
CC6
330
17
100
AcDbEntity
  8
0
100
AcDbCircle
 10
433.7108983384186
 20
22.7033679039439
 30
0.0
 40
3.0
  0
CIRCLE
  5
CC7
330
17
100
AcDbEntity
  8
0
100
AcDbCircle
 10
214.60458369194825
 20
206.0289235580979
 30
0.0
 40
3.0
  0
CIRCLE
  5
CC8
330
17
100
AcDbEntity
  8
0
100
AcDbCircle
 10
755.9852310585663
 20
145.5560747808265
 30
0.0
 40
3.0
  0
CIRCLE
  5
CC9
330
17
100
AcDbEntity
  8
0
100
AcDbCircle
 10
802.7036155479635
 20
765.29018311557
 30
0.0
 40
3.0
  0
CIRCLE
  5
CCA
330
17
100
AcDbEntity
  8
0
100
AcDbCircle
 10
882.5888128478842
 20
547.3123622965371
 30
0.0
 40
3.0
  0
CIRCLE
  5
CCB
330
17
100
AcDbEntity
  8
0
100
AcDbCircle
 10
69.54313296057875
 20
445.64444344509593
 30
0.0
 40
3.0
  0
CIRCLE
  5
CCC
330
17
100
AcDbEntity
  8
0
100
AcDbCircle
 10
39.17018500520172
 20
742.3337270363787
 30
0.0
 40
3.0
  0
CIRCLE
  5
CCD
330
17
100
AcDbEntity
  8
0
100
AcDbCircle
 10
344.37882538995757
 20
985.5848999372527
 30
0.0
 40
3.0
  0
CIRCLE
  5
CCE
330
17
100
AcDbEntity
  8
0
100
AcDbCircle
 10
149.48314569355
 20
509.7431717470885
 30
0.0
 40
3.0
  0
CIRCLE
  5
CCF
330
17
100
AcDbEntity
  8
0
100
AcDbCircle
 10
727.4014924418397
 20
994.551244522962
 30
0.0
 40
3.0
  0
CIRCLE
  5
CD0
330
17
100
AcDbEntity
  8
0
100
AcDbCircle
 10
155.06147825965317
 20
704.3233011403695
 30
0.0
 40
3.0
  0
CIRCLE
  5
CD1
330
17
100
AcDbEntity
  8
0
100
AcDbCircle
 10
991.4128182575416
 20
880.0395774761713
 30
0.0
 40
3.0
  0
CIRCLE
  5
CD2
330
17
100
AcDbEntity
  8
0
100
AcDbCircle
 10
594.7295343197627
 20
288.172293358973
 30
0.0
 40
3.0
  0
CIRCLE
  5
CD3
330
17
100
AcDbEntity
  8
0
100
AcDbCircle
 10
968.2941549522823
 20
363.3343322111037
 30
0.0
 40
3.0
  0
CIRCLE
  5
CD4
330
17
100
AcDbEntity
  8
0
100
AcDbCircle
 10
149.73409995163087
 20
239.28651715357034
 30
0.0
 40
3.0
  0
CIRCLE
  5
CD5
330
17
100
AcDbEntity
  8
0
100
AcDbCircle
 10
509.6963291224913
 20
12.243057682516138
 30
0.0
 40
3.0
  0
CIRCLE
  5
CD6
330
17
100
AcDbEntity
  8
0
100
AcDbCircle
 10
868.1020402388032
 20
103.46930378520557
 30
0.0
 40
3.0
  0
CIRCLE
  5
CD7
330
17
100
AcDbEntity
  8
0
100
AcDbCircle
 10
794.88520535952
 20
229.84216790128113
 30
0.0
 40
3.0
  0
CIRCLE
  5
CD8
330
17
100
AcDbEntity
  8
0
100
AcDbCircle
 10
873.3735787127949
 20
177.91931148071197
 30
0.0
 40
3.0
  0
CIRCLE
  5
CD9
330
17
100
AcDbEntity
  8
0
100
AcDbCircle
 10
666.2870923804978
 20
302.96528231394626
 30
0.0
 40
3.0
  0
CIRCLE
  5
CDA
330
17
100
AcDbEntity
  8
0
100
AcDbCircle
 10
914.0364025830859
 20
988.9778060795626
 30
0.0
 40
3.0
  0
CIRCLE
  5
CDB
330
17
100
AcDbEntity
  8
0
100
AcDbCircle
 10
34.759204117055624
 20
117.99885969097585
 30
0.0
 40
3.0
  0
CIRCLE
  5
CDC
330
17
100
AcDbEntity
  8
0
100
AcDbCircle
 10
752.0292992238745
 20
496.84000912298666
 30
0.0
 40
3.0
  0
CIRCLE
  5
CDD
330
17
100
AcDbEntity
  8
0
100
AcDbCircle
 10
74.41358523993114
 20
434.18943776800353
 30
0.0
 40
3.0
  0
CIRCLE
  5
CDE
330
17
100
AcDbEntity
  8
0
100
AcDbCircle
 10
401.3240872756689
 20
4.7511412052888184
 30
0.0
 40
3.0
  0
CIRCLE
  5
CDF
330
17
100
AcDbEntity
  8
0
100
AcDbCircle
 10
147.8210533066358
 20
769.5069632408372
 30
0.0
 40
3.0
  0
CIRCLE
  5
CE0
330
17
100
AcDbEntity
  8
0
100
AcDbCircle
 10
54.09402999344681
 20
650.8400984870481
 30
0.0
 40
3.0
  0
CIRCLE
  5
CE1
330
17
100
AcDbEntity
  8
0
100
AcDbCircle
 10
78.7318668200392
 20
732.0977860962099
 30
0.0
 40
3.0
  0
CIRCLE
  5
CE2
330
17
100
AcDbEntity
  8
0
100
AcDbCircle
 10
466.9201809043572
 20
996.7661433288918
 30
0.0
 40
3.0
  0
CIRCLE
  5
CE3
330
17
100
AcDbEntity
  8
0
100
AcDbCircle
 10
427.40414399413334
 20
961.8380728352223
 30
0.0
 40
3.0
  0
CIRCLE
  5
CE4
330
17
100
AcDbEntity
  8
0
100
AcDbCircle
 10
112.45401837130044
 20
60.19635175007074
 30
0.0
 40
3.0
  0
CIRCLE
  5
CE5
330
17
100
AcDbEntity
  8
0
100
AcDbCircle
 10
165.68303400511883
 20
673.8742447808613
 30
0.0
 40
3.0
  0
CIRCLE
  5
CE6
330
17
100
AcDbEntity
  8
0
100
AcDbCircle
 10
669.1737131870652
 20
699.0064559196077
 30
0.0
 40
3.0
  0
CIRCLE
  5
CE7
330
17
100
AcDbEntity
  8
0
100
AcDbCircle
 10
355.5930938413239
 20
612.63922256474
 30
0.0
 40
3.0
  0
CIRCLE
  5
CE8
330
17
100
AcDbEntity
  8
0
100
AcDbCircle
 10
256.64248342957194
 20
199.8519077635297
 30
0.0
 40
3.0
  0
CIRCLE
  5
CE9
330
17
100
AcDbEntity
  8
0
100
AcDbCircle
 10
457.161271608668
 20
136.67365758704597
 30
0.0
 40
3.0
  0
CIRCLE
  5
CEA
330
17
100
AcDbEntity
  8
0
100
AcDbCircle
 10
780.281530942798
 20
632.0577067617893
 30
0.0
 40
3.0
  0
CIRCLE
  5
CEB
330
17
100
AcDbEntity
  8
0
100
AcDbCircle
 10
489.5218035566438
 20
390.7182976311147
 30
0.0
 40
3.0
  0
CIRCLE
  5
CEC
330
17
100
AcDbEntity
  8
0
100
AcDbCircle
 10
995.0967544101798
 20
744.1332681956532
 30
0.0
 40
3.0
  0
CIRCLE
  5
CED
330
17
100
AcDbEntity
  8
0
100
AcDbCircle
 10
627.5669256583317
 20
900.012413140279
 30
0.0
 40
3.0
  0
CIRCLE
  5
CEE
330
17
100
AcDbEntity
  8
0
100
AcDbCircle
 10
821.3510270848388
 20
394.5026637134282
 30
0.0
 40
3.0
  0
CIRCLE
  5
CEF
330
17
100
AcDbEntity
  8
0
100
AcDbCircle
 10
308.05705628126015
 20
937.8958139323686
 30
0.0
 40
3.0
  0
CIRCLE
  5
CF0
330
17
100
AcDbEntity
  8
0
100
AcDbCircle
 10
715.0067186085511
 20
69.62171491139479
 30
0.0
 40
3.0
  0
CIRCLE
  5
CF1
330
17
100
AcDbEntity
  8
0
100
AcDbCircle
 10
985.6620413846522
 20
65.7452480117729
 30
0.0
 40
3.0
  0
CIRCLE
  5
CF2
330
17
100
AcDbEntity
  8
0
100
AcDbCircle
 10
779.7370174603014
 20
484.86096161291437
 30
0.0
 40
3.0
  0
CIRCLE
  5
CF3
330
17
100
AcDbEntity
  8
0
100
AcDbCircle
 10
856.9416331880982
 20
170.06213944554423
 30
0.0
 40
3.0
  0
CIRCLE
  5
CF4
330
17
100
AcDbEntity
  8
0
100
AcDbCircle
 10
468.61665030407596
 20
111.19592360859633
 30
0.0
 40
3.0
  0
CIRCLE
  5
CF5
330
17
100
AcDbEntity
  8
0
100
AcDbCircle
 10
637.8357012292997
 20
38.126924261717164
 30
0.0
 40
3.0
  0
CIRCLE
  5
CF6
330
17
100
AcDbEntity
  8
0
100
AcDbCircle
 10
9.727486619262017
 20
366.61109038542025
 30
0.0
 40
3.0
  0
CIRCLE
  5
CF7
330
17
100
AcDbEntity
  8
0
100
AcDbCircle
 10
228.2544965480796
 20
265.3504925360444
 30
0.0
 40
3.0
  0
CIRCLE
  5
CF8
330
17
100
AcDbEntity
  8
0
100
AcDbCircle
 10
892.1104654336948
 20
995.6460211084035
 30
0.0
 40
3.0
  0
CIRCLE
  5
CF9
330
17
100
AcDbEntity
  8
0
100
AcDbCircle
 10
865.1104523461632
 20
478.9483571736014
 30
0.0
 40
3.0
  0
CIRCLE
  5
CFA
330
17
100
AcDbEntity
  8
0
100
AcDbCircle
 10
110.46118493233222
 20
743.2239751530385
 30
0.0
 40
3.0
  0
CIRCLE
  5
CFB
330
17
100
AcDbEntity
  8
0
100
AcDbCircle
 10
493.0192155764079
 20
739.6733104076822
 30
0.0
 40
3.0
  0
CIRCLE
  5
CFC
330
17
100
AcDbEntity
  8
0
100
AcDbCircle
 10
370.3873642732586
 20
100.17424928035302
 30
0.0
 40
3.0
  0
CIRCLE
  5
CFD
330
17
100
AcDbEntity
  8
0
100
AcDbCircle
 10
62.33525893427539
 20
113.05199344285893
 30
0.0
 40
3.0
  0
CIRCLE
  5
CFE
330
17
100
AcDbEntity
  8
0
100
AcDbCircle
 10
891.7492766806854
 20
260.8837761687267
 30
0.0
 40
3.0
  0
CIRCLE
  5
CFF
330
17
100
AcDbEntity
  8
0
100
AcDbCircle
 10
57.35247768910764
 20
316.6083280482971
 30
0.0
 40
3.0
  0
CIRCLE
  5
D00
330
17
100
AcDbEntity
  8
0
100
AcDbCircle
 10
412.7712333576508
 20
684.001644233049
 30
0.0
 40
3.0
  0
CIRCLE
  5
D01
330
17
100
AcDbEntity
  8
0
100
AcDbCircle
 10
694.0031308277119
 20
490.76195254963216
 30
0.0
 40
3.0
  0
CIRCLE
  5
D02
330
17
100
AcDbEntity
  8
0
100
AcDbCircle
 10
304.9911243102946
 20
896.3934883996893
 30
0.0
 40
3.0
  0
CIRCLE
  5
D03
330
17
100
AcDbEntity
  8
0
100
AcDbCircle
 10
990.3070249486358
 20
891.6631687495253
 30
0.0
 40
3.0
  0
CIRCLE
  5
D04
330
17
100
AcDbEntity
  8
0
100
AcDbCircle
 10
803.5712766199049
 20
923.6620163274105
 30
0.0
 40
3.0
  0
CIRCLE
  5
D05
330
17
100
AcDbEntity
  8
0
100
AcDbCircle
 10
793.7668761342314
 20
261.92119888414555
 30
0.0
 40
3.0
  0
CIRCLE
  5
D06
330
17
100
AcDbEntity
  8
0
100
AcDbCircle
 10
170.70368615345663
 20
458.1950998354266
 30
0.0
 40
3.0
  0
CIRCLE
  5
D07
330
17
100
AcDbEntity
  8
0
100
AcDbCircle
 10
210.57016671944746
 20
553.5749593441284
 30
0.0
 40
3.0
  0
CIRCLE
  5
D08
330
17
100
AcDbEntity
  8
0
100
AcDbCircle
 10
392.0323229970464
 20
372.65920324006237
 30
0.0
 40
3.0
  0
CIRCLE
  5
D09
330
17
100
AcDbEntity
  8
0
100
AcDbCircle
 10
695.6907067449326
 20
298.1678398331836
 30
0.0
 40
3.0
  0
CIRCLE
  5
D0A
330
17
100
AcDbEntity
  8
0
100
AcDbCircle
 10
771.0536953390401
 20
53.040609739961866
 30
0.0
 40
3.0
  0
CIRCLE
  5
D0B
330
17
100
AcDbEntity
  8
0
100
AcDbCircle
 10
967.0984824511544
 20
681.7025130017331
 30
0.0
 40
3.0
  0
CIRCLE
  5
D0C
330
17
100
AcDbEntity
  8
0
100
AcDbCircle
 10
255.61932562847986
 20
779.5009576036929
 30
0.0
 40
3.0
  0
CIRCLE
  5
D0D
330
17
100
AcDbEntity
  8
0
100
AcDbCircle
 10
137.17864909245588
 20
723.9507801926073
 30
0.0
 40
3.0
  0
CIRCLE
  5
D0E
330
17
100
AcDbEntity
  8
0
100
AcDbCircle
 10
618.6521740777504
 20
155.42727740723896
 30
0.0
 40
3.0
  0
CIRCLE
  5
D0F
330
17
100
AcDbEntity
  8
0
100
AcDbCircle
 10
984.6384799799737
 20
84.76803008698636
 30
0.0
 40
3.0
  0
CIRCLE
  5
D10
330
17
100
AcDbEntity
  8
0
100
AcDbCircle
 10
996.2488529382455
 20
871.610931276009
 30
0.0
 40
3.0
  0
CIRCLE
  5
D11
330
17
100
AcDbEntity
  8
0
100
AcDbCircle
 10
200.40034587687936
 20
920.2715879590419
 30
0.0
 40
3.0
  0
CIRCLE
  5
D12
330
17
100
AcDbEntity
  8
0
100
AcDbCircle
 10
835.5319517339192
 20
824.8642654031216
 30
0.0
 40
3.0
  0
CIRCLE
  5
D13
330
17
100
AcDbEntity
  8
0
100
AcDbCircle
 10
3.348437781526232
 20
421.0459434148713
 30
0.0
 40
3.0
  0
CIRCLE
  5
D14
330
17
100
AcDbEntity
  8
0
100
AcDbCircle
 10
667.819756727102
 20
288.3498733691933
 30
0.0
 40
3.0
  0
CIRCLE
  5
D15
330
17
100
AcDbEntity
  8
0
100
AcDbCircle
 10
293.58692492045077
 20
875.9721299290965
 30
0.0
 40
3.0
  0
CIRCLE
  5
D16
330
17
100
AcDbEntity
  8
0
100
AcDbCircle
 10
993.0738638350344
 20
787.7511757919676
 30
0.0
 40
3.0
  0
CIRCLE
  5
D17
330
17
100
AcDbEntity
  8
0
100
AcDbCircle
 10
627.7379217742547
 20
151.96917599252922
 30
0.0
 40
3.0
  0
CIRCLE
  5
D18
330
17
100
AcDbEntity
  8
0
100
AcDbCircle
 10
506.7656809119327
 20
258.452658887862
 30
0.0
 40
3.0
  0
CIRCLE
  5
D19
330
17
100
AcDbEntity
  8
0
100
AcDbCircle
 10
104.50112408928601
 20
917.3113474953947
 30
0.0
 40
3.0
  0
CIRCLE
  5
D1A
330
17
100
AcDbEntity
  8
0
100
AcDbCircle
 10
891.9667109313564
 20
487.26820492005385
 30
0.0
 40
3.0
  0
CIRCLE
  5
D1B
330
17
100
AcDbEntity
  8
0
100
AcDbCircle
 10
693.2335378458496
 20
311.5313149806887
 30
0.0
 40
3.0
  0
CIRCLE
  5
D1C
330
17
100
AcDbEntity
  8
0
100
AcDbCircle
 10
766.6970777358415
 20
3.6891593209839533
 30
0.0
 40
3.0
  0
CIRCLE
  5
D1D
330
17
100
AcDbEntity
  8
0
100
AcDbCircle
 10
603.2057943577776
 20
454.1531559828386
 30
0.0
 40
3.0
  0
CIRCLE
  5
D1E
330
17
100
AcDbEntity
  8
0
100
AcDbCircle
 10
372.26195853138296
 20
288.8138724643394
 30
0.0
 40
3.0
  0
CIRCLE
  5
D1F
330
17
100
AcDbEntity
  8
0
100
AcDbCircle
 10
3.226682976429804
 20
300.3432672925066
 30
0.0
 40
3.0
  0
CIRCLE
  5
D20
330
17
100
AcDbEntity
  8
0
100
AcDbCircle
 10
515.4149017568348
 20
92.83143051787258
 30
0.0
 40
3.0
  0
CIRCLE
  5
D21
330
17
100
AcDbEntity
  8
0
100
AcDbCircle
 10
6.581073510012825
 20
587.4270979760316
 30
0.0
 40
3.0
  0
CIRCLE
  5
D22
330
17
100
AcDbEntity
  8
0
100
AcDbCircle
 10
731.5036192730521
 20
133.39520817699344
 30
0.0
 40
3.0
  0
CIRCLE
  5
D23
330
17
100
AcDbEntity
  8
0
100
AcDbCircle
 10
955.1954855838765
 20
780.369483696796
 30
0.0
 40
3.0
  0
CIRCLE
  5
D24
330
17
100
AcDbEntity
  8
0
100
AcDbCircle
 10
83.43495245116793
 20
961.7773192837354
 30
0.0
 40
3.0
  0
CIRCLE
  5
D25
330
17
100
AcDbEntity
  8
0
100
AcDbCircle
 10
707.501091719754
 20
591.6050567724812
 30
0.0
 40
3.0
  0
CIRCLE
  5
D26
330
17
100
AcDbEntity
  8
0
100
AcDbCircle
 10
406.6902219632844
 20
154.20664048915415
 30
0.0
 40
3.0
  0
CIRCLE
  5
D27
330
17
100
AcDbEntity
  8
0
100
AcDbCircle
 10
707.8342164686135
 20
795.930852890316
 30
0.0
 40
3.0
  0
CIRCLE
  5
D28
330
17
100
AcDbEntity
  8
0
100
AcDbCircle
 10
603.7989365169974
 20
3.2561215194741315
 30
0.0
 40
3.0
  0
CIRCLE
  5
D29
330
17
100
AcDbEntity
  8
0
100
AcDbCircle
 10
283.7398765332252
 20
918.0736741373809
 30
0.0
 40
3.0
  0
CIRCLE
  5
D2A
330
17
100
AcDbEntity
  8
0
100
AcDbCircle
 10
936.0282595918652
 20
121.36979793638136
 30
0.0
 40
3.0
  0
CIRCLE
  5
D2B
330
17
100
AcDbEntity
  8
0
100
AcDbCircle
 10
292.1355229708557
 20
945.7733795292908
 30
0.0
 40
3.0
  0
CIRCLE
  5
D2C
330
17
100
AcDbEntity
  8
0
100
AcDbCircle
 10
400.96512580581503
 20
268.4638454516244
 30
0.0
 40
3.0
  0
CIRCLE
  5
D2D
330
17
100
AcDbEntity
  8
0
100
AcDbCircle
 10
486.67041720316047
 20
45.75707247779346
 30
0.0
 40
3.0
  0
CIRCLE
  5
D2E
330
17
100
AcDbEntity
  8
0
100
AcDbCircle
 10
137.4147079437638
 20
245.981679714868
 30
0.0
 40
3.0
  0
CIRCLE
  5
D2F
330
17
100
AcDbEntity
  8
0
100
AcDbCircle
 10
5.895496910115801
 20
563.9090836180169
 30
0.0
 40
3.0
  0
CIRCLE
  5
D30
330
17
100
AcDbEntity
  8
0
100
AcDbCircle
 10
291.9307045575631
 20
534.2401167021791
 30
0.0
 40
3.0
  0
CIRCLE
  5
D31
330
17
100
AcDbEntity
  8
0
100
AcDbCircle
 10
810.4551470279888
 20
466.11582377512167
 30
0.0
 40
3.0
  0
CIRCLE
  5
D32
330
17
100
AcDbEntity
  8
0
100
AcDbCircle
 10
653.8798491918072
 20
468.38225194423836
 30
0.0
 40
3.0
  0
CIRCLE
  5
D33
330
17
100
AcDbEntity
  8
0
100
AcDbCircle
 10
688.4110680776827
 20
541.4513779142407
 30
0.0
 40
3.0
  0
CIRCLE
  5
D34
330
17
100
AcDbEntity
  8
0
100
AcDbCircle
 10
14.024657701011993
 20
407.14279366426933
 30
0.0
 40
3.0
  0
CIRCLE
  5
D35
330
17
100
AcDbEntity
  8
0
100
AcDbCircle
 10
36.323535448759856
 20
50.622343920370604
 30
0.0
 40
3.0
  0
CIRCLE
  5
D36
330
17
100
AcDbEntity
  8
0
100
AcDbCircle
 10
992.0542772835362
 20
949.1119761206317
 30
0.0
 40
3.0
  0
CIRCLE
  5
D37
330
17
100
AcDbEntity
  8
0
100
AcDbCircle
 10
446.17329143133054
 20
749.2573939021297
 30
0.0
 40
3.0
  0
CIRCLE
  5
D38
330
17
100
AcDbEntity
  8
0
100
AcDbCircle
 10
946.4111551867715
 20
234.02877803753708
 30
0.0
 40
3.0
  0
CIRCLE
  5
D39
330
17
100
AcDbEntity
  8
0
100
AcDbCircle
 10
355.54824237998105
 20
365.4320639503982
 30
0.0
 40
3.0
  0
CIRCLE
  5
D3A
330
17
100
AcDbEntity
  8
0
100
AcDbCircle
 10
556.4705240409023
 20
415.9726664648143
 30
0.0
 40
3.0
  0
CIRCLE
  5
D3B
330
17
100
AcDbEntity
  8
0
100
AcDbCircle
 10
157.45069145676428
 20
996.243242257609
 30
0.0
 40
3.0
  0
CIRCLE
  5
D3C
330
17
100
AcDbEntity
  8
0
100
AcDbCircle
 10
411.6649371846355
 20
728.0463767733426
 30
0.0
 40
3.0
  0
CIRCLE
  5
D3D
330
17
100
AcDbEntity
  8
0
100
AcDbCircle
 10
995.749487893873
 20
279.90120738527827
 30
0.0
 40
3.0
  0
CIRCLE
  5
D3E
330
17
100
AcDbEntity
  8
0
100
AcDbCircle
 10
66.33491978777926
 20
456.7215865007225
 30
0.0
 40
3.0
  0
CIRCLE
  5
D3F
330
17
100
AcDbEntity
  8
0
100
AcDbCircle
 10
327.7261910272972
 20
47.102837327594486
 30
0.0
 40
3.0
  0
CIRCLE
  5
D40
330
17
100
AcDbEntity
  8
0
100
AcDbCircle
 10
951.7225785925364
 20
127.32287068257735
 30
0.0
 40
3.0
  0
CIRCLE
  5
D41
330
17
100
AcDbEntity
  8
0
100
AcDbCircle
 10
682.9867944451272
 20
174.27506610896432
 30
0.0
 40
3.0
  0
CIRCLE
  5
D42
330
17
100
AcDbEntity
  8
0
100
AcDbCircle
 10
406.05923626168806
 20
378.4345361067502
 30
0.0
 40
3.0
  0
CIRCLE
  5
D43
330
17
100
AcDbEntity
  8
0
100
AcDbCircle
 10
993.4580836764756
 20
471.16860718033007
 30
0.0
 40
3.0
  0
CIRCLE
  5
D44
330
17
100
AcDbEntity
  8
0
100
AcDbCircle
 10
605.9161583991377
 20
609.849148250149
 30
0.0
 40
3.0
  0
CIRCLE
  5
D45
330
17
100
AcDbEntity
  8
0
100
AcDbCircle
 10
278.7412036015732
 20
443.82507410668376
 30
0.0
 40
3.0
  0
CIRCLE
  5
D46
330
17
100
AcDbEntity
  8
0
100
AcDbCircle
 10
167.89077910459983
 20
42.357000941335265
 30
0.0
 40
3.0
  0
CIRCLE
  5
D47
330
17
100
AcDbEntity
  8
0
100
AcDbCircle
 10
124.42263944660598
 20
900.9400686698328
 30
0.0
 40
3.0
  0
CIRCLE
  5
D48
330
17
100
AcDbEntity
  8
0
100
AcDbCircle
 10
935.058353082018
 20
598.559026504759
 30
0.0
 40
3.0
  0
CIRCLE
  5
D49
330
17
100
AcDbEntity
  8
0
100
AcDbCircle
 10
292.92779061929264
 20
990.5263800490889
 30
0.0
 40
3.0
  0
CIRCLE
  5
D4A
330
17
100
AcDbEntity
  8
0
100
AcDbCircle
 10
190.11772824123986
 20
855.158702280351
 30
0.0
 40
3.0
  0
CIRCLE
  5
D4B
330
17
100
AcDbEntity
  8
0
100
AcDbCircle
 10
963.8539765848037
 20
791.6088643355998
 30
0.0
 40
3.0
  0
CIRCLE
  5
D4C
330
17
100
AcDbEntity
  8
0
100
AcDbCircle
 10
362.22617740931645
 20
723.9209066819295
 30
0.0
 40
3.0
  0
CIRCLE
  5
D4D
330
17
100
AcDbEntity
  8
0
100
AcDbCircle
 10
159.99534488961365
 20
987.6807540238162
 30
0.0
 40
3.0
  0
CIRCLE
  5
D4E
330
17
100
AcDbEntity
  8
0
100
AcDbCircle
 10
95.77233305192843
 20
145.55231144845567
 30
0.0
 40
3.0
  0
CIRCLE
  5
D4F
330
17
100
AcDbEntity
  8
0
100
AcDbCircle
 10
969.7576577855582
 20
674.6485318918544
 30
0.0
 40
3.0
  0
CIRCLE
  5
D50
330
17
100
AcDbEntity
  8
0
100
AcDbCircle
 10
274.4321846052858
 20
605.7979531396386
 30
0.0
 40
3.0
  0
CIRCLE
  5
D51
330
17
100
AcDbEntity
  8
0
100
AcDbCircle
 10
671.0641852636372
 20
577.8214289314952
 30
0.0
 40
3.0
  0
CIRCLE
  5
D52
330
17
100
AcDbEntity
  8
0
100
AcDbCircle
 10
3.1607510610593668
 20
483.11838821901864
 30
0.0
 40
3.0
  0
CIRCLE
  5
D53
330
17
100
AcDbEntity
  8
0
100
AcDbCircle
 10
745.4589290121135
 20
76.69421573799981
 30
0.0
 40
3.0
  0
CIRCLE
  5
D54
330
17
100
AcDbEntity
  8
0
100
AcDbCircle
 10
995.516398751856
 20
929.7685580189158
 30
0.0
 40
3.0
  0
CIRCLE
  5
D55
330
17
100
AcDbEntity
  8
0
100
AcDbCircle
 10
68.46546508234265
 20
849.2744001757833
 30
0.0
 40
3.0
  0
CIRCLE
  5
D56
330
17
100
AcDbEntity
  8
0
100
AcDbCircle
 10
387.28599116852
 20
879.4578810114481
 30
0.0
 40
3.0
  0
CIRCLE
  5
D57
330
17
100
AcDbEntity
  8
0
100
AcDbCircle
 10
349.1910229014999
 20
973.8694782696456
 30
0.0
 40
3.0
  0
CIRCLE
  5
D58
330
17
100
AcDbEntity
  8
0
100
AcDbCircle
 10
816.7180551478159
 20
461.7394591398182
 30
0.0
 40
3.0
  0
CIRCLE
  5
D59
330
17
100
AcDbEntity
  8
0
100
AcDbCircle
 10
435.15728074838495
 20
987.062839127437
 30
0.0
 40
3.0
  0
CIRCLE
  5
D5A
330
17
100
AcDbEntity
  8
0
100
AcDbCircle
 10
142.08261609784887
 20
192.39427116695077
 30
0.0
 40
3.0
  0
CIRCLE
  5
D5B
330
17
100
AcDbEntity
  8
0
100
AcDbCircle
 10
444.2890602497261
 20
8.379405320104263
 30
0.0
 40
3.0
  0
CIRCLE
  5
D5C
330
17
100
AcDbEntity
  8
0
100
AcDbCircle
 10
860.5573510486923
 20
301.6540033315394
 30
0.0
 40
3.0
  0
CIRCLE
  5
D5D
330
17
100
AcDbEntity
  8
0
100
AcDbCircle
 10
246.94902417624843
 20
811.6805571871349
 30
0.0
 40
3.0
  0
CIRCLE
  5
D5E
330
17
100
AcDbEntity
  8
0
100
AcDbCircle
 10
609.146370993681
 20
274.9002661701042
 30
0.0
 40
3.0
  0
CIRCLE
  5
D5F
330
17
100
AcDbEntity
  8
0
100
AcDbCircle
 10
944.4094357285162
 20
129.38008058749148
 30
0.0
 40
3.0
  0
CIRCLE
  5
D60
330
17
100
AcDbEntity
  8
0
100
AcDbCircle
 10
742.1836054200658
 20
353.8895111276323
 30
0.0
 40
3.0
  0
CIRCLE
  5
D61
330
17
100
AcDbEntity
  8
0
100
AcDbCircle
 10
316.9271247965048
 20
960.1398516156981
 30
0.0
 40
3.0
  0
CIRCLE
  5
D62
330
17
100
AcDbEntity
  8
0
100
AcDbCircle
 10
700.8667487940403
 20
813.5888988173783
 30
0.0
 40
3.0
  0
CIRCLE
  5
D63
330
17
100
AcDbEntity
  8
0
100
AcDbCircle
 10
279.8725672302971
 20
971.3757577198819
 30
0.0
 40
3.0
  0
CIRCLE
  5
D64
330
17
100
AcDbEntity
  8
0
100
AcDbCircle
 10
745.8372329046659
 20
416.374529697817
 30
0.0
 40
3.0
  0
CIRCLE
  5
D65
330
17
100
AcDbEntity
  8
0
100
AcDbCircle
 10
178.93253656975725
 20
806.4955461283853
 30
0.0
 40
3.0
  0
CIRCLE
  5
D66
330
17
100
AcDbEntity
  8
0
100
AcDbCircle
 10
689.0913640006572
 20
715.1677369354411
 30
0.0
 40
3.0
  0
CIRCLE
  5
D67
330
17
100
AcDbEntity
  8
0
100
AcDbCircle
 10
211.38023326266492
 20
718.2118348132151
 30
0.0
 40
3.0
  0
CIRCLE
  5
D68
330
17
100
AcDbEntity
  8
0
100
AcDbCircle
 10
401.9950613010585
 20
722.7049123058957
 30
0.0
 40
3.0
  0
CIRCLE
  5
D69
330
17
100
AcDbEntity
  8
0
100
AcDbCircle
 10
245.85935483618243
 20
25.883200231716643
 30
0.0
 40
3.0
  0
CIRCLE
  5
D6A
330
17
100
AcDbEntity
  8
0
100
AcDbCircle
 10
945.9591581486177
 20
22.920419252009363
 30
0.0
 40
3.0
  0
CIRCLE
  5
D6B
330
17
100
AcDbEntity
  8
0
100
AcDbCircle
 10
952.9687597845214
 20
963.7585123136738
 30
0.0
 40
3.0
  0
CIRCLE
  5
D6C
330
17
100
AcDbEntity
  8
0
100
AcDbCircle
 10
711.7685127986704
 20
531.4850519618645
 30
0.0
 40
3.0
  0
CIRCLE
  5
D6D
330
17
100
AcDbEntity
  8
0
100
AcDbCircle
 10
176.8070214369754
 20
440.4018377384472
 30
0.0
 40
3.0
  0
CIRCLE
  5
D6E
330
17
100
AcDbEntity
  8
0
100
AcDbCircle
 10
179.4102508198875
 20
21.398808806595362
 30
0.0
 40
3.0
  0
CIRCLE
  5
D6F
330
17
100
AcDbEntity
  8
0
100
AcDbCircle
 10
440.1467009096527
 20
975.9848873040221
 30
0.0
 40
3.0
  0
CIRCLE
  5
D70
330
17
100
AcDbEntity
  8
0
100
AcDbCircle
 10
424.63925981589085
 20
177.3188845501721
 30
0.0
 40
3.0
  0
CIRCLE
  5
D71
330
17
100
AcDbEntity
  8
0
100
AcDbCircle
 10
26.527583088127724
 20
155.2953455291465
 30
0.0
 40
3.0
  0
CIRCLE
  5
D72
330
17
100
AcDbEntity
  8
0
100
AcDbCircle
 10
15.58511083333404
 20
812.0060959723227
 30
0.0
 40
3.0
  0
CIRCLE
  5
D73
330
17
100
AcDbEntity
  8
0
100
AcDbCircle
 10
774.8313776811707
 20
42.38666587188571
 30
0.0
 40
3.0
  0
CIRCLE
  5
D74
330
17
100
AcDbEntity
  8
0
100
AcDbCircle
 10
29.315717515325005
 20
459.33399351761966
 30
0.0
 40
3.0
  0
CIRCLE
  5
D75
330
17
100
AcDbEntity
  8
0
100
AcDbCircle
 10
119.31379626168207
 20
502.48928957087
 30
0.0
 40
3.0
  0
CIRCLE
  5
D76
330
17
100
AcDbEntity
  8
0
100
AcDbCircle
 10
328.60364946822534
 20
871.0176020345092
 30
0.0
 40
3.0
  0
CIRCLE
  5
D77
330
17
100
AcDbEntity
  8
0
100
AcDbCircle
 10
641.863465680389
 20
412.40161044290863
 30
0.0
 40
3.0
  0
CIRCLE
  5
D78
330
17
100
AcDbEntity
  8
0
100
AcDbCircle
 10
23.053005031765533
 20
333.2670834221229
 30
0.0
 40
3.0
  0
CIRCLE
  5
D79
330
17
100
AcDbEntity
  8
0
100
AcDbCircle
 10
918.7150720080326
 20
994.4444847994537
 30
0.0
 40
3.0
  0
CIRCLE
  5
D7A
330
17
100
AcDbEntity
  8
0
100
AcDbCircle
 10
996.1481197134719
 20
767.1436093659336
 30
0.0
 40
3.0
  0
CIRCLE
  5
D7B
330
17
100
AcDbEntity
  8
0
100
AcDbCircle
 10
344.5237894390669
 20
364.1986253278126
 30
0.0
 40
3.0
  0
CIRCLE
  5
D7C
330
17
100
AcDbEntity
  8
0
100
AcDbCircle
 10
807.3718354716115
 20
892.3943883096669
 30
0.0
 40
3.0
  0
CIRCLE
  5
D7D
330
17
100
AcDbEntity
  8
0
100
AcDbCircle
 10
721.5862870946808
 20
613.1891407701039
 30
0.0
 40
3.0
  0
CIRCLE
  5
D7E
330
17
100
AcDbEntity
  8
0
100
AcDbCircle
 10
236.31798355726332
 20
481.0195197442888
 30
0.0
 40
3.0
  0
CIRCLE
  5
D7F
330
17
100
AcDbEntity
  8
0
100
AcDbCircle
 10
891.7814774191627
 20
985.662198537859
 30
0.0
 40
3.0
  0
CIRCLE
  5
D80
330
17
100
AcDbEntity
  8
0
100
AcDbCircle
 10
392.31030596666477
 20
587.1637351778278
 30
0.0
 40
3.0
  0
CIRCLE
  5
D81
330
17
100
AcDbEntity
  8
0
100
AcDbCircle
 10
718.9843010225345
 20
950.7702507983232
 30
0.0
 40
3.0
  0
CIRCLE
  5
D82
330
17
100
AcDbEntity
  8
0
100
AcDbCircle
 10
108.30007175812193
 20
198.33546284487122
 30
0.0
 40
3.0
  0
CIRCLE
  5
D83
330
17
100
AcDbEntity
  8
0
100
AcDbCircle
 10
678.0568059601811
 20
550.8959111567914
 30
0.0
 40
3.0
  0
CIRCLE
  5
D84
330
17
100
AcDbEntity
  8
0
100
AcDbCircle
 10
575.9464471550493
 20
36.69561770237571
 30
0.0
 40
3.0
  0
CIRCLE
  5
D85
330
17
100
AcDbEntity
  8
0
100
AcDbCircle
 10
15.560500286631402
 20
753.027183040573
 30
0.0
 40
3.0
  0
CIRCLE
  5
D86
330
17
100
AcDbEntity
  8
0
100
AcDbCircle
 10
718.2938580794432
 20
939.8775408698026
 30
0.0
 40
3.0
  0
CIRCLE
  5
D87
330
17
100
AcDbEntity
  8
0
100
AcDbCircle
 10
464.75940015704236
 20
608.159089776864
 30
0.0
 40
3.0
  0
CIRCLE
  5
D88
330
17
100
AcDbEntity
  8
0
100
AcDbCircle
 10
757.4202298460792
 20
413.28769487930106
 30
0.0
 40
3.0
  0
CIRCLE
  5
D89
330
17
100
AcDbEntity
  8
0
100
AcDbCircle
 10
643.2439310038576
 20
678.9756849330099
 30
0.0
 40
3.0
  0
CIRCLE
  5
D8A
330
17
100
AcDbEntity
  8
0
100
AcDbCircle
 10
667.3353136255705
 20
742.7866281416098
 30
0.0
 40
3.0
  0
CIRCLE
  5
D8B
330
17
100
AcDbEntity
  8
0
100
AcDbCircle
 10
316.39735025153243
 20
254.2170789258871
 30
0.0
 40
3.0
  0
CIRCLE
  5
D8C
330
17
100
AcDbEntity
  8
0
100
AcDbCircle
 10
717.0821301592539
 20
153.0078644380888
 30
0.0
 40
3.0
  0
CIRCLE
  5
D8D
330
17
100
AcDbEntity
  8
0
100
AcDbCircle
 10
104.67355861489017
 20
23.783369160799268
 30
0.0
 40
3.0
  0
CIRCLE
  5
D8E
330
17
100
AcDbEntity
  8
0
100
AcDbCircle
 10
4.654481535260961
 20
398.89341442810996
 30
0.0
 40
3.0
  0
CIRCLE
  5
D8F
330
17
100
AcDbEntity
  8
0
100
AcDbCircle
 10
783.7604327902014
 20
460.7743583437597
 30
0.0
 40
3.0
  0
CIRCLE
  5
D90
330
17
100
AcDbEntity
  8
0
100
AcDbCircle
 10
360.33676867465687
 20
959.6403623720722
 30
0.0
 40
3.0
  0
CIRCLE
  5
D91
330
17
100
AcDbEntity
  8
0
100
AcDbCircle
 10
637.3903761688065
 20
578.8888513090418
 30
0.0
 40
3.0
  0
CIRCLE
  5
D92
330
17
100
AcDbEntity
  8
0
100
AcDbCircle
 10
697.3762692418413
 20
73.01073270997372
 30
0.0
 40
3.0
  0
CIRCLE
  5
D93
330
17
100
AcDbEntity
  8
0
100
AcDbCircle
 10
568.2639800276398
 20
666.1509445968866
 30
0.0
 40
3.0
  0
CIRCLE
  5
D94
330
17
100
AcDbEntity
  8
0
100
AcDbCircle
 10
166.12854168871647
 20
105.01900826277135
 30
0.0
 40
3.0
  0
CIRCLE
  5
D95
330
17
100
AcDbEntity
  8
0
100
AcDbCircle
 10
605.9251358637041
 20
642.5034670262561
 30
0.0
 40
3.0
  0
CIRCLE
  5
D96
330
17
100
AcDbEntity
  8
0
100
AcDbCircle
 10
353.0507917443375
 20
464.9875417014073
 30
0.0
 40
3.0
  0
CIRCLE
  5
D97
330
17
100
AcDbEntity
  8
0
100
AcDbCircle
 10
966.5756161153613
 20
995.0571224755828
 30
0.0
 40
3.0
  0
CIRCLE
  5
D98
330
17
100
AcDbEntity
  8
0
100
AcDbCircle
 10
669.0649686209808
 20
406.1151017698295
 30
0.0
 40
3.0
  0
CIRCLE
  5
D99
330
17
100
AcDbEntity
  8
0
100
AcDbCircle
 10
256.4791242289079
 20
691.5330891357031
 30
0.0
 40
3.0
  0
CIRCLE
  5
D9A
330
17
100
AcDbEntity
  8
0
100
AcDbCircle
 10
23.870873246519135
 20
352.9275120578638
 30
0.0
 40
3.0
  0
CIRCLE
  5
D9B
330
17
100
AcDbEntity
  8
0
100
AcDbCircle
 10
421.5096940786633
 20
573.1307053762789
 30
0.0
 40
3.0
  0
CIRCLE
  5
D9C
330
17
100
AcDbEntity
  8
0
100
AcDbCircle
 10
746.7632831362483
 20
380.4519174509713
 30
0.0
 40
3.0
  0
CIRCLE
  5
D9D
330
17
100
AcDbEntity
  8
0
100
AcDbCircle
 10
505.566791728967
 20
784.8046871115046
 30
0.0
 40
3.0
  0
CIRCLE
  5
D9E
330
17
100
AcDbEntity
  8
0
100
AcDbCircle
 10
809.3641731822344
 20
801.4841478224429
 30
0.0
 40
3.0
  0
CIRCLE
  5
D9F
330
17
100
AcDbEntity
  8
0
100
AcDbCircle
 10
400.61962518476344
 20
349.7156000109968
 30
0.0
 40
3.0
  0
CIRCLE
  5
DA0
330
17
100
AcDbEntity
  8
0
100
AcDbCircle
 10
976.3419600304601
 20
192.77137484939286
 30
0.0
 40
3.0
  0
CIRCLE
  5
DA1
330
17
100
AcDbEntity
  8
0
100
AcDbCircle
 10
508.6682482742156
 20
240.93748744749217
 30
0.0
 40
3.0
  0
CIRCLE
  5
DA2
330
17
100
AcDbEntity
  8
0
100
AcDbCircle
 10
279.23154922522605
 20
365.58093108221874
 30
0.0
 40
3.0
  0
CIRCLE
  5
DA3
330
17
100
AcDbEntity
  8
0
100
AcDbCircle
 10
184.72863441316156
 20
178.1089458583637
 30
0.0
 40
3.0
  0
CIRCLE
  5
DA4
330
17
100
AcDbEntity
  8
0
100
AcDbCircle
 10
421.50300112429716
 20
49.82384714703225
 30
0.0
 40
3.0
  0
CIRCLE
  5
DA5
330
17
100
AcDbEntity
  8
0
100
AcDbCircle
 10
570.1028541482397
 20
3.718584543288414
 30
0.0
 40
3.0
  0
CIRCLE
  5
DA6
330
17
100
AcDbEntity
  8
0
100
AcDbCircle
 10
336.4540245400293
 20
858.7312980646989
 30
0.0
 40
3.0
  0
CIRCLE
  5
DA7
330
17
100
AcDbEntity
  8
0
100
AcDbCircle
 10
482.1219882920169
 20
104.7245187244767
 30
0.0
 40
3.0
  0
CIRCLE
  5
DA8
330
17
100
AcDbEntity
  8
0
100
AcDbCircle
 10
94.64984736420338
 20
10.956704665933342
 30
0.0
 40
3.0
  0
CIRCLE
  5
DA9
330
17
100
AcDbEntity
  8
0
100
AcDbCircle
 10
659.5224099181104
 20
428.0122729687611
 30
0.0
 40
3.0
  0
CIRCLE
  5
DAA
330
17
100
AcDbEntity
  8
0
100
AcDbCircle
 10
15.453309571865645
 20
291.4879482361758
 30
0.0
 40
3.0
  0
CIRCLE
  5
DAB
330
17
100
AcDbEntity
  8
0
100
AcDbCircle
 10
951.4994306791074
 20
985.1013392911962
 30
0.0
 40
3.0
  0
CIRCLE
  5
DAC
330
17
100
AcDbEntity
  8
0
100
AcDbCircle
 10
315.1128224826112
 20
714.2953974037226
 30
0.0
 40
3.0
  0
CIRCLE
  5
DAD
330
17
100
AcDbEntity
  8
0
100
AcDbCircle
 10
885.276875595343
 20
965.2221282633667
 30
0.0
 40
3.0
  0
CIRCLE
  5
DAE
330
17
100
AcDbEntity
  8
0
100
AcDbCircle
 10
272.73405169924797
 20
888.2544135219646
 30
0.0
 40
3.0
  0
CIRCLE
  5
DAF
330
17
100
AcDbEntity
  8
0
100
AcDbCircle
 10
543.3780655627277
 20
405.744620278742
 30
0.0
 40
3.0
  0
CIRCLE
  5
DB0
330
17
100
AcDbEntity
  8
0
100
AcDbCircle
 10
909.3281343747276
 20
114.72280849012739
 30
0.0
 40
3.0
  0
CIRCLE
  5
DB1
330
17
100
AcDbEntity
  8
0
100
AcDbCircle
 10
588.3463533051628
 20
557.9930187435605
 30
0.0
 40
3.0
  0
CIRCLE
  5
DB2
330
17
100
AcDbEntity
  8
0
100
AcDbCircle
 10
750.6649109859195
 20
806.2792143681927
 30
0.0
 40
3.0
  0
CIRCLE
  5
DB3
330
17
100
AcDbEntity
  8
0
100
AcDbCircle
 10
315.6207007296568
 20
803.1870433248213
 30
0.0
 40
3.0
  0
CIRCLE
  5
DB4
330
17
100
AcDbEntity
  8
0
100
AcDbCircle
 10
196.61481494049676
 20
367.88642944624866
 30
0.0
 40
3.0
  0
CIRCLE
  5
DB5
330
17
100
AcDbEntity
  8
0
100
AcDbCircle
 10
798.0519164913671
 20
487.95768218077893
 30
0.0
 40
3.0
  0
CIRCLE
  5
DB6
330
17
100
AcDbEntity
  8
0
100
AcDbCircle
 10
33.652551944197995
 20
474.55210594708933
 30
0.0
 40
3.0
  0
CIRCLE
  5
DB7
330
17
100
AcDbEntity
  8
0
100
AcDbCircle
 10
899.3845018534931
 20
605.1450559622745
 30
0.0
 40
3.0
  0
CIRCLE
  5
DB8
330
17
100
AcDbEntity
  8
0
100
AcDbCircle
 10
546.175995979527
 20
310.4402735688511
 30
0.0
 40
3.0
  0
CIRCLE
  5
DB9
330
17
100
AcDbEntity
  8
0
100
AcDbCircle
 10
528.2099223965344
 20
912.2943549342607
 30
0.0
 40
3.0
  0
CIRCLE
  5
DBA
330
17
100
AcDbEntity
  8
0
100
AcDbCircle
 10
995.8017174048331
 20
481.12522537967243
 30
0.0
 40
3.0
  0
CIRCLE
  5
DBB
330
17
100
AcDbEntity
  8
0
100
AcDbCircle
 10
239.93863602546153
 20
995.873124028092
 30
0.0
 40
3.0
  0
CIRCLE
  5
DBC
330
17
100
AcDbEntity
  8
0
100
AcDbCircle
 10
773.3359872518215
 20
195.13653295203196
 30
0.0
 40
3.0
  0
CIRCLE
  5
DBD
330
17
100
AcDbEntity
  8
0
100
AcDbCircle
 10
751.4219431837608
 20
363.4088271548942
 30
0.0
 40
3.0
  0
CIRCLE
  5
DBE
330
17
100
AcDbEntity
  8
0
100
AcDbCircle
 10
154.45503827411665
 20
487.7817050037137
 30
0.0
 40
3.0
  0
CIRCLE
  5
DBF
330
17
100
AcDbEntity
  8
0
100
AcDbCircle
 10
871.8798732683053
 20
169.9262826756753
 30
0.0
 40
3.0
  0
CIRCLE
  5
DC0
330
17
100
AcDbEntity
  8
0
100
AcDbCircle
 10
836.566584037507
 20
787.114002945358
 30
0.0
 40
3.0
  0
CIRCLE
  5
DC1
330
17
100
AcDbEntity
  8
0
100
AcDbCircle
 10
424.354145060343
 20
532.2081003319288
 30
0.0
 40
3.0
  0
CIRCLE
  5
DC2
330
17
100
AcDbEntity
  8
0
100
AcDbCircle
 10
448.82803843038573
 20
569.5955088231321
 30
0.0
 40
3.0
  0
CIRCLE
  5
DC3
330
17
100
AcDbEntity
  8
0
100
AcDbCircle
 10
730.5540630622297
 20
380.96026544806705
 30
0.0
 40
3.0
  0
CIRCLE
  5
DC4
330
17
100
AcDbEntity
  8
0
100
AcDbCircle
 10
975.980952854531
 20
267.6757549253819
 30
0.0
 40
3.0
  0
CIRCLE
  5
DC5
330
17
100
AcDbEntity
  8
0
100
AcDbCircle
 10
825.1534458038448
 20
304.33062821056
 30
0.0
 40
3.0
  0
CIRCLE
  5
DC6
330
17
100
AcDbEntity
  8
0
100
AcDbCircle
 10
957.1016438962939
 20
171.2839570291305
 30
0.0
 40
3.0
  0
CIRCLE
  5
DC7
330
17
100
AcDbEntity
  8
0
100
AcDbCircle
 10
557.8912601782556
 20
133.99327369419146
 30
0.0
 40
3.0
  0
CIRCLE
  5
DC8
330
17
100
AcDbEntity
  8
0
100
AcDbCircle
 10
608.3217734535467
 20
570.5765666634401
 30
0.0
 40
3.0
  0
CIRCLE
  5
DC9
330
17
100
AcDbEntity
  8
0
100
AcDbCircle
 10
430.5297065964965
 20
716.5563503351439
 30
0.0
 40
3.0
  0
CIRCLE
  5
DCA
330
17
100
AcDbEntity
  8
0
100
AcDbCircle
 10
526.5941934072076
 20
532.0861877510018
 30
0.0
 40
3.0
  0
CIRCLE
  5
DCB
330
17
100
AcDbEntity
  8
0
100
AcDbCircle
 10
586.9149123246368
 20
325.4315248137281
 30
0.0
 40
3.0
  0
CIRCLE
  5
DCC
330
17
100
AcDbEntity
  8
0
100
AcDbCircle
 10
74.15912637899771
 20
534.2284038005729
 30
0.0
 40
3.0
  0
CIRCLE
  5
DCD
330
17
100
AcDbEntity
  8
0
100
AcDbCircle
 10
876.8212126293085
 20
821.2175907020296
 30
0.0
 40
3.0
  0
CIRCLE
  5
DCE
330
17
100
AcDbEntity
  8
0
100
AcDbCircle
 10
765.6972722704432
 20
270.09783326388236
 30
0.0
 40
3.0
  0
CIRCLE
  5
DCF
330
17
100
AcDbEntity
  8
0
100
AcDbCircle
 10
742.0188590975721
 20
156.96040792254595
 30
0.0
 40
3.0
  0
CIRCLE
  5
DD0
330
17
100
AcDbEntity
  8
0
100
AcDbCircle
 10
710.226079950572
 20
810.2797490453318
 30
0.0
 40
3.0
  0
CIRCLE
  5
DD1
330
17
100
AcDbEntity
  8
0
100
AcDbCircle
 10
412.7643062261568
 20
677.0655348141751
 30
0.0
 40
3.0
  0
CIRCLE
  5
DD2
330
17
100
AcDbEntity
  8
0
100
AcDbCircle
 10
352.33588232079154
 20
509.2294514810903
 30
0.0
 40
3.0
  0
CIRCLE
  5
DD3
330
17
100
AcDbEntity
  8
0
100
AcDbCircle
 10
46.96492331903316
 20
303.36186378737614
 30
0.0
 40
3.0
  0
CIRCLE
  5
DD4
330
17
100
AcDbEntity
  8
0
100
AcDbCircle
 10
132.1665113197929
 20
973.6289132575556
 30
0.0
 40
3.0
  0
CIRCLE
  5
DD5
330
17
100
AcDbEntity
  8
0
100
AcDbCircle
 10
700.5850039702079
 20
912.4787938749865
 30
0.0
 40
3.0
  0
CIRCLE
  5
DD6
330
17
100
AcDbEntity
  8
0
100
AcDbCircle
 10
924.2375312394256
 20
709.8319737036873
 30
0.0
 40
3.0
  0
CIRCLE
  5
DD7
330
17
100
AcDbEntity
  8
0
100
AcDbCircle
 10
237.22479468793756
 20
596.5927067088811
 30
0.0
 40
3.0
  0
CIRCLE
  5
DD8
330
17
100
AcDbEntity
  8
0
100
AcDbCircle
 10
992.4789955970623
 20
903.6868248150563
 30
0.0
 40
3.0
  0
CIRCLE
  5
DD9
330
17
100
AcDbEntity
  8
0
100
AcDbCircle
 10
363.7929929935327
 20
229.8572546759059
 30
0.0
 40
3.0
  0
CIRCLE
  5
DDA
330
17
100
AcDbEntity
  8
0
100
AcDbCircle
 10
780.198727309204
 20
99.3605779492702
 30
0.0
 40
3.0
  0
CIRCLE
  5
DDB
330
17
100
AcDbEntity
  8
0
100
AcDbCircle
 10
956.3859762301057
 20
636.5836031360745
 30
0.0
 40
3.0
  0
CIRCLE
  5
DDC
330
17
100
AcDbEntity
  8
0
100
AcDbCircle
 10
349.41054116069665
 20
958.1684163195213
 30
0.0
 40
3.0
  0
CIRCLE
  5
DDD
330
17
100
AcDbEntity
  8
0
100
AcDbCircle
 10
452.88503036234675
 20
994.0723296888167
 30
0.0
 40
3.0
  0
CIRCLE
  5
DDE
330
17
100
AcDbEntity
  8
0
100
AcDbCircle
 10
128.92350823810943
 20
791.655133655528
 30
0.0
 40
3.0
  0
CIRCLE
  5
DDF
330
17
100
AcDbEntity
  8
0
100
AcDbCircle
 10
70.856194255591
 20
34.94075581107546
 30
0.0
 40
3.0
  0
CIRCLE
  5
DE0
330
17
100
AcDbEntity
  8
0
100
AcDbCircle
 10
778.221069095947
 20
848.4744453667793
 30
0.0
 40
3.0
  0
CIRCLE
  5
DE1
330
17
100
AcDbEntity
  8
0
100
AcDbCircle
 10
190.80812658037186
 20
142.84218198993355
 30
0.0
 40
3.0
  0
CIRCLE
  5
DE2
330
17
100
AcDbEntity
  8
0
100
AcDbCircle
 10
195.10819778557513
 20
996.8589853698322
 30
0.0
 40
3.0
  0
CIRCLE
  5
DE3
330
17
100
AcDbEntity
  8
0
100
AcDbCircle
 10
698.357193842375
 20
19.794668449466755
 30
0.0
 40
3.0
  0
CIRCLE
  5
DE4
330
17
100
AcDbEntity
  8
0
100
AcDbCircle
 10
260.78942573991463
 20
567.0542122595317
 30
0.0
 40
3.0
  0
CIRCLE
  5
DE5
330
17
100
AcDbEntity
  8
0
100
AcDbCircle
 10
453.1900887435464
 20
379.4174745632234
 30
0.0
 40
3.0
  0
CIRCLE
  5
DE6
330
17
100
AcDbEntity
  8
0
100
AcDbCircle
 10
863.9222571052043
 20
72.4135251220278
 30
0.0
 40
3.0
  0
CIRCLE
  5
DE7
330
17
100
AcDbEntity
  8
0
100
AcDbCircle
 10
617.0459808319333
 20
550.9272199961672
 30
0.0
 40
3.0
  0
CIRCLE
  5
DE8
330
17
100
AcDbEntity
  8
0
100
AcDbCircle
 10
726.6215916688906
 20
946.4489820673242
 30
0.0
 40
3.0
  0
CIRCLE
  5
DE9
330
17
100
AcDbEntity
  8
0
100
AcDbCircle
 10
534.118064834614
 20
318.6214530347168
 30
0.0
 40
3.0
  0
CIRCLE
  5
DEA
330
17
100
AcDbEntity
  8
0
100
AcDbCircle
 10
488.6706611687032
 20
68.9630516318413
 30
0.0
 40
3.0
  0
CIRCLE
  5
DEB
330
17
100
AcDbEntity
  8
0
100
AcDbCircle
 10
677.5807154910863
 20
29.43196358636966
 30
0.0
 40
3.0
  0
CIRCLE
  5
DEC
330
17
100
AcDbEntity
  8
0
100
AcDbCircle
 10
969.6871941946957
 20
609.1978448004013
 30
0.0
 40
3.0
  0
CIRCLE
  5
DED
330
17
100
AcDbEntity
  8
0
100
AcDbCircle
 10
486.7306820920619
 20
914.3960017833248
 30
0.0
 40
3.0
  0
CIRCLE
  5
DEE
330
17
100
AcDbEntity
  8
0
100
AcDbCircle
 10
971.2648562006543
 20
695.3661225197221
 30
0.0
 40
3.0
  0
CIRCLE
  5
DEF
330
17
100
AcDbEntity
  8
0
100
AcDbCircle
 10
688.7856460395228
 20
616.8154718050865
 30
0.0
 40
3.0
  0
CIRCLE
  5
DF0
330
17
100
AcDbEntity
  8
0
100
AcDbCircle
 10
755.3363697800571
 20
357.60900478135056
 30
0.0
 40
3.0
  0
CIRCLE
  5
DF1
330
17
100
AcDbEntity
  8
0
100
AcDbCircle
 10
777.3212875773457
 20
506.36964965239974
 30
0.0
 40
3.0
  0
CIRCLE
  5
DF2
330
17
100
AcDbEntity
  8
0
100
AcDbCircle
 10
126.1067993903019
 20
630.9557733955072
 30
0.0
 40
3.0
  0
CIRCLE
  5
DF3
330
17
100
AcDbEntity
  8
0
100
AcDbCircle
 10
394.2013573500901
 20
58.326218604592086
 30
0.0
 40
3.0
  0
CIRCLE
  5
DF4
330
17
100
AcDbEntity
  8
0
100
AcDbCircle
 10
573.1433813272807
 20
648.2910701140585
 30
0.0
 40
3.0
  0
CIRCLE
  5
DF5
330
17
100
AcDbEntity
  8
0
100
AcDbCircle
 10
995.0596103825395
 20
97.59143719482168
 30
0.0
 40
3.0
  0
CIRCLE
  5
DF6
330
17
100
AcDbEntity
  8
0
100
AcDbCircle
 10
733.3624986271243
 20
69.55203407010872
 30
0.0
 40
3.0
  0
CIRCLE
  5
DF7
330
17
100
AcDbEntity
  8
0
100
AcDbCircle
 10
682.811971350531
 20
763.694616928962
 30
0.0
 40
3.0
  0
CIRCLE
  5
DF8
330
17
100
AcDbEntity
  8
0
100
AcDbCircle
 10
680.4453289793033
 20
438.7446186140045
 30
0.0
 40
3.0
  0
CIRCLE
  5
DF9
330
17
100
AcDbEntity
  8
0
100
AcDbCircle
 10
434.1709422807688
 20
798.7680175137178
 30
0.0
 40
3.0
  0
CIRCLE
  5
DFA
330
17
100
AcDbEntity
  8
0
100
AcDbCircle
 10
264.43821604892
 20
192.33853821730668
 30
0.0
 40
3.0
  0
CIRCLE
  5
DFB
330
17
100
AcDbEntity
  8
0
100
AcDbCircle
 10
996.5914952543246
 20
183.00782911228274
 30
0.0
 40
3.0
  0
CIRCLE
  5
DFC
330
17
100
AcDbEntity
  8
0
100
AcDbCircle
 10
71.66127392461385
 20
427.369559055192
 30
0.0
 40
3.0
  0
CIRCLE
  5
DFD
330
17
100
AcDbEntity
  8
0
100
AcDbCircle
 10
501.0198167761107
 20
114.66784738010404
 30
0.0
 40
3.0
  0
CIRCLE
  5
DFE
330
17
100
AcDbEntity
  8
0
100
AcDbCircle
 10
585.7138461743981
 20
736.2493158197826
 30
0.0
 40
3.0
  0
CIRCLE
  5
DFF
330
17
100
AcDbEntity
  8
0
100
AcDbCircle
 10
863.2498497683067
 20
147.15423896585756
 30
0.0
 40
3.0
  0
CIRCLE
  5
E00
330
17
100
AcDbEntity
  8
0
100
AcDbCircle
 10
796.7122170904983
 20
527.5376722994127
 30
0.0
 40
3.0
  0
CIRCLE
  5
E01
330
17
100
AcDbEntity
  8
0
100
AcDbCircle
 10
133.71105056426302
 20
183.7150814934961
 30
0.0
 40
3.0
  0
CIRCLE
  5
E02
330
17
100
AcDbEntity
  8
0
100
AcDbCircle
 10
520.5356377418968
 20
99.2228817474765
 30
0.0
 40
3.0
  0
CIRCLE
  5
E03
330
17
100
AcDbEntity
  8
0
100
AcDbCircle
 10
923.8220867978946
 20
117.36134724813803
 30
0.0
 40
3.0
  0
CIRCLE
  5
E04
330
17
100
AcDbEntity
  8
0
100
AcDbCircle
 10
569.4463920477061
 20
545.3296148964024
 30
0.0
 40
3.0
  0
CIRCLE
  5
E05
330
17
100
AcDbEntity
  8
0
100
AcDbCircle
 10
127.88685833471946
 20
528.1002727401709
 30
0.0
 40
3.0
  0
CIRCLE
  5
E06
330
17
100
AcDbEntity
  8
0
100
AcDbCircle
 10
991.232808564192
 20
816.1837689352546
 30
0.0
 40
3.0
  0
CIRCLE
  5
E07
330
17
100
AcDbEntity
  8
0
100
AcDbCircle
 10
71.53621336820508
 20
134.195152877156
 30
0.0
 40
3.0
  0
CIRCLE
  5
E08
330
17
100
AcDbEntity
  8
0
100
AcDbCircle
 10
493.44352175273076
 20
989.9430159236928
 30
0.0
 40
3.0
  0
CIRCLE
  5
E09
330
17
100
AcDbEntity
  8
0
100
AcDbCircle
 10
67.4569597256639
 20
762.3004875922469
 30
0.0
 40
3.0
  0
CIRCLE
  5
E0A
330
17
100
AcDbEntity
  8
0
100
AcDbCircle
 10
406.0053322256336
 20
748.5655863950907
 30
0.0
 40
3.0
  0
CIRCLE
  5
E0B
330
17
100
AcDbEntity
  8
0
100
AcDbCircle
 10
991.1447136776357
 20
772.7506428635951
 30
0.0
 40
3.0
  0
CIRCLE
  5
E0C
330
17
100
AcDbEntity
  8
0
100
AcDbCircle
 10
131.30009131744134
 20
271.59479414631596
 30
0.0
 40
3.0
  0
CIRCLE
  5
E0D
330
17
100
AcDbEntity
  8
0
100
AcDbCircle
 10
614.8358419835911
 20
342.4263526416667
 30
0.0
 40
3.0
  0
CIRCLE
  5
E0E
330
17
100
AcDbEntity
  8
0
100
AcDbCircle
 10
754.6100747449157
 20
788.1627157544016
 30
0.0
 40
3.0
  0
CIRCLE
  5
E0F
330
17
100
AcDbEntity
  8
0
100
AcDbCircle
 10
69.22889926743102
 20
19.80580421543511
 30
0.0
 40
3.0
  0
CIRCLE
  5
E10
330
17
100
AcDbEntity
  8
0
100
AcDbCircle
 10
726.6563153158003
 20
909.0797763749265
 30
0.0
 40
3.0
  0
CIRCLE
  5
E11
330
17
100
AcDbEntity
  8
0
100
AcDbCircle
 10
798.963717638489
 20
590.1158969894531
 30
0.0
 40
3.0
  0
CIRCLE
  5
E12
330
17
100
AcDbEntity
  8
0
100
AcDbCircle
 10
151.41470749642127
 20
224.46694741499545
 30
0.0
 40
3.0
  0
CIRCLE
  5
E13
330
17
100
AcDbEntity
  8
0
100
AcDbCircle
 10
887.0730822034242
 20
579.8056553131488
 30
0.0
 40
3.0
  0
CIRCLE
  5
E14
330
17
100
AcDbEntity
  8
0
100
AcDbCircle
 10
193.6790191370433
 20
462.9678218953692
 30
0.0
 40
3.0
  0
CIRCLE
  5
E15
330
17
100
AcDbEntity
  8
0
100
AcDbCircle
 10
680.5225160033443
 20
392.1621667974659
 30
0.0
 40
3.0
  0
CIRCLE
  5
E16
330
17
100
AcDbEntity
  8
0
100
AcDbCircle
 10
205.56138875175355
 20
630.0727300611404
 30
0.0
 40
3.0
  0
CIRCLE
  5
E17
330
17
100
AcDbEntity
  8
0
100
AcDbCircle
 10
239.42726212067421
 20
813.6535476543173
 30
0.0
 40
3.0
  0
CIRCLE
  5
E18
330
17
100
AcDbEntity
  8
0
100
AcDbCircle
 10
27.868606654896965
 20
772.0999273069713
 30
0.0
 40
3.0
  0
CIRCLE
  5
E19
330
17
100
AcDbEntity
  8
0
100
AcDbCircle
 10
879.4329508404713
 20
933.4917247771532
 30
0.0
 40
3.0
  0
CIRCLE
  5
E1A
330
17
100
AcDbEntity
  8
0
100
AcDbCircle
 10
65.62846265199595
 20
500.885031290994
 30
0.0
 40
3.0
  0
CIRCLE
  5
E1B
330
17
100
AcDbEntity
  8
0
100
AcDbCircle
 10
966.3912646465732
 20
503.1907338059132
 30
0.0
 40
3.0
  0
CIRCLE
  5
E1C
330
17
100
AcDbEntity
  8
0
100
AcDbCircle
 10
682.2804780967674
 20
480.6729811211899
 30
0.0
 40
3.0
  0
CIRCLE
  5
E1D
330
17
100
AcDbEntity
  8
0
100
AcDbCircle
 10
498.2515324233923
 20
15.8623752042136
 30
0.0
 40
3.0
  0
CIRCLE
  5
E1E
330
17
100
AcDbEntity
  8
0
100
AcDbCircle
 10
132.50995917932417
 20
207.9556835304482
 30
0.0
 40
3.0
  0
CIRCLE
  5
E1F
330
17
100
AcDbEntity
  8
0
100
AcDbCircle
 10
609.9128614996227
 20
649.7158683648121
 30
0.0
 40
3.0
  0
CIRCLE
  5
E20
330
17
100
AcDbEntity
  8
0
100
AcDbCircle
 10
186.9244283260402
 20
355.1656746426119
 30
0.0
 40
3.0
  0
CIRCLE
  5
E21
330
17
100
AcDbEntity
  8
0
100
AcDbCircle
 10
108.85184872625189
 20
855.9503664162708
 30
0.0
 40
3.0
  0
CIRCLE
  5
E22
330
17
100
AcDbEntity
  8
0
100
AcDbCircle
 10
917.1887421794881
 20
474.42904458559474
 30
0.0
 40
3.0
  0
CIRCLE
  5
E23
330
17
100
AcDbEntity
  8
0
100
AcDbCircle
 10
201.3165284505962
 20
938.6221483194594
 30
0.0
 40
3.0
  0
CIRCLE
  5
E24
330
17
100
AcDbEntity
  8
0
100
AcDbCircle
 10
452.25519409842764
 20
561.7118567924756
 30
0.0
 40
3.0
  0
CIRCLE
  5
E25
330
17
100
AcDbEntity
  8
0
100
AcDbCircle
 10
291.0432951408378
 20
550.9310590829069
 30
0.0
 40
3.0
  0
CIRCLE
  5
E26
330
17
100
AcDbEntity
  8
0
100
AcDbCircle
 10
127.08014001274732
 20
515.3588338090105
 30
0.0
 40
3.0
  0
CIRCLE
  5
E27
330
17
100
AcDbEntity
  8
0
100
AcDbCircle
 10
886.0383909683834
 20
533.5061025572234
 30
0.0
 40
3.0
  0
CIRCLE
  5
E28
330
17
100
AcDbEntity
  8
0
100
AcDbCircle
 10
651.4563753963295
 20
3.8764608016786126
 30
0.0
 40
3.0
  0
CIRCLE
  5
E29
330
17
100
AcDbEntity
  8
0
100
AcDbCircle
 10
661.5514109571744
 20
273.28073045322986
 30
0.0
 40
3.0
  0
CIRCLE
  5
E2A
330
17
100
AcDbEntity
  8
0
100
AcDbCircle
 10
847.7077831071106
 20
386.273286174685
 30
0.0
 40
3.0
  0
CIRCLE
  5
E2B
330
17
100
AcDbEntity
  8
0
100
AcDbCircle
 10
791.2969824811092
 20
103.07012507545777
 30
0.0
 40
3.0
  0
CIRCLE
  5
E2C
330
17
100
AcDbEntity
  8
0
100
AcDbCircle
 10
515.9945164856803
 20
404.41677921062586
 30
0.0
 40
3.0
  0
CIRCLE
  5
E2D
330
17
100
AcDbEntity
  8
0
100
AcDbCircle
 10
883.4038000067596
 20
816.2329703114086
 30
0.0
 40
3.0
  0
CIRCLE
  5
E2E
330
17
100
AcDbEntity
  8
0
100
AcDbCircle
 10
166.88106173988584
 20
63.34774043223541
 30
0.0
 40
3.0
  0
CIRCLE
  5
E2F
330
17
100
AcDbEntity
  8
0
100
AcDbCircle
 10
170.65594329148198
 20
226.5956769788743
 30
0.0
 40
3.0
  0
CIRCLE
  5
E30
330
17
100
AcDbEntity
  8
0
100
AcDbCircle
 10
298.9651003651021
 20
606.59289533259
 30
0.0
 40
3.0
  0
CIRCLE
  5
E31
330
17
100
AcDbEntity
  8
0
100
AcDbCircle
 10
600.4135627268183
 20
194.403841943146
 30
0.0
 40
3.0
  0
CIRCLE
  5
E32
330
17
100
AcDbEntity
  8
0
100
AcDbCircle
 10
739.7772989158536
 20
908.4479884891064
 30
0.0
 40
3.0
  0
CIRCLE
  5
E33
330
17
100
AcDbEntity
  8
0
100
AcDbCircle
 10
792.252344372915
 20
402.90621756707804
 30
0.0
 40
3.0
  0
CIRCLE
  5
E34
330
17
100
AcDbEntity
  8
0
100
AcDbCircle
 10
874.3734936965978
 20
757.3320788854105
 30
0.0
 40
3.0
  0
CIRCLE
  5
E35
330
17
100
AcDbEntity
  8
0
100
AcDbCircle
 10
757.028756360671
 20
482.33616519068727
 30
0.0
 40
3.0
  0
CIRCLE
  5
E36
330
17
100
AcDbEntity
  8
0
100
AcDbCircle
 10
202.3068067700712
 20
723.4528398400518
 30
0.0
 40
3.0
  0
CIRCLE
  5
E37
330
17
100
AcDbEntity
  8
0
100
AcDbCircle
 10
257.8514631668783
 20
40.617289959831886
 30
0.0
 40
3.0
  0
CIRCLE
  5
E38
330
17
100
AcDbEntity
  8
0
100
AcDbCircle
 10
495.65501004664554
 20
477.4372123955232
 30
0.0
 40
3.0
  0
CIRCLE
  5
E39
330
17
100
AcDbEntity
  8
0
100
AcDbCircle
 10
929.7236120991139
 20
735.8664671433027
 30
0.0
 40
3.0
  0
CIRCLE
  5
E3A
330
17
100
AcDbEntity
  8
0
100
AcDbCircle
 10
540.949396395935
 20
914.8132743745994
 30
0.0
 40
3.0
  0
CIRCLE
  5
E3B
330
17
100
AcDbEntity
  8
0
100
AcDbCircle
 10
3.1525122463557924
 20
820.830365904395
 30
0.0
 40
3.0
  0
CIRCLE
  5
E3C
330
17
100
AcDbEntity
  8
0
100
AcDbCircle
 10
12.09379479646681
 20
855.908204133144
 30
0.0
 40
3.0
  0
CIRCLE
  5
E3D
330
17
100
AcDbEntity
  8
0
100
AcDbCircle
 10
394.0218796379782
 20
551.6347564067471
 30
0.0
 40
3.0
  0
CIRCLE
  5
E3E
330
17
100
AcDbEntity
  8
0
100
AcDbCircle
 10
473.82844031905717
 20
153.51617250698482
 30
0.0
 40
3.0
  0
CIRCLE
  5
E3F
330
17
100
AcDbEntity
  8
0
100
AcDbCircle
 10
825.8164710215328
 20
360.3515345593797
 30
0.0
 40
3.0
  0
CIRCLE
  5
E40
330
17
100
AcDbEntity
  8
0
100
AcDbCircle
 10
99.51320308276503
 20
593.0912409070037
 30
0.0
 40
3.0
  0
CIRCLE
  5
E41
330
17
100
AcDbEntity
  8
0
100
AcDbCircle
 10
372.5436166359676
 20
214.02844856958964
 30
0.0
 40
3.0
  0
CIRCLE
  5
E42
330
17
100
AcDbEntity
  8
0
100
AcDbCircle
 10
102.41314177989733
 20
14.35388113718166
 30
0.0
 40
3.0
  0
CIRCLE
  5
E43
330
17
100
AcDbEntity
  8
0
100
AcDbCircle
 10
23.637211694264032
 20
995.8740134832138
 30
0.0
 40
3.0
  0
CIRCLE
  5
E44
330
17
100
AcDbEntity
  8
0
100
AcDbCircle
 10
735.215443548854
 20
92.20863047845265
 30
0.0
 40
3.0
  0
CIRCLE
  5
E45
330
17
100
AcDbEntity
  8
0
100
AcDbCircle
 10
200.70055164479805
 20
926.8188441312263
 30
0.0
 40
3.0
  0
CIRCLE
  5
E46
330
17
100
AcDbEntity
  8
0
100
AcDbCircle
 10
339.3767524278612
 20
247.80484950152157
 30
0.0
 40
3.0
  0
CIRCLE
  5
E47
330
17
100
AcDbEntity
  8
0
100
AcDbCircle
 10
464.4525824744888
 20
740.2315632113383
 30
0.0
 40
3.0
  0
CIRCLE
  5
E48
330
17
100
AcDbEntity
  8
0
100
AcDbCircle
 10
713.0599630563631
 20
821.7511301942668
 30
0.0
 40
3.0
  0
CIRCLE
  5
E49
330
17
100
AcDbEntity
  8
0
100
AcDbCircle
 10
417.4261667277923
 20
757.4436060145817
 30
0.0
 40
3.0
  0
CIRCLE
  5
E4A
330
17
100
AcDbEntity
  8
0
100
AcDbCircle
 10
523.1256104264842
 20
93.18280174124774
 30
0.0
 40
3.0
  0
CIRCLE
  5
E4B
330
17
100
AcDbEntity
  8
0
100
AcDbCircle
 10
993.6618193019909
 20
885.9086971047321
 30
0.0
 40
3.0
  0
CIRCLE
  5
E4C
330
17
100
AcDbEntity
  8
0
100
AcDbCircle
 10
985.8268023321332
 20
907.7740737445226
 30
0.0
 40
3.0
  0
CIRCLE
  5
E4D
330
17
100
AcDbEntity
  8
0
100
AcDbCircle
 10
519.8037395822215
 20
261.33870718855604
 30
0.0
 40
3.0
  0
CIRCLE
  5
E4E
330
17
100
AcDbEntity
  8
0
100
AcDbCircle
 10
882.116796369839
 20
742.6446647502213
 30
0.0
 40
3.0
  0
CIRCLE
  5
E4F
330
17
100
AcDbEntity
  8
0
100
AcDbCircle
 10
749.898242527788
 20
36.92096195008976
 30
0.0
 40
3.0
  0
CIRCLE
  5
E50
330
17
100
AcDbEntity
  8
0
100
AcDbCircle
 10
578.7156626538266
 20
546.6687707037847
 30
0.0
 40
3.0
  0
CIRCLE
  5
E51
330
17
100
AcDbEntity
  8
0
100
AcDbCircle
 10
993.556236418075
 20
808.4640812457043
 30
0.0
 40
3.0
  0
CIRCLE
  5
E52
330
17
100
AcDbEntity
  8
0
100
AcDbCircle
 10
725.7807624616973
 20
332.61604725836145
 30
0.0
 40
3.0
  0
CIRCLE
  5
E53
330
17
100
AcDbEntity
  8
0
100
AcDbCircle
 10
520.5771969920768
 20
490.5695820547951
 30
0.0
 40
3.0
  0
CIRCLE
  5
E54
330
17
100
AcDbEntity
  8
0
100
AcDbCircle
 10
947.6188476071784
 20
811.8991607499694
 30
0.0
 40
3.0
  0
CIRCLE
  5
E55
330
17
100
AcDbEntity
  8
0
100
AcDbCircle
 10
11.40563742538799
 20
332.42238599644065
 30
0.0
 40
3.0
  0
CIRCLE
  5
E56
330
17
100
AcDbEntity
  8
0
100
AcDbCircle
 10
596.4447928841388
 20
36.774251439082946
 30
0.0
 40
3.0
  0
CIRCLE
  5
E57
330
17
100
AcDbEntity
  8
0
100
AcDbCircle
 10
365.529823923593
 20
154.20618974492928
 30
0.0
 40
3.0
  0
CIRCLE
  5
E58
330
17
100
AcDbEntity
  8
0
100
AcDbCircle
 10
375.2387967740589
 20
294.8654037698565
 30
0.0
 40
3.0
  0
CIRCLE
  5
E59
330
17
100
AcDbEntity
  8
0
100
AcDbCircle
 10
261.06517504571787
 20
80.66052129687976
 30
0.0
 40
3.0
  0
CIRCLE
  5
E5A
330
17
100
AcDbEntity
  8
0
100
AcDbCircle
 10
817.5131467107997
 20
293.3939607052118
 30
0.0
 40
3.0
  0
CIRCLE
  5
E5B
330
17
100
AcDbEntity
  8
0
100
AcDbCircle
 10
311.6041186332445
 20
376.1239618372603
 30
0.0
 40
3.0
  0
CIRCLE
  5
E5C
330
17
100
AcDbEntity
  8
0
100
AcDbCircle
 10
792.3736959378615
 20
914.1281804501309
 30
0.0
 40
3.0
  0
CIRCLE
  5
E5D
330
17
100
AcDbEntity
  8
0
100
AcDbCircle
 10
864.1353536766946
 20
3.615133016606654
 30
0.0
 40
3.0
  0
CIRCLE
  5
E5E
330
17
100
AcDbEntity
  8
0
100
AcDbCircle
 10
778.226778588238
 20
814.3315893663201
 30
0.0
 40
3.0
  0
CIRCLE
  5
E5F
330
17
100
AcDbEntity
  8
0
100
AcDbCircle
 10
8.805697567399134
 20
289.5084559847883
 30
0.0
 40
3.0
  0
CIRCLE
  5
E60
330
17
100
AcDbEntity
  8
0
100
AcDbCircle
 10
991.5899734227637
 20
549.3442789236262
 30
0.0
 40
3.0
  0
CIRCLE
  5
E61
330
17
100
AcDbEntity
  8
0
100
AcDbCircle
 10
71.09144590318776
 20
125.87274231926989
 30
0.0
 40
3.0
  0
CIRCLE
  5
E62
330
17
100
AcDbEntity
  8
0
100
AcDbCircle
 10
781.8651905338351
 20
10.066238510655547
 30
0.0
 40
3.0
  0
CIRCLE
  5
E63
330
17
100
AcDbEntity
  8
0
100
AcDbCircle
 10
92.65459401540448
 20
551.6198949868628
 30
0.0
 40
3.0
  0
CIRCLE
  5
E64
330
17
100
AcDbEntity
  8
0
100
AcDbCircle
 10
723.9707332880854
 20
44.98613785948811
 30
0.0
 40
3.0
  0
CIRCLE
  5
E65
330
17
100
AcDbEntity
  8
0
100
AcDbCircle
 10
708.4630545261894
 20
407.49707424009034
 30
0.0
 40
3.0
  0
CIRCLE
  5
E66
330
17
100
AcDbEntity
  8
0
100
AcDbCircle
 10
883.0654589347309
 20
466.6925467315497
 30
0.0
 40
3.0
  0
CIRCLE
  5
E67
330
17
100
AcDbEntity
  8
0
100
AcDbCircle
 10
315.1673255176298
 20
889.8061471304627
 30
0.0
 40
3.0
  0
CIRCLE
  5
E68
330
17
100
AcDbEntity
  8
0
100
AcDbCircle
 10
310.7134152255576
 20
856.9048782992373
 30
0.0
 40
3.0
  0
CIRCLE
  5
E69
330
17
100
AcDbEntity
  8
0
100
AcDbCircle
 10
994.0494015066745
 20
111.97722793819017
 30
0.0
 40
3.0
  0
CIRCLE
  5
E6A
330
17
100
AcDbEntity
  8
0
100
AcDbCircle
 10
535.4562221153052
 20
632.7787816052346
 30
0.0
 40
3.0
  0
CIRCLE
  5
E6B
330
17
100
AcDbEntity
  8
0
100
AcDbCircle
 10
514.3482260113853
 20
699.7233983864577
 30
0.0
 40
3.0
  0
CIRCLE
  5
E6C
330
17
100
AcDbEntity
  8
0
100
AcDbCircle
 10
962.2339779638871
 20
166.81347633156025
 30
0.0
 40
3.0
  0
CIRCLE
  5
E6D
330
17
100
AcDbEntity
  8
0
100
AcDbCircle
 10
567.8099166415224
 20
127.94777815050645
 30
0.0
 40
3.0
  0
CIRCLE
  5
E6E
330
17
100
AcDbEntity
  8
0
100
AcDbCircle
 10
580.1027311895991
 20
268.47317320511263
 30
0.0
 40
3.0
  0
CIRCLE
  5
E6F
330
17
100
AcDbEntity
  8
0
100
AcDbCircle
 10
450.1078048281422
 20
755.1590838203925
 30
0.0
 40
3.0
  0
CIRCLE
  5
E70
330
17
100
AcDbEntity
  8
0
100
AcDbCircle
 10
229.61679374730946
 20
258.8226721685626
 30
0.0
 40
3.0
  0
CIRCLE
  5
E71
330
17
100
AcDbEntity
  8
0
100
AcDbCircle
 10
436.9335259890888
 20
454.1286041895656
 30
0.0
 40
3.0
  0
CIRCLE
  5
E72
330
17
100
AcDbEntity
  8
0
100
AcDbCircle
 10
685.4817452715299
 20
16.26268986803642
 30
0.0
 40
3.0
  0
CIRCLE
  5
E73
330
17
100
AcDbEntity
  8
0
100
AcDbCircle
 10
31.776055543833394
 20
23.396138498438596
 30
0.0
 40
3.0
  0
CIRCLE
  5
E74
330
17
100
AcDbEntity
  8
0
100
AcDbCircle
 10
544.0015914574569
 20
320.34096342749046
 30
0.0
 40
3.0
  0
CIRCLE
  5
E75
330
17
100
AcDbEntity
  8
0
100
AcDbCircle
 10
787.9909285853571
 20
433.8052266315006
 30
0.0
 40
3.0
  0
CIRCLE
  5
E76
330
17
100
AcDbEntity
  8
0
100
AcDbCircle
 10
38.68663839567515
 20
137.59843560215032
 30
0.0
 40
3.0
  0
CIRCLE
  5
E77
330
17
100
AcDbEntity
  8
0
100
AcDbCircle
 10
983.9884708594923
 20
304.1124675739067
 30
0.0
 40
3.0
  0
CIRCLE
  5
E78
330
17
100
AcDbEntity
  8
0
100
AcDbCircle
 10
592.3204355987416
 20
249.13378074932302
 30
0.0
 40
3.0
  0
CIRCLE
  5
E79
330
17
100
AcDbEntity
  8
0
100
AcDbCircle
 10
370.06131372172507
 20
607.5584270367823
 30
0.0
 40
3.0
  0
CIRCLE
  5
E7A
330
17
100
AcDbEntity
  8
0
100
AcDbCircle
 10
487.16169570470316
 20
322.1064644222351
 30
0.0
 40
3.0
  0
CIRCLE
  5
E7B
330
17
100
AcDbEntity
  8
0
100
AcDbCircle
 10
420.5212547218016
 20
268.79833625962254
 30
0.0
 40
3.0
  0
CIRCLE
  5
E7C
330
17
100
AcDbEntity
  8
0
100
AcDbCircle
 10
776.7548262909537
 20
696.6714691625231
 30
0.0
 40
3.0
  0
CIRCLE
  5
E7D
330
17
100
AcDbEntity
  8
0
100
AcDbCircle
 10
397.85822494761504
 20
261.4595216945465
 30
0.0
 40
3.0
  0
CIRCLE
  5
E7E
330
17
100
AcDbEntity
  8
0
100
AcDbCircle
 10
403.49097089852717
 20
931.4250617548256
 30
0.0
 40
3.0
  0
CIRCLE
  5
E7F
330
17
100
AcDbEntity
  8
0
100
AcDbCircle
 10
735.3360118140298
 20
412.8249337067887
 30
0.0
 40
3.0
  0
CIRCLE
  5
E80
330
17
100
AcDbEntity
  8
0
100
AcDbCircle
 10
361.82402784357
 20
357.43268317287374
 30
0.0
 40
3.0
  0
CIRCLE
  5
E81
330
17
100
AcDbEntity
  8
0
100
AcDbCircle
 10
3.6342247173147184
 20
830.9067934256251
 30
0.0
 40
3.0
  0
CIRCLE
  5
E82
330
17
100
AcDbEntity
  8
0
100
AcDbCircle
 10
138.78206904624815
 20
147.63274572329556
 30
0.0
 40
3.0
  0
CIRCLE
  5
E83
330
17
100
AcDbEntity
  8
0
100
AcDbCircle
 10
468.8279550452806
 20
35.41386442477641
 30
0.0
 40
3.0
  0
CIRCLE
  5
E84
330
17
100
AcDbEntity
  8
0
100
AcDbCircle
 10
207.96218413259197
 20
210.1424404107131
 30
0.0
 40
3.0
  0
CIRCLE
  5
E85
330
17
100
AcDbEntity
  8
0
100
AcDbCircle
 10
439.2060136856136
 20
781.404489123882
 30
0.0
 40
3.0
  0
CIRCLE
  5
E86
330
17
100
AcDbEntity
  8
0
100
AcDbCircle
 10
327.1033349142621
 20
724.918353697669
 30
0.0
 40
3.0
  0
CIRCLE
  5
E87
330
17
100
AcDbEntity
  8
0
100
AcDbCircle
 10
514.4649798573661
 20
898.4292498664779
 30
0.0
 40
3.0
  0
CIRCLE
  5
E88
330
17
100
AcDbEntity
  8
0
100
AcDbCircle
 10
358.16710921574213
 20
237.14799343614533
 30
0.0
 40
3.0
  0
CIRCLE
  5
E89
330
17
100
AcDbEntity
  8
0
100
AcDbCircle
 10
989.4971110029718
 20
849.158213905517
 30
0.0
 40
3.0
  0
CIRCLE
  5
E8A
330
17
100
AcDbEntity
  8
0
100
AcDbCircle
 10
690.1615049297818
 20
266.3999152269797
 30
0.0
 40
3.0
  0
CIRCLE
  5
E8B
330
17
100
AcDbEntity
  8
0
100
AcDbCircle
 10
424.8860475476275
 20
566.8467462694091
 30
0.0
 40
3.0
  0
CIRCLE
  5
E8C
330
17
100
AcDbEntity
  8
0
100
AcDbCircle
 10
816.2456589521001
 20
894.1612713849037
 30
0.0
 40
3.0
  0
CIRCLE
  5
E8D
330
17
100
AcDbEntity
  8
0
100
AcDbCircle
 10
490.4114049044236
 20
34.927319841333066
 30
0.0
 40
3.0
  0
CIRCLE
  5
E8E
330
17
100
AcDbEntity
  8
0
100
AcDbCircle
 10
943.6124153548037
 20
333.0651774090762
 30
0.0
 40
3.0
  0
CIRCLE
  5
E8F
330
17
100
AcDbEntity
  8
0
100
AcDbCircle
 10
467.31781020327566
 20
117.96055421924147
 30
0.0
 40
3.0
  0
CIRCLE
  5
E90
330
17
100
AcDbEntity
  8
0
100
AcDbCircle
 10
800.2493523559702
 20
259.82936589920865
 30
0.0
 40
3.0
  0
CIRCLE
  5
E91
330
17
100
AcDbEntity
  8
0
100
AcDbCircle
 10
830.1262952699713
 20
23.280879245463847
 30
0.0
 40
3.0
  0
CIRCLE
  5
E92
330
17
100
AcDbEntity
  8
0
100
AcDbCircle
 10
255.86533306921976
 20
584.4942317745617
 30
0.0
 40
3.0
  0
CIRCLE
  5
E93
330
17
100
AcDbEntity
  8
0
100
AcDbCircle
 10
907.1916786368847
 20
901.3565877947603
 30
0.0
 40
3.0
  0
CIRCLE
  5
E94
330
17
100
AcDbEntity
  8
0
100
AcDbCircle
 10
243.10474673214108
 20
209.66980024025892
 30
0.0
 40
3.0
  0
CIRCLE
  5
E95
330
17
100
AcDbEntity
  8
0
100
AcDbCircle
 10
780.669837949178
 20
281.27187973340665
 30
0.0
 40
3.0
  0
CIRCLE
  5
E96
330
17
100
AcDbEntity
  8
0
100
AcDbCircle
 10
814.751781518161
 20
198.49871104918384
 30
0.0
 40
3.0
  0
CIRCLE
  5
E97
330
17
100
AcDbEntity
  8
0
100
AcDbCircle
 10
220.05036982036725
 20
300.5353033282559
 30
0.0
 40
3.0
  0
CIRCLE
  5
E98
330
17
100
AcDbEntity
  8
0
100
AcDbCircle
 10
170.77403219826968
 20
69.41137150551918
 30
0.0
 40
3.0
  0
CIRCLE
  5
E99
330
17
100
AcDbEntity
  8
0
100
AcDbCircle
 10
929.2237686648413
 20
212.78426863877283
 30
0.0
 40
3.0
  0
CIRCLE
  5
E9A
330
17
100
AcDbEntity
  8
0
100
AcDbCircle
 10
288.26901622341376
 20
461.8491447883332
 30
0.0
 40
3.0
  0
CIRCLE
  5
E9B
330
17
100
AcDbEntity
  8
0
100
AcDbCircle
 10
523.7343265794583
 20
470.25453460813884
 30
0.0
 40
3.0
  0
CIRCLE
  5
E9C
330
17
100
AcDbEntity
  8
0
100
AcDbCircle
 10
840.7348754784005
 20
904.0464557085309
 30
0.0
 40
3.0
  0
CIRCLE
  5
E9D
330
17
100
AcDbEntity
  8
0
100
AcDbCircle
 10
201.81241930614163
 20
97.6071736898009
 30
0.0
 40
3.0
  0
CIRCLE
  5
E9E
330
17
100
AcDbEntity
  8
0
100
AcDbCircle
 10
46.65052544412543
 20
532.0380842824273
 30
0.0
 40
3.0
  0
CIRCLE
  5
E9F
330
17
100
AcDbEntity
  8
0
100
AcDbCircle
 10
893.122629910505
 20
27.124656794262602
 30
0.0
 40
3.0
  0
CIRCLE
  5
EA0
330
17
100
AcDbEntity
  8
0
100
AcDbCircle
 10
534.6803329429745
 20
708.5311946650944
 30
0.0
 40
3.0
  0
CIRCLE
  5
EA1
330
17
100
AcDbEntity
  8
0
100
AcDbCircle
 10
750.0836457979622
 20
388.62110007788533
 30
0.0
 40
3.0
  0
CIRCLE
  5
EA2
330
17
100
AcDbEntity
  8
0
100
AcDbCircle
 10
988.4557486203267
 20
239.72432278274545
 30
0.0
 40
3.0
  0
CIRCLE
  5
EA3
330
17
100
AcDbEntity
  8
0
100
AcDbCircle
 10
943.7195454012801
 20
670.4448983537616
 30
0.0
 40
3.0
  0
CIRCLE
  5
EA4
330
17
100
AcDbEntity
  8
0
100
AcDbCircle
 10
765.6584032508486
 20
698.5567110026291
 30
0.0
 40
3.0
  0
CIRCLE
  5
EA5
330
17
100
AcDbEntity
  8
0
100
AcDbCircle
 10
769.5874319165217
 20
903.9795486022801
 30
0.0
 40
3.0
  0
CIRCLE
  5
EA6
330
17
100
AcDbEntity
  8
0
100
AcDbCircle
 10
185.15536799254494
 20
469.64774221796836
 30
0.0
 40
3.0
  0
CIRCLE
  5
EA7
330
17
100
AcDbEntity
  8
0
100
AcDbCircle
 10
484.55612478543554
 20
131.7215603771275
 30
0.0
 40
3.0
  0
CIRCLE
  5
EA8
330
17
100
AcDbEntity
  8
0
100
AcDbCircle
 10
17.62551453484931
 20
202.81966140391387
 30
0.0
 40
3.0
  0
CIRCLE
  5
EA9
330
17
100
AcDbEntity
  8
0
100
AcDbCircle
 10
328.2420066036027
 20
248.85463004595394
 30
0.0
 40
3.0
  0
CIRCLE
  5
EAA
330
17
100
AcDbEntity
  8
0
100
AcDbCircle
 10
68.58147482663122
 20
50.545752544054565
 30
0.0
 40
3.0
  0
CIRCLE
  5
EAB
330
17
100
AcDbEntity
  8
0
100
AcDbCircle
 10
465.39981465722514
 20
192.44689209927566
 30
0.0
 40
3.0
  0
CIRCLE
  5
EAC
330
17
100
AcDbEntity
  8
0
100
AcDbCircle
 10
63.92036233309035
 20
106.88477891320949
 30
0.0
 40
3.0
  0
CIRCLE
  5
EAD
330
17
100
AcDbEntity
  8
0
100
AcDbCircle
 10
358.9616077235081
 20
672.6532740026084
 30
0.0
 40
3.0
  0
CIRCLE
  5
EAE
330
17
100
AcDbEntity
  8
0
100
AcDbCircle
 10
39.228083497802416
 20
146.71758629542364
 30
0.0
 40
3.0
  0
CIRCLE
  5
EAF
330
17
100
AcDbEntity
  8
0
100
AcDbCircle
 10
609.4058936305705
 20
517.0260379825786
 30
0.0
 40
3.0
  0
CIRCLE
  5
EB0
330
17
100
AcDbEntity
  8
0
100
AcDbCircle
 10
483.1159298888897
 20
889.6902637200941
 30
0.0
 40
3.0
  0
CIRCLE
  5
EB1
330
17
100
AcDbEntity
  8
0
100
AcDbCircle
 10
446.11388833035073
 20
144.87940068167484
 30
0.0
 40
3.0
  0
CIRCLE
  5
EB2
330
17
100
AcDbEntity
  8
0
100
AcDbCircle
 10
890.3398883545557
 20
294.1292598535397
 30
0.0
 40
3.0
  0
CIRCLE
  5
EB3
330
17
100
AcDbEntity
  8
0
100
AcDbCircle
 10
730.8618953638352
 20
785.8254504084064
 30
0.0
 40
3.0
  0
CIRCLE
  5
EB4
330
17
100
AcDbEntity
  8
0
100
AcDbCircle
 10
202.9807071162757
 20
372.26001757080684
 30
0.0
 40
3.0
  0
CIRCLE
  5
EB5
330
17
100
AcDbEntity
  8
0
100
AcDbCircle
 10
307.05140602108526
 20
29.28706523923368
 30
0.0
 40
3.0
  0
CIRCLE
  5
EB6
330
17
100
AcDbEntity
  8
0
100
AcDbCircle
 10
994.8239566170199
 20
718.5465095753277
 30
0.0
 40
3.0
  0
CIRCLE
  5
EB7
330
17
100
AcDbEntity
  8
0
100
AcDbCircle
 10
778.4543654854074
 20
381.6818078051236
 30
0.0
 40
3.0
  0
CIRCLE
  5
EB8
330
17
100
AcDbEntity
  8
0
100
AcDbCircle
 10
277.1801998943224
 20
218.23510391986815
 30
0.0
 40
3.0
  0
CIRCLE
  5
EB9
330
17
100
AcDbEntity
  8
0
100
AcDbCircle
 10
594.5205107103427
 20
5.419641673121321
 30
0.0
 40
3.0
  0
CIRCLE
  5
EBA
330
17
100
AcDbEntity
  8
0
100
AcDbCircle
 10
196.6259891254507
 20
4.635118123566692
 30
0.0
 40
3.0
  0
CIRCLE
  5
EBB
330
17
100
AcDbEntity
  8
0
100
AcDbCircle
 10
94.35408578758248
 20
746.4231829403261
 30
0.0
 40
3.0
  0
CIRCLE
  5
EBC
330
17
100
AcDbEntity
  8
0
100
AcDbCircle
 10
318.21377579533055
 20
901.9140114754227
 30
0.0
 40
3.0
  0
CIRCLE
  5
EBD
330
17
100
AcDbEntity
  8
0
100
AcDbCircle
 10
415.5002545430794
 20
966.6282711933985
 30
0.0
 40
3.0
  0
CIRCLE
  5
EBE
330
17
100
AcDbEntity
  8
0
100
AcDbCircle
 10
199.76700886939358
 20
228.44359325012988
 30
0.0
 40
3.0
  0
CIRCLE
  5
EBF
330
17
100
AcDbEntity
  8
0
100
AcDbCircle
 10
953.6367038545966
 20
237.92455230392417
 30
0.0
 40
3.0
  0
CIRCLE
  5
EC0
330
17
100
AcDbEntity
  8
0
100
AcDbCircle
 10
983.1178130880369
 20
937.7871204960028
 30
0.0
 40
3.0
  0
CIRCLE
  5
EC1
330
17
100
AcDbEntity
  8
0
100
AcDbCircle
 10
541.1087835385899
 20
445.1338880106122
 30
0.0
 40
3.0
  0
CIRCLE
  5
EC2
330
17
100
AcDbEntity
  8
0
100
AcDbCircle
 10
253.53338317606702
 20
47.12062795522761
 30
0.0
 40
3.0
  0
CIRCLE
  5
EC3
330
17
100
AcDbEntity
  8
0
100
AcDbCircle
 10
981.8712834398389
 20
219.57119261730045
 30
0.0
 40
3.0
  0
CIRCLE
  5
EC4
330
17
100
AcDbEntity
  8
0
100
AcDbCircle
 10
71.92972594695215
 20
730.4570446737573
 30
0.0
 40
3.0
  0
CIRCLE
  5
EC5
330
17
100
AcDbEntity
  8
0
100
AcDbCircle
 10
639.556833003138
 20
851.0329071303107
 30
0.0
 40
3.0
  0
CIRCLE
  5
EC6
330
17
100
AcDbEntity
  8
0
100
AcDbCircle
 10
335.0601353229521
 20
365.21640869022866
 30
0.0
 40
3.0
  0
CIRCLE
  5
EC7
330
17
100
AcDbEntity
  8
0
100
AcDbCircle
 10
148.3197451686273
 20
83.92140574557664
 30
0.0
 40
3.0
  0
CIRCLE
  5
EC8
330
17
100
AcDbEntity
  8
0
100
AcDbCircle
 10
312.78892149220786
 20
514.2496913472818
 30
0.0
 40
3.0
  0
CIRCLE
  5
EC9
330
17
100
AcDbEntity
  8
0
100
AcDbCircle
 10
353.99301710205697
 20
42.10129475929667
 30
0.0
 40
3.0
  0
CIRCLE
  5
ECA
330
17
100
AcDbEntity
  8
0
100
AcDbCircle
 10
364.96430435129054
 20
370.78983323390906
 30
0.0
 40
3.0
  0
CIRCLE
  5
ECB
330
17
100
AcDbEntity
  8
0
100
AcDbCircle
 10
436.7723292267681
 20
420.3311024291735
 30
0.0
 40
3.0
  0
CIRCLE
  5
ECC
330
17
100
AcDbEntity
  8
0
100
AcDbCircle
 10
402.3829708357967
 20
891.5834469356325
 30
0.0
 40
3.0
  0
CIRCLE
  5
ECD
330
17
100
AcDbEntity
  8
0
100
AcDbCircle
 10
269.99226882676186
 20
468.63685307062894
 30
0.0
 40
3.0
  0
CIRCLE
  5
ECE
330
17
100
AcDbEntity
  8
0
100
AcDbCircle
 10
617.9335327890095
 20
122.30864066068312
 30
0.0
 40
3.0
  0
CIRCLE
  5
ECF
330
17
100
AcDbEntity
  8
0
100
AcDbCircle
 10
356.0067907871808
 20
972.2430505652814
 30
0.0
 40
3.0
  0
CIRCLE
  5
ED0
330
17
100
AcDbEntity
  8
0
100
AcDbCircle
 10
948.8756148679615
 20
321.56907663359584
 30
0.0
 40
3.0
  0
CIRCLE
  5
ED1
330
17
100
AcDbEntity
  8
0
100
AcDbCircle
 10
867.5352846001709
 20
704.4959433644642
 30
0.0
 40
3.0
  0
CIRCLE
  5
ED2
330
17
100
AcDbEntity
  8
0
100
AcDbCircle
 10
244.05475003525126
 20
390.6616876342579
 30
0.0
 40
3.0
  0
CIRCLE
  5
ED3
330
17
100
AcDbEntity
  8
0
100
AcDbCircle
 10
330.75875412059304
 20
63.75508497759959
 30
0.0
 40
3.0
  0
CIRCLE
  5
ED4
330
17
100
AcDbEntity
  8
0
100
AcDbCircle
 10
223.808805414128
 20
113.27758431223576
 30
0.0
 40
3.0
  0
CIRCLE
  5
ED5
330
17
100
AcDbEntity
  8
0
100
AcDbCircle
 10
191.86923767725136
 20
436.4595478730088
 30
0.0
 40
3.0
  0
CIRCLE
  5
ED6
330
17
100
AcDbEntity
  8
0
100
AcDbCircle
 10
154.02579896501987
 20
111.49519916249601
 30
0.0
 40
3.0
  0
CIRCLE
  5
ED7
330
17
100
AcDbEntity
  8
0
100
AcDbCircle
 10
335.2544364213398
 20
526.8051650071402
 30
0.0
 40
3.0
  0
CIRCLE
  5
ED8
330
17
100
AcDbEntity
  8
0
100
AcDbCircle
 10
4.777644455612293
 20
195.4550462438321
 30
0.0
 40
3.0
  0
CIRCLE
  5
ED9
330
17
100
AcDbEntity
  8
0
100
AcDbCircle
 10
100.1308462880863
 20
556.3430990703724
 30
0.0
 40
3.0
  0
CIRCLE
  5
EDA
330
17
100
AcDbEntity
  8
0
100
AcDbCircle
 10
849.546608745362
 20
30.160934485877544
 30
0.0
 40
3.0
  0
CIRCLE
  5
EDB
330
17
100
AcDbEntity
  8
0
100
AcDbCircle
 10
666.3688003666691
 20
396.584167608921
 30
0.0
 40
3.0
  0
CIRCLE
  5
EDC
330
17
100
AcDbEntity
  8
0
100
AcDbCircle
 10
339.7252808808042
 20
833.7560149664204
 30
0.0
 40
3.0
  0
CIRCLE
  5
EDD
330
17
100
AcDbEntity
  8
0
100
AcDbCircle
 10
336.0028992228999
 20
272.85034847461134
 30
0.0
 40
3.0
  0
CIRCLE
  5
EDE
330
17
100
AcDbEntity
  8
0
100
AcDbCircle
 10
346.21963387856283
 20
779.0345707471769
 30
0.0
 40
3.0
  0
CIRCLE
  5
EDF
330
17
100
AcDbEntity
  8
0
100
AcDbCircle
 10
687.4329774427632
 20
260.36901788625005
 30
0.0
 40
3.0
  0
CIRCLE
  5
EE0
330
17
100
AcDbEntity
  8
0
100
AcDbCircle
 10
3.5822555824224986
 20
64.92914331442779
 30
0.0
 40
3.0
  0
CIRCLE
  5
EE1
330
17
100
AcDbEntity
  8
0
100
AcDbCircle
 10
554.8019837866684
 20
737.0840177599616
 30
0.0
 40
3.0
  0
CIRCLE
  5
EE2
330
17
100
AcDbEntity
  8
0
100
AcDbCircle
 10
810.1620494615734
 20
442.126037956415
 30
0.0
 40
3.0
  0
CIRCLE
  5
EE3
330
17
100
AcDbEntity
  8
0
100
AcDbCircle
 10
664.926946260114
 20
41.639376058213735
 30
0.0
 40
3.0
  0
CIRCLE
  5
EE4
330
17
100
AcDbEntity
  8
0
100
AcDbCircle
 10
811.9467175387201
 20
23.46723411070875
 30
0.0
 40
3.0
  0
CIRCLE
  5
EE5
330
17
100
AcDbEntity
  8
0
100
AcDbCircle
 10
283.2726771897747
 20
879.8266790251271
 30
0.0
 40
3.0
  0
CIRCLE
  5
EE6
330
17
100
AcDbEntity
  8
0
100
AcDbCircle
 10
640.3710385140903
 20
421.0330705972055
 30
0.0
 40
3.0
  0
CIRCLE
  5
EE7
330
17
100
AcDbEntity
  8
0
100
AcDbCircle
 10
119.28318121497551
 20
907.6635088215722
 30
0.0
 40
3.0
  0
CIRCLE
  5
EE8
330
17
100
AcDbEntity
  8
0
100
AcDbCircle
 10
498.84432782788593
 20
640.4170036781301
 30
0.0
 40
3.0
  0
CIRCLE
  5
EE9
330
17
100
AcDbEntity
  8
0
100
AcDbCircle
 10
116.68192395606194
 20
163.66555199401643
 30
0.0
 40
3.0
  0
CIRCLE
  5
EEA
330
17
100
AcDbEntity
  8
0
100
AcDbCircle
 10
766.6452295272532
 20
472.05681041362607
 30
0.0
 40
3.0
  0
CIRCLE
  5
EEB
330
17
100
AcDbEntity
  8
0
100
AcDbCircle
 10
66.56081473049761
 20
97.68300211217901
 30
0.0
 40
3.0
  0
CIRCLE
  5
EEC
330
17
100
AcDbEntity
  8
0
100
AcDbCircle
 10
699.2251432515251
 20
994.7484518879982
 30
0.0
 40
3.0
  0
CIRCLE
  5
EED
330
17
100
AcDbEntity
  8
0
100
AcDbCircle
 10
384.7864354878013
 20
250.53520378395237
 30
0.0
 40
3.0
  0
CIRCLE
  5
EEE
330
17
100
AcDbEntity
  8
0
100
AcDbCircle
 10
770.8117833704985
 20
366.17341287392185
 30
0.0
 40
3.0
  0
CIRCLE
  5
EEF
330
17
100
AcDbEntity
  8
0
100
AcDbCircle
 10
856.5532852583193
 20
566.9162881147132
 30
0.0
 40
3.0
  0
CIRCLE
  5
EF0
330
17
100
AcDbEntity
  8
0
100
AcDbCircle
 10
36.686903091766204
 20
536.3732846911015
 30
0.0
 40
3.0
  0
CIRCLE
  5
EF1
330
17
100
AcDbEntity
  8
0
100
AcDbCircle
 10
64.30429920287132
 20
626.0530800321914
 30
0.0
 40
3.0
  0
CIRCLE
  5
EF2
330
17
100
AcDbEntity
  8
0
100
AcDbCircle
 10
42.46175983566149
 20
216.76860226564654
 30
0.0
 40
3.0
  0
CIRCLE
  5
EF3
330
17
100
AcDbEntity
  8
0
100
AcDbCircle
 10
411.48486097267937
 20
564.4567762917525
 30
0.0
 40
3.0
  0
CIRCLE
  5
EF4
330
17
100
AcDbEntity
  8
0
100
AcDbCircle
 10
834.1408080822891
 20
811.0605526832823
 30
0.0
 40
3.0
  0
CIRCLE
  5
EF5
330
17
100
AcDbEntity
  8
0
100
AcDbCircle
 10
232.79724175643685
 20
626.5432467441026
 30
0.0
 40
3.0
  0
CIRCLE
  5
EF6
330
17
100
AcDbEntity
  8
0
100
AcDbCircle
 10
420.77795295513556
 20
367.0992806842797
 30
0.0
 40
3.0
  0
CIRCLE
  5
EF7
330
17
100
AcDbEntity
  8
0
100
AcDbCircle
 10
794.1818448997199
 20
113.66283095325397
 30
0.0
 40
3.0
  0
CIRCLE
  5
EF8
330
17
100
AcDbEntity
  8
0
100
AcDbCircle
 10
714.3304022262016
 20
578.1445296657272
 30
0.0
 40
3.0
  0
CIRCLE
  5
EF9
330
17
100
AcDbEntity
  8
0
100
AcDbCircle
 10
865.8608676207994
 20
347.47069793945604
 30
0.0
 40
3.0
  0
CIRCLE
  5
EFA
330
17
100
AcDbEntity
  8
0
100
AcDbCircle
 10
743.3119680670078
 20
889.4359435095275
 30
0.0
 40
3.0
  0
CIRCLE
  5
EFB
330
17
100
AcDbEntity
  8
0
100
AcDbCircle
 10
428.30284190340285
 20
3.6438366017696335
 30
0.0
 40
3.0
  0
CIRCLE
  5
EFC
330
17
100
AcDbEntity
  8
0
100
AcDbCircle
 10
953.3630442789213
 20
187.4276708599748
 30
0.0
 40
3.0
  0
CIRCLE
  5
EFD
330
17
100
AcDbEntity
  8
0
100
AcDbCircle
 10
878.9542334891479
 20
625.1057800134145
 30
0.0
 40
3.0
  0
CIRCLE
  5
EFE
330
17
100
AcDbEntity
  8
0
100
AcDbCircle
 10
636.946618160688
 20
725.7077375750388
 30
0.0
 40
3.0
  0
CIRCLE
  5
EFF
330
17
100
AcDbEntity
  8
0
100
AcDbCircle
 10
495.4412620461858
 20
253.8546112323609
 30
0.0
 40
3.0
  0
CIRCLE
  5
F00
330
17
100
AcDbEntity
  8
0
100
AcDbCircle
 10
159.5702981613415
 20
795.3541754397621
 30
0.0
 40
3.0
  0
CIRCLE
  5
F01
330
17
100
AcDbEntity
  8
0
100
AcDbCircle
 10
420.1665466576624
 20
684.4521975786685
 30
0.0
 40
3.0
  0
CIRCLE
  5
F02
330
17
100
AcDbEntity
  8
0
100
AcDbCircle
 10
345.86841866237506
 20
874.4471436941008
 30
0.0
 40
3.0
  0
CIRCLE
  5
F03
330
17
100
AcDbEntity
  8
0
100
AcDbCircle
 10
218.79453354391214
 20
895.1316198927457
 30
0.0
 40
3.0
  0
CIRCLE
  5
F04
330
17
100
AcDbEntity
  8
0
100
AcDbCircle
 10
560.7907440067851
 20
403.727593176813
 30
0.0
 40
3.0
  0
CIRCLE
  5
F05
330
17
100
AcDbEntity
  8
0
100
AcDbCircle
 10
569.7025425925203
 20
147.6125869794407
 30
0.0
 40
3.0
  0
CIRCLE
  5
F06
330
17
100
AcDbEntity
  8
0
100
AcDbCircle
 10
222.65547629975865
 20
394.76768091621426
 30
0.0
 40
3.0
  0
CIRCLE
  5
F07
330
17
100
AcDbEntity
  8
0
100
AcDbCircle
 10
877.4718890914477
 20
390.2521196283408
 30
0.0
 40
3.0
  0
CIRCLE
  5
F08
330
17
100
AcDbEntity
  8
0
100
AcDbCircle
 10
229.6326808336696
 20
813.1114187062853
 30
0.0
 40
3.0
  0
CIRCLE
  5
F09
330
17
100
AcDbEntity
  8
0
100
AcDbCircle
 10
728.6909968396573
 20
182.48402451886062
 30
0.0
 40
3.0
  0
CIRCLE
  5
F0A
330
17
100
AcDbEntity
  8
0
100
AcDbCircle
 10
304.42931704385677
 20
4.480634003449729
 30
0.0
 40
3.0
  0
CIRCLE
  5
F0B
330
17
100
AcDbEntity
  8
0
100
AcDbCircle
 10
153.2583223944701
 20
730.5094102978999
 30
0.0
 40
3.0
  0
CIRCLE
  5
F0C
330
17
100
AcDbEntity
  8
0
100
AcDbCircle
 10
790.5762932609829
 20
622.9012648451142
 30
0.0
 40
3.0
  0
CIRCLE
  5
F0D
330
17
100
AcDbEntity
  8
0
100
AcDbCircle
 10
285.3491696349926
 20
352.0517530770657
 30
0.0
 40
3.0
  0
CIRCLE
  5
F0E
330
17
100
AcDbEntity
  8
0
100
AcDbCircle
 10
14.487882673830462
 20
213.52679295872082
 30
0.0
 40
3.0
  0
CIRCLE
  5
F0F
330
17
100
AcDbEntity
  8
0
100
AcDbCircle
 10
592.9140425283424
 20
736.1075680283434
 30
0.0
 40
3.0
  0
CIRCLE
  5
F10
330
17
100
AcDbEntity
  8
0
100
AcDbCircle
 10
61.512176334657674
 20
223.56715222935205
 30
0.0
 40
3.0
  0
CIRCLE
  5
F11
330
17
100
AcDbEntity
  8
0
100
AcDbCircle
 10
463.3403782544832
 20
571.3143500285461
 30
0.0
 40
3.0
  0
CIRCLE
  5
F12
330
17
100
AcDbEntity
  8
0
100
AcDbCircle
 10
519.2866786284083
 20
943.6746539191786
 30
0.0
 40
3.0
  0
CIRCLE
  5
F13
330
17
100
AcDbEntity
  8
0
100
AcDbCircle
 10
520.9059627246157
 20
897.0449283707702
 30
0.0
 40
3.0
  0
CIRCLE
  5
F14
330
17
100
AcDbEntity
  8
0
100
AcDbCircle
 10
350.5343555542605
 20
836.048468777205
 30
0.0
 40
3.0
  0
CIRCLE
  5
F15
330
17
100
AcDbEntity
  8
0
100
AcDbCircle
 10
237.66571562541037
 20
86.01610536257922
 30
0.0
 40
3.0
  0
CIRCLE
  5
F16
330
17
100
AcDbEntity
  8
0
100
AcDbCircle
 10
895.5814319547109
 20
837.4284421854604
 30
0.0
 40
3.0
  0
CIRCLE
  5
F17
330
17
100
AcDbEntity
  8
0
100
AcDbCircle
 10
965.7259022025037
 20
688.815434177391
 30
0.0
 40
3.0
  0
CIRCLE
  5
F18
330
17
100
AcDbEntity
  8
0
100
AcDbCircle
 10
290.04714402367955
 20
933.6793140282613
 30
0.0
 40
3.0
  0
CIRCLE
  5
F19
330
17
100
AcDbEntity
  8
0
100
AcDbCircle
 10
980.6287820577435
 20
154.13794448468533
 30
0.0
 40
3.0
  0
CIRCLE
  5
F1A
330
17
100
AcDbEntity
  8
0
100
AcDbCircle
 10
585.1054154488262
 20
543.9019573620218
 30
0.0
 40
3.0
  0
CIRCLE
  5
F1B
330
17
100
AcDbEntity
  8
0
100
AcDbCircle
 10
527.1460730741132
 20
918.9287669453196
 30
0.0
 40
3.0
  0
CIRCLE
  5
F1C
330
17
100
AcDbEntity
  8
0
100
AcDbCircle
 10
62.040230673093944
 20
285.535218266482
 30
0.0
 40
3.0
  0
CIRCLE
  5
F1D
330
17
100
AcDbEntity
  8
0
100
AcDbCircle
 10
719.8798774053353
 20
513.548166743215
 30
0.0
 40
3.0
  0
CIRCLE
  5
F1E
330
17
100
AcDbEntity
  8
0
100
AcDbCircle
 10
167.1745851345293
 20
972.8986948469734
 30
0.0
 40
3.0
  0
CIRCLE
  5
F1F
330
17
100
AcDbEntity
  8
0
100
AcDbCircle
 10
56.24175006779807
 20
630.3555951031564
 30
0.0
 40
3.0
  0
CIRCLE
  5
F20
330
17
100
AcDbEntity
  8
0
100
AcDbCircle
 10
805.330751413415
 20
485.09599807188766
 30
0.0
 40
3.0
  0
CIRCLE
  5
F21
330
17
100
AcDbEntity
  8
0
100
AcDbCircle
 10
817.1587473506938
 20
845.2444008117147
 30
0.0
 40
3.0
  0
CIRCLE
  5
F22
330
17
100
AcDbEntity
  8
0
100
AcDbCircle
 10
618.3821401594461
 20
335.7697297606274
 30
0.0
 40
3.0
  0
CIRCLE
  5
F23
330
17
100
AcDbEntity
  8
0
100
AcDbCircle
 10
447.78644127944165
 20
977.7385982522778
 30
0.0
 40
3.0
  0
CIRCLE
  5
F24
330
17
100
AcDbEntity
  8
0
100
AcDbCircle
 10
989.2805411974615
 20
647.8167105434976
 30
0.0
 40
3.0
  0
CIRCLE
  5
F25
330
17
100
AcDbEntity
  8
0
100
AcDbCircle
 10
435.1247684745326
 20
570.2009647443479
 30
0.0
 40
3.0
  0
CIRCLE
  5
F26
330
17
100
AcDbEntity
  8
0
100
AcDbCircle
 10
450.67059121759405
 20
274.69255725984266
 30
0.0
 40
3.0
  0
CIRCLE
  5
F27
330
17
100
AcDbEntity
  8
0
100
AcDbCircle
 10
107.8475995771633
 20
986.6577104014701
 30
0.0
 40
3.0
  0
CIRCLE
  5
F28
330
17
100
AcDbEntity
  8
0
100
AcDbCircle
 10
706.590721957605
 20
824.6074410842663
 30
0.0
 40
3.0
  0
CIRCLE
  5
F29
330
17
100
AcDbEntity
  8
0
100
AcDbCircle
 10
712.9144685338699
 20
974.7796546819156
 30
0.0
 40
3.0
  0
CIRCLE
  5
F2A
330
17
100
AcDbEntity
  8
0
100
AcDbCircle
 10
534.8964815350644
 20
640.5215708985894
 30
0.0
 40
3.0
  0
CIRCLE
  5
F2B
330
17
100
AcDbEntity
  8
0
100
AcDbCircle
 10
58.13637435501972
 20
89.24202687652487
 30
0.0
 40
3.0
  0
CIRCLE
  5
F2C
330
17
100
AcDbEntity
  8
0
100
AcDbCircle
 10
620.0932057910856
 20
297.81910838910915
 30
0.0
 40
3.0
  0
CIRCLE
  5
F2D
330
17
100
AcDbEntity
  8
0
100
AcDbCircle
 10
433.7948908237197
 20
426.0456828961834
 30
0.0
 40
3.0
  0
CIRCLE
  5
F2E
330
17
100
AcDbEntity
  8
0
100
AcDbCircle
 10
99.49454087274827
 20
864.0685946649005
 30
0.0
 40
3.0
  0
CIRCLE
  5
F2F
330
17
100
AcDbEntity
  8
0
100
AcDbCircle
 10
600.9919836390369
 20
212.2757737359539
 30
0.0
 40
3.0
  0
CIRCLE
  5
F30
330
17
100
AcDbEntity
  8
0
100
AcDbCircle
 10
916.3318839686794
 20
422.88752080727636
 30
0.0
 40
3.0
  0
CIRCLE
  5
F31
330
17
100
AcDbEntity
  8
0
100
AcDbCircle
 10
339.1256216363948
 20
662.6771414955915
 30
0.0
 40
3.0
  0
CIRCLE
  5
F32
330
17
100
AcDbEntity
  8
0
100
AcDbCircle
 10
784.0504827848911
 20
439.70825752921826
 30
0.0
 40
3.0
  0
CIRCLE
  5
F33
330
17
100
AcDbEntity
  8
0
100
AcDbCircle
 10
848.8684903093339
 20
36.635535526221574
 30
0.0
 40
3.0
  0
CIRCLE
  5
F34
330
17
100
AcDbEntity
  8
0
100
AcDbCircle
 10
26.361292202866586
 20
326.63120932342065
 30
0.0
 40
3.0
  0
CIRCLE
  5
F35
330
17
100
AcDbEntity
  8
0
100
AcDbCircle
 10
520.4044454946021
 20
950.5462756423951
 30
0.0
 40
3.0
  0
CIRCLE
  5
F36
330
17
100
AcDbEntity
  8
0
100
AcDbCircle
 10
370.59583930258447
 20
221.4244480118762
 30
0.0
 40
3.0
  0
CIRCLE
  5
F37
330
17
100
AcDbEntity
  8
0
100
AcDbCircle
 10
344.5169191384957
 20
806.1987197721634
 30
0.0
 40
3.0
  0
CIRCLE
  5
F38
330
17
100
AcDbEntity
  8
0
100
AcDbCircle
 10
200.3166369944663
 20
819.2795522458476
 30
0.0
 40
3.0
  0
CIRCLE
  5
F39
330
17
100
AcDbEntity
  8
0
100
AcDbCircle
 10
995.1664541917985
 20
344.2204411026674
 30
0.0
 40
3.0
  0
CIRCLE
  5
F3A
330
17
100
AcDbEntity
  8
0
100
AcDbCircle
 10
347.3588250737434
 20
995.6410396114524
 30
0.0
 40
3.0
  0
CIRCLE
  5
F3B
330
17
100
AcDbEntity
  8
0
100
AcDbCircle
 10
453.54208248358736
 20
253.93784822967112
 30
0.0
 40
3.0
  0
CIRCLE
  5
F3C
330
17
100
AcDbEntity
  8
0
100
AcDbCircle
 10
344.7981731308142
 20
791.8567053675127
 30
0.0
 40
3.0
  0
CIRCLE
  5
F3D
330
17
100
AcDbEntity
  8
0
100
AcDbCircle
 10
861.9707167771409
 20
645.718479195246
 30
0.0
 40
3.0
  0
CIRCLE
  5
F3E
330
17
100
AcDbEntity
  8
0
100
AcDbCircle
 10
281.0854762583184
 20
176.07185683915188
 30
0.0
 40
3.0
  0
CIRCLE
  5
F3F
330
17
100
AcDbEntity
  8
0
100
AcDbCircle
 10
959.5076604493576
 20
703.4642811753996
 30
0.0
 40
3.0
  0
CIRCLE
  5
F40
330
17
100
AcDbEntity
  8
0
100
AcDbCircle
 10
341.52334710919797
 20
263.7791211554602
 30
0.0
 40
3.0
  0
CIRCLE
  5
F41
330
17
100
AcDbEntity
  8
0
100
AcDbCircle
 10
583.4461713847315
 20
262.01850809467663
 30
0.0
 40
3.0
  0
CIRCLE
  5
F42
330
17
100
AcDbEntity
  8
0
100
AcDbCircle
 10
108.34501892334697
 20
774.9009468002841
 30
0.0
 40
3.0
  0
CIRCLE
  5
F43
330
17
100
AcDbEntity
  8
0
100
AcDbCircle
 10
26.066323342775593
 20
852.4264881171633
 30
0.0
 40
3.0
  0
CIRCLE
  5
F44
330
17
100
AcDbEntity
  8
0
100
AcDbCircle
 10
767.022085226184
 20
169.45590490110445
 30
0.0
 40
3.0
  0
CIRCLE
  5
F45
330
17
100
AcDbEntity
  8
0
100
AcDbCircle
 10
371.9045600006371
 20
128.09927024829835
 30
0.0
 40
3.0
  0
CIRCLE
  5
F46
330
17
100
AcDbEntity
  8
0
100
AcDbCircle
 10
488.5325739361106
 20
611.0045650783992
 30
0.0
 40
3.0
  0
CIRCLE
  5
F47
330
17
100
AcDbEntity
  8
0
100
AcDbCircle
 10
4.165622656057657
 20
205.64286588997132
 30
0.0
 40
3.0
  0
CIRCLE
  5
F48
330
17
100
AcDbEntity
  8
0
100
AcDbCircle
 10
225.95225142898764
 20
990.1166325110205
 30
0.0
 40
3.0
  0
CIRCLE
  5
F49
330
17
100
AcDbEntity
  8
0
100
AcDbCircle
 10
986.1062095142955
 20
498.82017096198706
 30
0.0
 40
3.0
  0
CIRCLE
  5
F4A
330
17
100
AcDbEntity
  8
0
100
AcDbCircle
 10
197.6186177688205
 20
355.12378409436565
 30
0.0
 40
3.0
  0
CIRCLE
  5
F4B
330
17
100
AcDbEntity
  8
0
100
AcDbCircle
 10
184.48788987781063
 20
640.8810581906474
 30
0.0
 40
3.0
  0
CIRCLE
  5
F4C
330
17
100
AcDbEntity
  8
0
100
AcDbCircle
 10
247.29906181121208
 20
607.3712339901955
 30
0.0
 40
3.0
  0
CIRCLE
  5
F4D
330
17
100
AcDbEntity
  8
0
100
AcDbCircle
 10
109.78075296879491
 20
233.62841692808354
 30
0.0
 40
3.0
  0
CIRCLE
  5
F4E
330
17
100
AcDbEntity
  8
0
100
AcDbCircle
 10
920.4305775043451
 20
950.4555242019119
 30
0.0
 40
3.0
  0
CIRCLE
  5
F4F
330
17
100
AcDbEntity
  8
0
100
AcDbCircle
 10
721.1431143707612
 20
148.06516173335456
 30
0.0
 40
3.0
  0
CIRCLE
  5
F50
330
17
100
AcDbEntity
  8
0
100
AcDbCircle
 10
3.687769664763699
 20
476.63808411766513
 30
0.0
 40
3.0
  0
CIRCLE
  5
F51
330
17
100
AcDbEntity
  8
0
100
AcDbCircle
 10
782.9617075506816
 20
467.13255251711354
 30
0.0
 40
3.0
  0
CIRCLE
  5
F52
330
17
100
AcDbEntity
  8
0
100
AcDbCircle
 10
947.2255340437416
 20
479.0317855482703
 30
0.0
 40
3.0
  0
CIRCLE
  5
F53
330
17
100
AcDbEntity
  8
0
100
AcDbCircle
 10
681.0824773702471
 20
570.9689222303472
 30
0.0
 40
3.0
  0
CIRCLE
  5
F54
330
17
100
AcDbEntity
  8
0
100
AcDbCircle
 10
508.21635533300656
 20
638.4339541537294
 30
0.0
 40
3.0
  0
CIRCLE
  5
F55
330
17
100
AcDbEntity
  8
0
100
AcDbCircle
 10
108.56726565219775
 20
825.0478139767159
 30
0.0
 40
3.0
  0
CIRCLE
  5
F56
330
17
100
AcDbEntity
  8
0
100
AcDbCircle
 10
6.693353258973649
 20
892.1762107118327
 30
0.0
 40
3.0
  0
CIRCLE
  5
F57
330
17
100
AcDbEntity
  8
0
100
AcDbCircle
 10
652.6498413525817
 20
583.1938764492451
 30
0.0
 40
3.0
  0
CIRCLE
  5
F58
330
17
100
AcDbEntity
  8
0
100
AcDbCircle
 10
249.37431025092968
 20
794.9733182213008
 30
0.0
 40
3.0
  0
CIRCLE
  5
F59
330
17
100
AcDbEntity
  8
0
100
AcDbCircle
 10
823.2484036754502
 20
891.8232737782903
 30
0.0
 40
3.0
  0
CIRCLE
  5
F5A
330
17
100
AcDbEntity
  8
0
100
AcDbCircle
 10
17.572777645235597
 20
242.0460261031974
 30
0.0
 40
3.0
  0
CIRCLE
  5
F5B
330
17
100
AcDbEntity
  8
0
100
AcDbCircle
 10
323.0022072074107
 20
362.78333588648644
 30
0.0
 40
3.0
  0
CIRCLE
  5
F5C
330
17
100
AcDbEntity
  8
0
100
AcDbCircle
 10
4.634892975144269
 20
133.9790968398326
 30
0.0
 40
3.0
  0
CIRCLE
  5
F5D
330
17
100
AcDbEntity
  8
0
100
AcDbCircle
 10
880.5238348032506
 20
43.69392774504126
 30
0.0
 40
3.0
  0
CIRCLE
  5
F5E
330
17
100
AcDbEntity
  8
0
100
AcDbCircle
 10
290.46244564278567
 20
917.4290371447196
 30
0.0
 40
3.0
  0
CIRCLE
  5
F5F
330
17
100
AcDbEntity
  8
0
100
AcDbCircle
 10
39.16919663855104
 20
975.247029187916
 30
0.0
 40
3.0
  0
CIRCLE
  5
F60
330
17
100
AcDbEntity
  8
0
100
AcDbCircle
 10
698.4368864875764
 20
201.3110204354034
 30
0.0
 40
3.0
  0
CIRCLE
  5
F61
330
17
100
AcDbEntity
  8
0
100
AcDbCircle
 10
200.80943730473223
 20
836.735493475535
 30
0.0
 40
3.0
  0
CIRCLE
  5
F62
330
17
100
AcDbEntity
  8
0
100
AcDbCircle
 10
5.62373044687864
 20
813.2622428151415
 30
0.0
 40
3.0
  0
CIRCLE
  5
F63
330
17
100
AcDbEntity
  8
0
100
AcDbCircle
 10
318.6795908309966
 20
966.2671303006232
 30
0.0
 40
3.0
  0
CIRCLE
  5
F64
330
17
100
AcDbEntity
  8
0
100
AcDbCircle
 10
751.0460386817101
 20
620.3804947523835
 30
0.0
 40
3.0
  0
CIRCLE
  5
F65
330
17
100
AcDbEntity
  8
0
100
AcDbCircle
 10
33.843918441104826
 20
440.3306384498567
 30
0.0
 40
3.0
  0
CIRCLE
  5
F66
330
17
100
AcDbEntity
  8
0
100
AcDbCircle
 10
228.78656678559773
 20
273.12334198401766
 30
0.0
 40
3.0
  0
CIRCLE
  5
F67
330
17
100
AcDbEntity
  8
0
100
AcDbCircle
 10
72.45392458952912
 20
42.83360784718836
 30
0.0
 40
3.0
  0
CIRCLE
  5
F68
330
17
100
AcDbEntity
  8
0
100
AcDbCircle
 10
967.2055656084802
 20
819.1859258405731
 30
0.0
 40
3.0
  0
CIRCLE
  5
F69
330
17
100
AcDbEntity
  8
0
100
AcDbCircle
 10
373.422624158771
 20
193.03781742698888
 30
0.0
 40
3.0
  0
CIRCLE
  5
F6A
330
17
100
AcDbEntity
  8
0
100
AcDbCircle
 10
955.6264853868504
 20
331.06866525928234
 30
0.0
 40
3.0
  0
CIRCLE
  5
F6B
330
17
100
AcDbEntity
  8
0
100
AcDbCircle
 10
241.34974940309024
 20
217.17326663180916
 30
0.0
 40
3.0
  0
CIRCLE
  5
F6C
330
17
100
AcDbEntity
  8
0
100
AcDbCircle
 10
627.7086901825589
 20
41.26457117435544
 30
0.0
 40
3.0
  0
CIRCLE
  5
F6D
330
17
100
AcDbEntity
  8
0
100
AcDbCircle
 10
354.29980365941674
 20
723.3224565080204
 30
0.0
 40
3.0
  0
CIRCLE
  5
F6E
330
17
100
AcDbEntity
  8
0
100
AcDbCircle
 10
993.3218916750742
 20
4.870092963268776
 30
0.0
 40
3.0
  0
CIRCLE
  5
F6F
330
17
100
AcDbEntity
  8
0
100
AcDbCircle
 10
837.4862039778992
 20
366.17555361298344
 30
0.0
 40
3.0
  0
CIRCLE
  5
F70
330
17
100
AcDbEntity
  8
0
100
AcDbCircle
 10
19.194068782072954
 20
826.2649177699157
 30
0.0
 40
3.0
  0
CIRCLE
  5
F71
330
17
100
AcDbEntity
  8
0
100
AcDbCircle
 10
710.2899406229893
 20
583.910759559851
 30
0.0
 40
3.0
  0
CIRCLE
  5
F72
330
17
100
AcDbEntity
  8
0
100
AcDbCircle
 10
427.3643425213284
 20
834.4322379870617
 30
0.0
 40
3.0
  0
CIRCLE
  5
F73
330
17
100
AcDbEntity
  8
0
100
AcDbCircle
 10
478.86484156292266
 20
344.7372134969982
 30
0.0
 40
3.0
  0
CIRCLE
  5
F74
330
17
100
AcDbEntity
  8
0
100
AcDbCircle
 10
683.0101972884752
 20
680.2267821190998
 30
0.0
 40
3.0
  0
CIRCLE
  5
F75
330
17
100
AcDbEntity
  8
0
100
AcDbCircle
 10
16.501094009762785
 20
414.58469614499285
 30
0.0
 40
3.0
  0
CIRCLE
  5
F76
330
17
100
AcDbEntity
  8
0
100
AcDbCircle
 10
195.93773433657012
 20
138.0577039103719
 30
0.0
 40
3.0
  0
CIRCLE
  5
F77
330
17
100
AcDbEntity
  8
0
100
AcDbCircle
 10
672.4264329521768
 20
838.8502266157057
 30
0.0
 40
3.0
  0
CIRCLE
  5
F78
330
17
100
AcDbEntity
  8
0
100
AcDbCircle
 10
536.0099310823693
 20
929.5646404598953
 30
0.0
 40
3.0
  0
CIRCLE
  5
F79
330
17
100
AcDbEntity
  8
0
100
AcDbCircle
 10
150.31754394224748
 20
119.75647388486014
 30
0.0
 40
3.0
  0
CIRCLE
  5
F7A
330
17
100
AcDbEntity
  8
0
100
AcDbCircle
 10
294.60651774065263
 20
48.609619115306735
 30
0.0
 40
3.0
  0
CIRCLE
  5
F7B
330
17
100
AcDbEntity
  8
0
100
AcDbCircle
 10
105.2925152240386
 20
3.102399365300034
 30
0.0
 40
3.0
  0
CIRCLE
  5
F7C
330
17
100
AcDbEntity
  8
0
100
AcDbCircle
 10
255.82436363182902
 20
748.5054258042281
 30
0.0
 40
3.0
  0
CIRCLE
  5
F7D
330
17
100
AcDbEntity
  8
0
100
AcDbCircle
 10
89.14791723830176
 20
840.5041616703952
 30
0.0
 40
3.0
  0
CIRCLE
  5
F7E
330
17
100
AcDbEntity
  8
0
100
AcDbCircle
 10
796.4891485081688
 20
931.2524153709863
 30
0.0
 40
3.0
  0
CIRCLE
  5
F7F
330
17
100
AcDbEntity
  8
0
100
AcDbCircle
 10
588.1897142322571
 20
194.35101420139043
 30
0.0
 40
3.0
  0
CIRCLE
  5
F80
330
17
100
AcDbEntity
  8
0
100
AcDbCircle
 10
573.6391427101056
 20
192.20874731982215
 30
0.0
 40
3.0
  0
CIRCLE
  5
F81
330
17
100
AcDbEntity
  8
0
100
AcDbCircle
 10
588.5309114797102
 20
408.64768012434143
 30
0.0
 40
3.0
  0
CIRCLE
  5
F82
330
17
100
AcDbEntity
  8
0
100
AcDbCircle
 10
307.1269430951505
 20
849.5549800117922
 30
0.0
 40
3.0
  0
CIRCLE
  5
F83
330
17
100
AcDbEntity
  8
0
100
AcDbCircle
 10
996.307795079952
 20
660.6023610551847
 30
0.0
 40
3.0
  0
CIRCLE
  5
F84
330
17
100
AcDbEntity
  8
0
100
AcDbCircle
 10
965.5306914002508
 20
20.424850485236227
 30
0.0
 40
3.0
  0
CIRCLE
  5
F85
330
17
100
AcDbEntity
  8
0
100
AcDbCircle
 10
683.6365398402994
 20
31.724520252943748
 30
0.0
 40
3.0
  0
CIRCLE
  5
F86
330
17
100
AcDbEntity
  8
0
100
AcDbCircle
 10
955.8118420021498
 20
753.6991063119325
 30
0.0
 40
3.0
  0
CIRCLE
  5
F87
330
17
100
AcDbEntity
  8
0
100
AcDbCircle
 10
937.3681014381744
 20
474.51826037668525
 30
0.0
 40
3.0
  0
CIRCLE
  5
F88
330
17
100
AcDbEntity
  8
0
100
AcDbCircle
 10
772.797538585865
 20
436.511985900994
 30
0.0
 40
3.0
  0
CIRCLE
  5
F89
330
17
100
AcDbEntity
  8
0
100
AcDbCircle
 10
856.6945883298656
 20
195.74823993812052
 30
0.0
 40
3.0
  0
CIRCLE
  5
F8A
330
17
100
AcDbEntity
  8
0
100
AcDbCircle
 10
172.2235212184913
 20
673.9199282603362
 30
0.0
 40
3.0
  0
CIRCLE
  5
F8B
330
17
100
AcDbEntity
  8
0
100
AcDbCircle
 10
715.4003473564502
 20
910.6750323246339
 30
0.0
 40
3.0
  0
CIRCLE
  5
F8C
330
17
100
AcDbEntity
  8
0
100
AcDbCircle
 10
853.9812292261764
 20
996.4028292271702
 30
0.0
 40
3.0
  0
CIRCLE
  5
F8D
330
17
100
AcDbEntity
  8
0
100
AcDbCircle
 10
814.087117641804
 20
839.8227950669187
 30
0.0
 40
3.0
  0
CIRCLE
  5
F8E
330
17
100
AcDbEntity
  8
0
100
AcDbCircle
 10
867.7670606524474
 20
27.42204137033535
 30
0.0
 40
3.0
  0
CIRCLE
  5
F8F
330
17
100
AcDbEntity
  8
0
100
AcDbCircle
 10
991.2828054624625
 20
40.33307189516283
 30
0.0
 40
3.0
  0
CIRCLE
  5
F90
330
17
100
AcDbEntity
  8
0
100
AcDbCircle
 10
154.2002287685813
 20
984.4099473222616
 30
0.0
 40
3.0
  0
CIRCLE
  5
F91
330
17
100
AcDbEntity
  8
0
100
AcDbCircle
 10
340.87796492955005
 20
523.8026927478124
 30
0.0
 40
3.0
  0
CIRCLE
  5
F92
330
17
100
AcDbEntity
  8
0
100
AcDbCircle
 10
708.7665221558708
 20
70.44579867222726
 30
0.0
 40
3.0
  0
CIRCLE
  5
F93
330
17
100
AcDbEntity
  8
0
100
AcDbCircle
 10
435.9991506251912
 20
711.9869388491021
 30
0.0
 40
3.0
  0
CIRCLE
  5
F94
330
17
100
AcDbEntity
  8
0
100
AcDbCircle
 10
914.2007871998679
 20
599.5246852323053
 30
0.0
 40
3.0
  0
CIRCLE
  5
F95
330
17
100
AcDbEntity
  8
0
100
AcDbCircle
 10
386.85205548862666
 20
591.1175694509103
 30
0.0
 40
3.0
  0
CIRCLE
  5
F96
330
17
100
AcDbEntity
  8
0
100
AcDbCircle
 10
843.3466277617489
 20
315.05522856001966
 30
0.0
 40
3.0
  0
CIRCLE
  5
F97
330
17
100
AcDbEntity
  8
0
100
AcDbCircle
 10
822.876604304869
 20
276.3040451071348
 30
0.0
 40
3.0
  0
CIRCLE
  5
F98
330
17
100
AcDbEntity
  8
0
100
AcDbCircle
 10
59.83020188306796
 20
334.4463716418519
 30
0.0
 40
3.0
  0
CIRCLE
  5
F99
330
17
100
AcDbEntity
  8
0
100
AcDbCircle
 10
579.3969897058855
 20
397.40106538340564
 30
0.0
 40
3.0
  0
CIRCLE
  5
F9A
330
17
100
AcDbEntity
  8
0
100
AcDbCircle
 10
799.9708597066065
 20
702.5277706624886
 30
0.0
 40
3.0
  0
CIRCLE
  5
F9B
330
17
100
AcDbEntity
  8
0
100
AcDbCircle
 10
627.6310417972795
 20
583.6167414147368
 30
0.0
 40
3.0
  0
CIRCLE
  5
F9C
330
17
100
AcDbEntity
  8
0
100
AcDbCircle
 10
634.7169275258882
 20
294.157430956327
 30
0.0
 40
3.0
  0
CIRCLE
  5
F9D
330
17
100
AcDbEntity
  8
0
100
AcDbCircle
 10
349.0695625955727
 20
846.840125363413
 30
0.0
 40
3.0
  0
CIRCLE
  5
F9E
330
17
100
AcDbEntity
  8
0
100
AcDbCircle
 10
111.66067207845032
 20
541.1253970400263
 30
0.0
 40
3.0
  0
CIRCLE
  5
F9F
330
17
100
AcDbEntity
  8
0
100
AcDbCircle
 10
670.354182959755
 20
412.66979411113067
 30
0.0
 40
3.0
  0
CIRCLE
  5
FA0
330
17
100
AcDbEntity
  8
0
100
AcDbCircle
 10
794.8841436061996
 20
616.465013408281
 30
0.0
 40
3.0
  0
CIRCLE
  5
FA1
330
17
100
AcDbEntity
  8
0
100
AcDbCircle
 10
196.87651227008416
 20
505.50307501726553
 30
0.0
 40
3.0
  0
CIRCLE
  5
FA2
330
17
100
AcDbEntity
  8
0
100
AcDbCircle
 10
381.0128577781426
 20
31.23872212460986
 30
0.0
 40
3.0
  0
CIRCLE
  5
FA3
330
17
100
AcDbEntity
  8
0
100
AcDbCircle
 10
49.09419775375114
 20
297.07708571878896
 30
0.0
 40
3.0
  0
CIRCLE
  5
FA4
330
17
100
AcDbEntity
  8
0
100
AcDbCircle
 10
10.587983954978725
 20
524.0268302329201
 30
0.0
 40
3.0
  0
CIRCLE
  5
FA5
330
17
100
AcDbEntity
  8
0
100
AcDbCircle
 10
740.5906405773082
 20
270.2877160714452
 30
0.0
 40
3.0
  0
CIRCLE
  5
FA6
330
17
100
AcDbEntity
  8
0
100
AcDbCircle
 10
856.0085350207828
 20
343.4780012291635
 30
0.0
 40
3.0
  0
CIRCLE
  5
FA7
330
17
100
AcDbEntity
  8
0
100
AcDbCircle
 10
400.17610428551694
 20
883.7575565063157
 30
0.0
 40
3.0
  0
CIRCLE
  5
FA8
330
17
100
AcDbEntity
  8
0
100
AcDbCircle
 10
894.8700646351491
 20
470.6649928540618
 30
0.0
 40
3.0
  0
CIRCLE
  5
FA9
330
17
100
AcDbEntity
  8
0
100
AcDbCircle
 10
27.359126928491253
 20
228.06209587853735
 30
0.0
 40
3.0
  0
CIRCLE
  5
FAA
330
17
100
AcDbEntity
  8
0
100
AcDbCircle
 10
506.7703103058488
 20
497.43850653660394
 30
0.0
 40
3.0
  0
CIRCLE
  5
FAB
330
17
100
AcDbEntity
  8
0
100
AcDbCircle
 10
941.0637280396817
 20
654.2882907770897
 30
0.0
 40
3.0
  0
CIRCLE
  5
FAC
330
17
100
AcDbEntity
  8
0
100
AcDbCircle
 10
643.0439482011558
 20
126.53776276951992
 30
0.0
 40
3.0
  0
CIRCLE
  5
FAD
330
17
100
AcDbEntity
  8
0
100
AcDbCircle
 10
605.372877420647
 20
846.8907144233106
 30
0.0
 40
3.0
  0
CIRCLE
  5
FAE
330
17
100
AcDbEntity
  8
0
100
AcDbCircle
 10
659.2587699515158
 20
869.6119589340254
 30
0.0
 40
3.0
  0
CIRCLE
  5
FAF
330
17
100
AcDbEntity
  8
0
100
AcDbCircle
 10
286.4592379446549
 20
155.5773080153715
 30
0.0
 40
3.0
  0
CIRCLE
  5
FB0
330
17
100
AcDbEntity
  8
0
100
AcDbCircle
 10
990.2897566560271
 20
182.56608337056102
 30
0.0
 40
3.0
  0
CIRCLE
  5
FB1
330
17
100
AcDbEntity
  8
0
100
AcDbCircle
 10
67.4990368965122
 20
750.5111731697458
 30
0.0
 40
3.0
  0
CIRCLE
  5
FB2
330
17
100
AcDbEntity
  8
0
100
AcDbCircle
 10
356.72180772638137
 20
121.45875762197186
 30
0.0
 40
3.0
  0
CIRCLE
  5
FB3
330
17
100
AcDbEntity
  8
0
100
AcDbCircle
 10
666.9677288639099
 20
278.45292337014877
 30
0.0
 40
3.0
  0
CIRCLE
  5
FB4
330
17
100
AcDbEntity
  8
0
100
AcDbCircle
 10
12.501550030144877
 20
585.3428042116814
 30
0.0
 40
3.0
  0
CIRCLE
  5
FB5
330
17
100
AcDbEntity
  8
0
100
AcDbCircle
 10
950.0204147722949
 20
592.8275973742509
 30
0.0
 40
3.0
  0
CIRCLE
  5
FB6
330
17
100
AcDbEntity
  8
0
100
AcDbCircle
 10
995.196366772313
 20
895.8678254126253
 30
0.0
 40
3.0
  0
CIRCLE
  5
FB7
330
17
100
AcDbEntity
  8
0
100
AcDbCircle
 10
362.70873893001345
 20
99.13562594468841
 30
0.0
 40
3.0
  0
CIRCLE
  5
FB8
330
17
100
AcDbEntity
  8
0
100
AcDbCircle
 10
6.829759784008843
 20
308.2170675471878
 30
0.0
 40
3.0
  0
CIRCLE
  5
FB9
330
17
100
AcDbEntity
  8
0
100
AcDbCircle
 10
496.2056517323898
 20
395.6882042558234
 30
0.0
 40
3.0
  0
CIRCLE
  5
FBA
330
17
100
AcDbEntity
  8
0
100
AcDbCircle
 10
980.9179318395721
 20
70.43967607744699
 30
0.0
 40
3.0
  0
CIRCLE
  5
FBB
330
17
100
AcDbEntity
  8
0
100
AcDbCircle
 10
380.2954085823482
 20
77.24519773641305
 30
0.0
 40
3.0
  0
CIRCLE
  5
FBC
330
17
100
AcDbEntity
  8
0
100
AcDbCircle
 10
461.8989968409
 20
563.6539495056161
 30
0.0
 40
3.0
  0
CIRCLE
  5
FBD
330
17
100
AcDbEntity
  8
0
100
AcDbCircle
 10
810.5420877406646
 20
661.0474577580944
 30
0.0
 40
3.0
  0
CIRCLE
  5
FBE
330
17
100
AcDbEntity
  8
0
100
AcDbCircle
 10
675.5337809978349
 20
700.7493231366216
 30
0.0
 40
3.0
  0
CIRCLE
  5
FBF
330
17
100
AcDbEntity
  8
0
100
AcDbCircle
 10
335.55585788274306
 20
845.5231015992099
 30
0.0
 40
3.0
  0
CIRCLE
  5
FC0
330
17
100
AcDbEntity
  8
0
100
AcDbCircle
 10
297.68149895455826
 20
305.7287225632776
 30
0.0
 40
3.0
  0
CIRCLE
  5
FC1
330
17
100
AcDbEntity
  8
0
100
AcDbCircle
 10
584.1537029218838
 20
126.70308897424289
 30
0.0
 40
3.0
  0
CIRCLE
  5
FC2
330
17
100
AcDbEntity
  8
0
100
AcDbCircle
 10
742.7663388632825
 20
293.49336009709936
 30
0.0
 40
3.0
  0
CIRCLE
  5
FC3
330
17
100
AcDbEntity
  8
0
100
AcDbCircle
 10
351.6886080984783
 20
29.689114127435737
 30
0.0
 40
3.0
  0
CIRCLE
  5
FC4
330
17
100
AcDbEntity
  8
0
100
AcDbCircle
 10
502.8458810390235
 20
857.252139127576
 30
0.0
 40
3.0
  0
CIRCLE
  5
FC5
330
17
100
AcDbEntity
  8
0
100
AcDbCircle
 10
164.9919253909968
 20
229.56616850890083
 30
0.0
 40
3.0
  0
CIRCLE
  5
FC6
330
17
100
AcDbEntity
  8
0
100
AcDbCircle
 10
871.8817523124754
 20
35.520253777213625
 30
0.0
 40
3.0
  0
CIRCLE
  5
FC7
330
17
100
AcDbEntity
  8
0
100
AcDbCircle
 10
570.1881239897098
 20
731.2738785069572
 30
0.0
 40
3.0
  0
CIRCLE
  5
FC8
330
17
100
AcDbEntity
  8
0
100
AcDbCircle
 10
710.4500423001424
 20
283.2220830767573
 30
0.0
 40
3.0
  0
CIRCLE
  5
FC9
330
17
100
AcDbEntity
  8
0
100
AcDbCircle
 10
244.08184318975717
 20
82.9847711658495
 30
0.0
 40
3.0
  0
CIRCLE
  5
FCA
330
17
100
AcDbEntity
  8
0
100
AcDbCircle
 10
930.0340406863486
 20
704.2350501851768
 30
0.0
 40
3.0
  0
CIRCLE
  5
FCB
330
17
100
AcDbEntity
  8
0
100
AcDbCircle
 10
130.42991592404056
 20
245.8820203200564
 30
0.0
 40
3.0
  0
CIRCLE
  5
FCC
330
17
100
AcDbEntity
  8
0
100
AcDbCircle
 10
734.3941955391929
 20
835.1984641190396
 30
0.0
 40
3.0
  0
CIRCLE
  5
FCD
330
17
100
AcDbEntity
  8
0
100
AcDbCircle
 10
362.8498232083427
 20
754.7429743479087
 30
0.0
 40
3.0
  0
CIRCLE
  5
FCE
330
17
100
AcDbEntity
  8
0
100
AcDbCircle
 10
208.80773202084023
 20
195.09037765336637
 30
0.0
 40
3.0
  0
CIRCLE
  5
FCF
330
17
100
AcDbEntity
  8
0
100
AcDbCircle
 10
883.484934810656
 20
748.8445066655992
 30
0.0
 40
3.0
  0
CIRCLE
  5
FD0
330
17
100
AcDbEntity
  8
0
100
AcDbCircle
 10
924.1817398735488
 20
463.6066280516383
 30
0.0
 40
3.0
  0
CIRCLE
  5
FD1
330
17
100
AcDbEntity
  8
0
100
AcDbCircle
 10
30.20586147691357
 20
64.19890735457278
 30
0.0
 40
3.0
  0
CIRCLE
  5
FD2
330
17
100
AcDbEntity
  8
0
100
AcDbCircle
 10
721.3195260314991
 20
796.8550768829393
 30
0.0
 40
3.0
  0
CIRCLE
  5
FD3
330
17
100
AcDbEntity
  8
0
100
AcDbCircle
 10
941.0340317635441
 20
207.85304857945096
 30
0.0
 40
3.0
  0
CIRCLE
  5
FD4
330
17
100
AcDbEntity
  8
0
100
AcDbCircle
 10
822.5752344820185
 20
660.3241995947084
 30
0.0
 40
3.0
  0
CIRCLE
  5
FD5
330
17
100
AcDbEntity
  8
0
100
AcDbCircle
 10
467.32440834463785
 20
591.0218864801221
 30
0.0
 40
3.0
  0
CIRCLE
  5
FD6
330
17
100
AcDbEntity
  8
0
100
AcDbCircle
 10
871.565921873878
 20
285.9709668792433
 30
0.0
 40
3.0
  0
CIRCLE
  5
FD7
330
17
100
AcDbEntity
  8
0
100
AcDbCircle
 10
996.4493809359578
 20
416.03194948352274
 30
0.0
 40
3.0
  0
CIRCLE
  5
FD8
330
17
100
AcDbEntity
  8
0
100
AcDbCircle
 10
855.0813526753764
 20
668.6941614370312
 30
0.0
 40
3.0
  0
CIRCLE
  5
FD9
330
17
100
AcDbEntity
  8
0
100
AcDbCircle
 10
854.9087105862259
 20
42.95038680524271
 30
0.0
 40
3.0
  0
CIRCLE
  5
FDA
330
17
100
AcDbEntity
  8
0
100
AcDbCircle
 10
567.8339746032267
 20
14.990908983406522
 30
0.0
 40
3.0
  0
CIRCLE
  5
FDB
330
17
100
AcDbEntity
  8
0
100
AcDbCircle
 10
555.1025010605935
 20
906.4499431579835
 30
0.0
 40
3.0
  0
CIRCLE
  5
FDC
330
17
100
AcDbEntity
  8
0
100
AcDbCircle
 10
406.34569336323483
 20
296.7266205659478
 30
0.0
 40
3.0
  0
CIRCLE
  5
FDD
330
17
100
AcDbEntity
  8
0
100
AcDbCircle
 10
199.599747982893
 20
309.029966892815
 30
0.0
 40
3.0
  0
CIRCLE
  5
FDE
330
17
100
AcDbEntity
  8
0
100
AcDbCircle
 10
190.87509729701824
 20
892.9296349753776
 30
0.0
 40
3.0
  0
CIRCLE
  5
FDF
330
17
100
AcDbEntity
  8
0
100
AcDbCircle
 10
735.2258784683187
 20
616.4435065282993
 30
0.0
 40
3.0
  0
CIRCLE
  5
FE0
330
17
100
AcDbEntity
  8
0
100
AcDbCircle
 10
861.0718887657822
 20
162.0478745006638
 30
0.0
 40
3.0
  0
CIRCLE
  5
FE1
330
17
100
AcDbEntity
  8
0
100
AcDbCircle
 10
286.2112765356153
 20
23.82555746587884
 30
0.0
 40
3.0
  0
CIRCLE
  5
FE2
330
17
100
AcDbEntity
  8
0
100
AcDbCircle
 10
214.28460857674827
 20
727.576966948455
 30
0.0
 40
3.0
  0
CIRCLE
  5
FE3
330
17
100
AcDbEntity
  8
0
100
AcDbCircle
 10
151.30875517233616
 20
476.1293042399875
 30
0.0
 40
3.0
  0
CIRCLE
  5
FE4
330
17
100
AcDbEntity
  8
0
100
AcDbCircle
 10
960.9669757116687
 20
784.8945028600851
 30
0.0
 40
3.0
  0
CIRCLE
  5
FE5
330
17
100
AcDbEntity
  8
0
100
AcDbCircle
 10
155.41277639652904
 20
525.6943914507467
 30
0.0
 40
3.0
  0
CIRCLE
  5
FE6
330
17
100
AcDbEntity
  8
0
100
AcDbCircle
 10
872.572306280621
 20
962.8238861984345
 30
0.0
 40
3.0
  0
CIRCLE
  5
FE7
330
17
100
AcDbEntity
  8
0
100
AcDbCircle
 10
799.1558126920874
 20
772.4656770127597
 30
0.0
 40
3.0
  0
CIRCLE
  5
FE8
330
17
100
AcDbEntity
  8
0
100
AcDbCircle
 10
15.767293623016487
 20
593.2605618209582
 30
0.0
 40
3.0
  0
CIRCLE
  5
FE9
330
17
100
AcDbEntity
  8
0
100
AcDbCircle
 10
891.2299235788151
 20
104.4717187989838
 30
0.0
 40
3.0
  0
CIRCLE
  5
FEA
330
17
100
AcDbEntity
  8
0
100
AcDbCircle
 10
923.0778287228857
 20
497.78239717864795
 30
0.0
 40
3.0
  0
CIRCLE
  5
FEB
330
17
100
AcDbEntity
  8
0
100
AcDbCircle
 10
415.2559005832111
 20
528.1774696091317
 30
0.0
 40
3.0
  0
CIRCLE
  5
FEC
330
17
100
AcDbEntity
  8
0
100
AcDbCircle
 10
305.2280254687984
 20
376.7495394596173
 30
0.0
 40
3.0
  0
CIRCLE
  5
FED
330
17
100
AcDbEntity
  8
0
100
AcDbCircle
 10
505.9360919763921
 20
6.818724132557232
 30
0.0
 40
3.0
  0
CIRCLE
  5
FEE
330
17
100
AcDbEntity
  8
0
100
AcDbCircle
 10
263.5312871312626
 20
818.9341536749694
 30
0.0
 40
3.0
  0
CIRCLE
  5
FEF
330
17
100
AcDbEntity
  8
0
100
AcDbCircle
 10
406.930404616752
 20
982.1480624133756
 30
0.0
 40
3.0
  0
CIRCLE
  5
FF0
330
17
100
AcDbEntity
  8
0
100
AcDbCircle
 10
381.26954879976523
 20
292.11709505613163
 30
0.0
 40
3.0
  0
CIRCLE
  5
FF1
330
17
100
AcDbEntity
  8
0
100
AcDbCircle
 10
268.0073136369725
 20
708.4210670073177
 30
0.0
 40
3.0
  0
CIRCLE
  5
FF2
330
17
100
AcDbEntity
  8
0
100
AcDbCircle
 10
970.462922249632
 20
918.1226016281795
 30
0.0
 40
3.0
  0
CIRCLE
  5
FF3
330
17
100
AcDbEntity
  8
0
100
AcDbCircle
 10
11.671569603731847
 20
800.7540358458248
 30
0.0
 40
3.0
  0
CIRCLE
  5
FF4
330
17
100
AcDbEntity
  8
0
100
AcDbCircle
 10
24.37741634622547
 20
945.99442342151
 30
0.0
 40
3.0
  0
CIRCLE
  5
FF5
330
17
100
AcDbEntity
  8
0
100
AcDbCircle
 10
110.59286426557387
 20
239.7867438575087
 30
0.0
 40
3.0
  0
CIRCLE
  5
FF6
330
17
100
AcDbEntity
  8
0
100
AcDbCircle
 10
169.54950635303052
 20
3.770207278563146
 30
0.0
 40
3.0
  0
CIRCLE
  5
FF7
330
17
100
AcDbEntity
  8
0
100
AcDbCircle
 10
410.3538420265934
 20
834.9665003696831
 30
0.0
 40
3.0
  0
CIRCLE
  5
FF8
330
17
100
AcDbEntity
  8
0
100
AcDbCircle
 10
420.4042350116184
 20
396.01574113018637
 30
0.0
 40
3.0
  0
CIRCLE
  5
FF9
330
17
100
AcDbEntity
  8
0
100
AcDbCircle
 10
269.4708980543829
 20
814.889243099318
 30
0.0
 40
3.0
  0
CIRCLE
  5
FFA
330
17
100
AcDbEntity
  8
0
100
AcDbCircle
 10
152.93241373735742
 20
307.3802521453776
 30
0.0
 40
3.0
  0
CIRCLE
  5
FFB
330
17
100
AcDbEntity
  8
0
100
AcDbCircle
 10
530.4363906301568
 20
555.0628718748278
 30
0.0
 40
3.0
  0
CIRCLE
  5
FFC
330
17
100
AcDbEntity
  8
0
100
AcDbCircle
 10
213.16390088173813
 20
311.6875013033969
 30
0.0
 40
3.0
  0
CIRCLE
  5
FFD
330
17
100
AcDbEntity
  8
0
100
AcDbCircle
 10
227.18960999911832
 20
289.03325401951497
 30
0.0
 40
3.0
  0
CIRCLE
  5
FFE
330
17
100
AcDbEntity
  8
0
100
AcDbCircle
 10
324.27347084751517
 20
834.6918515083585
 30
0.0
 40
3.0
  0
CIRCLE
  5
FFF
330
17
100
AcDbEntity
  8
0
100
AcDbCircle
 10
966.0018525512717
 20
306.59327461281674
 30
0.0
 40
3.0
  0
CIRCLE
  5
1000
330
17
100
AcDbEntity
  8
0
100
AcDbCircle
 10
471.622182500113
 20
219.28394728015232
 30
0.0
 40
3.0
  0
CIRCLE
  5
1001
330
17
100
AcDbEntity
  8
0
100
AcDbCircle
 10
22.91287150073038
 20
858.1369962340306
 30
0.0
 40
3.0
  0
CIRCLE
  5
1002
330
17
100
AcDbEntity
  8
0
100
AcDbCircle
 10
28.919028163906823
 20
651.8350160350792
 30
0.0
 40
3.0
  0
CIRCLE
  5
1003
330
17
100
AcDbEntity
  8
0
100
AcDbCircle
 10
924.8385938320336
 20
225.5754665318213
 30
0.0
 40
3.0
  0
CIRCLE
  5
1004
330
17
100
AcDbEntity
  8
0
100
AcDbCircle
 10
738.4439586451452
 20
321.510874294453
 30
0.0
 40
3.0
  0
CIRCLE
  5
1005
330
17
100
AcDbEntity
  8
0
100
AcDbCircle
 10
768.0959313791855
 20
895.6401417783288
 30
0.0
 40
3.0
  0
CIRCLE
  5
1006
330
17
100
AcDbEntity
  8
0
100
AcDbCircle
 10
24.331959226657766
 20
38.62819283718142
 30
0.0
 40
3.0
  0
CIRCLE
  5
1007
330
17
100
AcDbEntity
  8
0
100
AcDbCircle
 10
13.57175638221872
 20
900.726355816952
 30
0.0
 40
3.0
  0
CIRCLE
  5
1008
330
17
100
AcDbEntity
  8
0
100
AcDbCircle
 10
499.2615735424189
 20
790.5594716123512
 30
0.0
 40
3.0
  0
CIRCLE
  5
1009
330
17
100
AcDbEntity
  8
0
100
AcDbCircle
 10
702.1367222802693
 20
3.344737249379069
 30
0.0
 40
3.0
  0
CIRCLE
  5
100A
330
17
100
AcDbEntity
  8
0
100
AcDbCircle
 10
220.33947485959862
 20
247.54349437901402
 30
0.0
 40
3.0
  0
CIRCLE
  5
100B
330
17
100
AcDbEntity
  8
0
100
AcDbCircle
 10
630.5228516982118
 20
948.0447941695171
 30
0.0
 40
3.0
  0
CIRCLE
  5
100C
330
17
100
AcDbEntity
  8
0
100
AcDbCircle
 10
296.5849757519097
 20
631.3196028255561
 30
0.0
 40
3.0
  0
CIRCLE
  5
100D
330
17
100
AcDbEntity
  8
0
100
AcDbCircle
 10
281.35617807903213
 20
715.4232345351544
 30
0.0
 40
3.0
  0
CIRCLE
  5
100E
330
17
100
AcDbEntity
  8
0
100
AcDbCircle
 10
178.76622886930576
 20
224.68237681467056
 30
0.0
 40
3.0
  0
CIRCLE
  5
100F
330
17
100
AcDbEntity
  8
0
100
AcDbCircle
 10
898.8630371707847
 20
823.7998952824599
 30
0.0
 40
3.0
  0
CIRCLE
  5
1010
330
17
100
AcDbEntity
  8
0
100
AcDbCircle
 10
676.3116196871304
 20
445.1001157448053
 30
0.0
 40
3.0
  0
CIRCLE
  5
1011
330
17
100
AcDbEntity
  8
0
100
AcDbCircle
 10
62.79756384112067
 20
6.084405474846081
 30
0.0
 40
3.0
  0
CIRCLE
  5
1012
330
17
100
AcDbEntity
  8
0
100
AcDbCircle
 10
686.2056005948299
 20
217.49766441778047
 30
0.0
 40
3.0
  0
CIRCLE
  5
1013
330
17
100
AcDbEntity
  8
0
100
AcDbCircle
 10
510.66951252704496
 20
595.8434685347415
 30
0.0
 40
3.0
  0
CIRCLE
  5
1014
330
17
100
AcDbEntity
  8
0
100
AcDbCircle
 10
430.6233492443393
 20
371.7257582715401
 30
0.0
 40
3.0
  0
CIRCLE
  5
1015
330
17
100
AcDbEntity
  8
0
100
AcDbCircle
 10
175.15680919562905
 20
801.3468380536033
 30
0.0
 40
3.0
  0
CIRCLE
  5
1016
330
17
100
AcDbEntity
  8
0
100
AcDbCircle
 10
788.4959796419845
 20
713.8583169201196
 30
0.0
 40
3.0
  0
CIRCLE
  5
1017
330
17
100
AcDbEntity
  8
0
100
AcDbCircle
 10
336.9856706740563
 20
3.996537743793457
 30
0.0
 40
3.0
  0
CIRCLE
  5
1018
330
17
100
AcDbEntity
  8
0
100
AcDbCircle
 10
274.22320979161736
 20
827.2109965133025
 30
0.0
 40
3.0
  0
CIRCLE
  5
1019
330
17
100
AcDbEntity
  8
0
100
AcDbCircle
 10
199.75682185173306
 20
185.69251231040468
 30
0.0
 40
3.0
  0
CIRCLE
  5
101A
330
17
100
AcDbEntity
  8
0
100
AcDbCircle
 10
189.92714753201514
 20
189.59456726209598
 30
0.0
 40
3.0
  0
CIRCLE
  5
101B
330
17
100
AcDbEntity
  8
0
100
AcDbCircle
 10
424.0332653697947
 20
455.5560958678765
 30
0.0
 40
3.0
  0
CIRCLE
  5
101C
330
17
100
AcDbEntity
  8
0
100
AcDbCircle
 10
897.3868603433914
 20
426.4815669930137
 30
0.0
 40
3.0
  0
CIRCLE
  5
101D
330
17
100
AcDbEntity
  8
0
100
AcDbCircle
 10
857.8907089107553
 20
917.7063779488697
 30
0.0
 40
3.0
  0
CIRCLE
  5
101E
330
17
100
AcDbEntity
  8
0
100
AcDbCircle
 10
101.75705643651241
 20
210.54394761332006
 30
0.0
 40
3.0
  0
CIRCLE
  5
101F
330
17
100
AcDbEntity
  8
0
100
AcDbCircle
 10
10.241856744132583
 20
996.137456205597
 30
0.0
 40
3.0
  0
CIRCLE
  5
1020
330
17
100
AcDbEntity
  8
0
100
AcDbCircle
 10
564.4813534395785
 20
637.7181099319075
 30
0.0
 40
3.0
  0
CIRCLE
  5
1021
330
17
100
AcDbEntity
  8
0
100
AcDbCircle
 10
3.236290719789576
 20
804.8165830674782
 30
0.0
 40
3.0
  0
CIRCLE
  5
1022
330
17
100
AcDbEntity
  8
0
100
AcDbCircle
 10
995.6332108337218
 20
73.58471093595061
 30
0.0
 40
3.0
  0
CIRCLE
  5
1023
330
17
100
AcDbEntity
  8
0
100
AcDbCircle
 10
61.66007326639079
 20
321.39866534308953
 30
0.0
 40
3.0
  0
CIRCLE
  5
1024
330
17
100
AcDbEntity
  8
0
100
AcDbCircle
 10
776.9983401593494
 20
674.984177361334
 30
0.0
 40
3.0
  0
CIRCLE
  5
1025
330
17
100
AcDbEntity
  8
0
100
AcDbCircle
 10
266.4326362681233
 20
633.3644782923091
 30
0.0
 40
3.0
  0
CIRCLE
  5
1026
330
17
100
AcDbEntity
  8
0
100
AcDbCircle
 10
431.465953767815
 20
52.05745206374711
 30
0.0
 40
3.0
  0
CIRCLE
  5
1027
330
17
100
AcDbEntity
  8
0
100
AcDbCircle
 10
4.8479163806909105
 20
884.4393533049713
 30
0.0
 40
3.0
  0
CIRCLE
  5
1028
330
17
100
AcDbEntity
  8
0
100
AcDbCircle
 10
11.315891990595137
 20
568.0984174905185
 30
0.0
 40
3.0
  0
CIRCLE
  5
1029
330
17
100
AcDbEntity
  8
0
100
AcDbCircle
 10
796.3850917061244
 20
423.80488782727735
 30
0.0
 40
3.0
  0
CIRCLE
  5
102A
330
17
100
AcDbEntity
  8
0
100
AcDbCircle
 10
763.6385701615284
 20
615.7740330408028
 30
0.0
 40
3.0
  0
CIRCLE
  5
102B
330
17
100
AcDbEntity
  8
0
100
AcDbCircle
 10
143.8128322051462
 20
236.60283526926355
 30
0.0
 40
3.0
  0
CIRCLE
  5
102C
330
17
100
AcDbEntity
  8
0
100
AcDbCircle
 10
214.03106119612536
 20
968.7514850262907
 30
0.0
 40
3.0
  0
CIRCLE
  5
102D
330
17
100
AcDbEntity
  8
0
100
AcDbCircle
 10
548.5780079834168
 20
658.4683700444843
 30
0.0
 40
3.0
  0
CIRCLE
  5
102E
330
17
100
AcDbEntity
  8
0
100
AcDbCircle
 10
569.8798167184052
 20
982.6119746769529
 30
0.0
 40
3.0
  0
CIRCLE
  5
102F
330
17
100
AcDbEntity
  8
0
100
AcDbCircle
 10
966.1361750331123
 20
661.9156733757314
 30
0.0
 40
3.0
  0
CIRCLE
  5
1030
330
17
100
AcDbEntity
  8
0
100
AcDbCircle
 10
869.5179229701527
 20
939.34500151129
 30
0.0
 40
3.0
  0
CIRCLE
  5
1031
330
17
100
AcDbEntity
  8
0
100
AcDbCircle
 10
91.47869470858019
 20
3.5699249115046583
 30
0.0
 40
3.0
  0
CIRCLE
  5
1032
330
17
100
AcDbEntity
  8
0
100
AcDbCircle
 10
896.6253683620565
 20
449.6985848813362
 30
0.0
 40
3.0
  0
CIRCLE
  5
1033
330
17
100
AcDbEntity
  8
0
100
AcDbCircle
 10
250.98570507339733
 20
109.48096728338048
 30
0.0
 40
3.0
  0
CIRCLE
  5
1034
330
17
100
AcDbEntity
  8
0
100
AcDbCircle
 10
91.95993873700361
 20
988.1467109411885
 30
0.0
 40
3.0
  0
CIRCLE
  5
1035
330
17
100
AcDbEntity
  8
0
100
AcDbCircle
 10
103.17227160383835
 20
996.2060703469891
 30
0.0
 40
3.0
  0
CIRCLE
  5
1036
330
17
100
AcDbEntity
  8
0
100
AcDbCircle
 10
750.7778915786511
 20
487.2360410559843
 30
0.0
 40
3.0
  0
CIRCLE
  5
1037
330
17
100
AcDbEntity
  8
0
100
AcDbCircle
 10
306.1836980794003
 20
440.29240431769176
 30
0.0
 40
3.0
  0
CIRCLE
  5
1038
330
17
100
AcDbEntity
  8
0
100
AcDbCircle
 10
530.6894367750488
 20
547.7246408878692
 30
0.0
 40
3.0
  0
CIRCLE
  5
1039
330
17
100
AcDbEntity
  8
0
100
AcDbCircle
 10
156.73876270518556
 20
640.3903383407819
 30
0.0
 40
3.0
  0
CIRCLE
  5
103A
330
17
100
AcDbEntity
  8
0
100
AcDbCircle
 10
967.0959142002501
 20
936.314776340282
 30
0.0
 40
3.0
  0
CIRCLE
  5
103B
330
17
100
AcDbEntity
  8
0
100
AcDbCircle
 10
942.0258658440229
 20
484.03896111320626
 30
0.0
 40
3.0
  0
CIRCLE
  5
103C
330
17
100
AcDbEntity
  8
0
100
AcDbCircle
 10
685.225721271505
 20
828.49868111092
 30
0.0
 40
3.0
  0
CIRCLE
  5
103D
330
17
100
AcDbEntity
  8
0
100
AcDbCircle
 10
5.472090847272965
 20
491.82207882195917
 30
0.0
 40
3.0
  0
CIRCLE
  5
103E
330
17
100
AcDbEntity
  8
0
100
AcDbCircle
 10
118.7105065625947
 20
773.403940584366
 30
0.0
 40
3.0
  0
CIRCLE
  5
103F
330
17
100
AcDbEntity
  8
0
100
AcDbCircle
 10
626.6258207875757
 20
268.1171116157183
 30
0.0
 40
3.0
  0
CIRCLE
  5
1040
330
17
100
AcDbEntity
  8
0
100
AcDbCircle
 10
615.1647823037681
 20
128.76413582520937
 30
0.0
 40
3.0
  0
CIRCLE
  5
1041
330
17
100
AcDbEntity
  8
0
100
AcDbCircle
 10
735.091301878044
 20
180.16749150291335
 30
0.0
 40
3.0
  0
CIRCLE
  5
1042
330
17
100
AcDbEntity
  8
0
100
AcDbCircle
 10
989.0482183286019
 20
368.3865305242828
 30
0.0
 40
3.0
  0
CIRCLE
  5
1043
330
17
100
AcDbEntity
  8
0
100
AcDbCircle
 10
812.8938678537045
 20
448.44200943520957
 30
0.0
 40
3.0
  0
CIRCLE
  5
1044
330
17
100
AcDbEntity
  8
0
100
AcDbCircle
 10
300.19948348849795
 20
341.11385956541665
 30
0.0
 40
3.0
  0
CIRCLE
  5
1045
330
17
100
AcDbEntity
  8
0
100
AcDbCircle
 10
110.70770861263296
 20
808.5693692165
 30
0.0
 40
3.0
  0
CIRCLE
  5
1046
330
17
100
AcDbEntity
  8
0
100
AcDbCircle
 10
508.9973685459379
 20
803.3260576864785
 30
0.0
 40
3.0
  0
CIRCLE
  5
1047
330
17
100
AcDbEntity
  8
0
100
AcDbCircle
 10
856.7220565707387
 20
688.7035743718129
 30
0.0
 40
3.0
  0
CIRCLE
  5
1048
330
17
100
AcDbEntity
  8
0
100
AcDbCircle
 10
749.8138662917879
 20
696.9746596067614
 30
0.0
 40
3.0
  0
CIRCLE
  5
1049
330
17
100
AcDbEntity
  8
0
100
AcDbCircle
 10
490.6166163815197
 20
580.9051350640414
 30
0.0
 40
3.0
  0
CIRCLE
  5
104A
330
17
100
AcDbEntity
  8
0
100
AcDbCircle
 10
6.0906356303339715
 20
538.3880270004535
 30
0.0
 40
3.0
  0
CIRCLE
  5
104B
330
17
100
AcDbEntity
  8
0
100
AcDbCircle
 10
851.4247831652618
 20
99.44856002876004
 30
0.0
 40
3.0
  0
CIRCLE
  5
104C
330
17
100
AcDbEntity
  8
0
100
AcDbCircle
 10
306.3143161874896
 20
153.5362966023219
 30
0.0
 40
3.0
  0
CIRCLE
  5
104D
330
17
100
AcDbEntity
  8
0
100
AcDbCircle
 10
3.2053040924882152
 20
461.8667469998846
 30
0.0
 40
3.0
  0
CIRCLE
  5
104E
330
17
100
AcDbEntity
  8
0
100
AcDbCircle
 10
279.77449726374994
 20
212.56466229867328
 30
0.0
 40
3.0
  0
CIRCLE
  5
104F
330
17
100
AcDbEntity
  8
0
100
AcDbCircle
 10
717.9142746362568
 20
802.333599385833
 30
0.0
 40
3.0
  0
CIRCLE
  5
1050
330
17
100
AcDbEntity
  8
0
100
AcDbCircle
 10
804.9486807025029
 20
374.9675665927243
 30
0.0
 40
3.0
  0
CIRCLE
  5
1051
330
17
100
AcDbEntity
  8
0
100
AcDbCircle
 10
373.29352763690457
 20
154.14444524729086
 30
0.0
 40
3.0
  0
CIRCLE
  5
1052
330
17
100
AcDbEntity
  8
0
100
AcDbCircle
 10
937.5289432105831
 20
937.7709045542462
 30
0.0
 40
3.0
  0
CIRCLE
  5
1053
330
17
100
AcDbEntity
  8
0
100
AcDbCircle
 10
59.48917951722241
 20
856.6308661617857
 30
0.0
 40
3.0
  0
CIRCLE
  5
1054
330
17
100
AcDbEntity
  8
0
100
AcDbCircle
 10
525.1573218141381
 20
540.225218460246
 30
0.0
 40
3.0
  0
CIRCLE
  5
1055
330
17
100
AcDbEntity
  8
0
100
AcDbCircle
 10
373.2762297076975
 20
228.086095643018
 30
0.0
 40
3.0
  0
CIRCLE
  5
1056
330
17
100
AcDbEntity
  8
0
100
AcDbCircle
 10
564.0522215038638
 20
88.6064775880386
 30
0.0
 40
3.0
  0
CIRCLE
  5
1057
330
17
100
AcDbEntity
  8
0
100
AcDbCircle
 10
125.03585455078289
 20
556.3997136139388
 30
0.0
 40
3.0
  0
CIRCLE
  5
1058
330
17
100
AcDbEntity
  8
0
100
AcDbCircle
 10
129.21789102656433
 20
589.7940158332717
 30
0.0
 40
3.0
  0
CIRCLE
  5
1059
330
17
100
AcDbEntity
  8
0
100
AcDbCircle
 10
791.4460638741632
 20
854.6679634606475
 30
0.0
 40
3.0
  0
CIRCLE
  5
105A
330
17
100
AcDbEntity
  8
0
100
AcDbCircle
 10
892.5099291345294
 20
970.7427014012934
 30
0.0
 40
3.0
  0
CIRCLE
  5
105B
330
17
100
AcDbEntity
  8
0
100
AcDbCircle
 10
196.7890375576783
 20
612.5365888759123
 30
0.0
 40
3.0
  0
CIRCLE
  5
105C
330
17
100
AcDbEntity
  8
0
100
AcDbCircle
 10
723.4075952313747
 20
499.8097003439679
 30
0.0
 40
3.0
  0
CIRCLE
  5
105D
330
17
100
AcDbEntity
  8
0
100
AcDbCircle
 10
765.3041438671868
 20
175.97064608007557
 30
0.0
 40
3.0
  0
CIRCLE
  5
105E
330
17
100
AcDbEntity
  8
0
100
AcDbCircle
 10
768.2763651446138
 20
609.8060978811675
 30
0.0
 40
3.0
  0
CIRCLE
  5
105F
330
17
100
AcDbEntity
  8
0
100
AcDbCircle
 10
552.5126849306732
 20
310.5698937589054
 30
0.0
 40
3.0
  0
CIRCLE
  5
1060
330
17
100
AcDbEntity
  8
0
100
AcDbCircle
 10
985.5625273086415
 20
472.5475579922274
 30
0.0
 40
3.0
  0
CIRCLE
  5
1061
330
17
100
AcDbEntity
  8
0
100
AcDbCircle
 10
619.2022668681083
 20
979.8404745183748
 30
0.0
 40
3.0
  0
CIRCLE
  5
1062
330
17
100
AcDbEntity
  8
0
100
AcDbCircle
 10
270.3866432295722
 20
183.2814828630596
 30
0.0
 40
3.0
  0
CIRCLE
  5
1063
330
17
100
AcDbEntity
  8
0
100
AcDbCircle
 10
437.28455265490726
 20
730.5789002381077
 30
0.0
 40
3.0
  0
CIRCLE
  5
1064
330
17
100
AcDbEntity
  8
0
100
AcDbCircle
 10
180.1403169229021
 20
183.5736077028536
 30
0.0
 40
3.0
  0
CIRCLE
  5
1065
330
17
100
AcDbEntity
  8
0
100
AcDbCircle
 10
811.6159673436102
 20
863.5475708577586
 30
0.0
 40
3.0
  0
CIRCLE
  5
1066
330
17
100
AcDbEntity
  8
0
100
AcDbCircle
 10
260.3055069764974
 20
644.2343143586465
 30
0.0
 40
3.0
  0
CIRCLE
  5
1067
330
17
100
AcDbEntity
  8
0
100
AcDbCircle
 10
599.9126842148005
 20
366.3967334091882
 30
0.0
 40
3.0
  0
CIRCLE
  5
1068
330
17
100
AcDbEntity
  8
0
100
AcDbCircle
 10
608.9134600361002
 20
372.47101315312443
 30
0.0
 40
3.0
  0
CIRCLE
  5
1069
330
17
100
AcDbEntity
  8
0
100
AcDbCircle
 10
470.7676108645644
 20
943.737114268384
 30
0.0
 40
3.0
  0
CIRCLE
  5
106A
330
17
100
AcDbEntity
  8
0
100
AcDbCircle
 10
715.7875535193255
 20
813.4602925313807
 30
0.0
 40
3.0
  0
CIRCLE
  5
106B
330
17
100
AcDbEntity
  8
0
100
AcDbCircle
 10
762.2260156233856
 20
990.0702537294246
 30
0.0
 40
3.0
  0
CIRCLE
  5
106C
330
17
100
AcDbEntity
  8
0
100
AcDbCircle
 10
52.247448675001955
 20
619.2940147032482
 30
0.0
 40
3.0
  0
CIRCLE
  5
106D
330
17
100
AcDbEntity
  8
0
100
AcDbCircle
 10
34.34278889667371
 20
399.3186260657395
 30
0.0
 40
3.0
  0
CIRCLE
  5
106E
330
17
100
AcDbEntity
  8
0
100
AcDbCircle
 10
638.1605906742744
 20
30.6401134967756
 30
0.0
 40
3.0
  0
CIRCLE
  5
106F
330
17
100
AcDbEntity
  8
0
100
AcDbCircle
 10
871.9943542332908
 20
318.11693071688603
 30
0.0
 40
3.0
  0
CIRCLE
  5
1070
330
17
100
AcDbEntity
  8
0
100
AcDbCircle
 10
438.69133522078084
 20
556.0179037083293
 30
0.0
 40
3.0
  0
CIRCLE
  5
1071
330
17
100
AcDbEntity
  8
0
100
AcDbCircle
 10
50.070027127716116
 20
339.30040567705237
 30
0.0
 40
3.0
  0
CIRCLE
  5
1072
330
17
100
AcDbEntity
  8
0
100
AcDbCircle
 10
362.2384048078544
 20
663.212396061261
 30
0.0
 40
3.0
  0
CIRCLE
  5
1073
330
17
100
AcDbEntity
  8
0
100
AcDbCircle
 10
4.499477705081182
 20
728.4375091085324
 30
0.0
 40
3.0
  0
CIRCLE
  5
1074
330
17
100
AcDbEntity
  8
0
100
AcDbCircle
 10
679.428641574554
 20
795.2551416531413
 30
0.0
 40
3.0
  0
CIRCLE
  5
1075
330
17
100
AcDbEntity
  8
0
100
AcDbCircle
 10
687.2885559848262
 20
182.11775521482406
 30
0.0
 40
3.0
  0
CIRCLE
  5
1076
330
17
100
AcDbEntity
  8
0
100
AcDbCircle
 10
561.7709124981967
 20
292.9887384618694
 30
0.0
 40
3.0
  0
CIRCLE
  5
1077
330
17
100
AcDbEntity
  8
0
100
AcDbCircle
 10
838.3923984265908
 20
384.9482326315074
 30
0.0
 40
3.0
  0
CIRCLE
  5
1078
330
17
100
AcDbEntity
  8
0
100
AcDbCircle
 10
590.8290256409152
 20
130.86815654063935
 30
0.0
 40
3.0
  0
CIRCLE
  5
1079
330
17
100
AcDbEntity
  8
0
100
AcDbCircle
 10
771.7840831472229
 20
253.78195420619298
 30
0.0
 40
3.0
  0
CIRCLE
  5
107A
330
17
100
AcDbEntity
  8
0
100
AcDbCircle
 10
108.69067676226497
 20
720.0859953353839
 30
0.0
 40
3.0
  0
CIRCLE
  5
107B
330
17
100
AcDbEntity
  8
0
100
AcDbCircle
 10
658.335991269811
 20
463.4469213694381
 30
0.0
 40
3.0
  0
CIRCLE
  5
107C
330
17
100
AcDbEntity
  8
0
100
AcDbCircle
 10
730.4994588731096
 20
40.90442638642994
 30
0.0
 40
3.0
  0
CIRCLE
  5
107D
330
17
100
AcDbEntity
  8
0
100
AcDbCircle
 10
342.9029937332196
 20
275.4468352140203
 30
0.0
 40
3.0
  0
CIRCLE
  5
107E
330
17
100
AcDbEntity
  8
0
100
AcDbCircle
 10
617.6020923757658
 20
825.1875975669558
 30
0.0
 40
3.0
  0
CIRCLE
  5
107F
330
17
100
AcDbEntity
  8
0
100
AcDbCircle
 10
921.6387128444433
 20
603.2217681301327
 30
0.0
 40
3.0
  0
CIRCLE
  5
1080
330
17
100
AcDbEntity
  8
0
100
AcDbCircle
 10
596.3864955168997
 20
575.1023169739929
 30
0.0
 40
3.0
  0
CIRCLE
  5
1081
330
17
100
AcDbEntity
  8
0
100
AcDbCircle
 10
4.045149429572847
 20
909.2470102459874
 30
0.0
 40
3.0
  0
CIRCLE
  5
1082
330
17
100
AcDbEntity
  8
0
100
AcDbCircle
 10
424.57019744429954
 20
357.5825082528309
 30
0.0
 40
3.0
  0
CIRCLE
  5
1083
330
17
100
AcDbEntity
  8
0
100
AcDbCircle
 10
292.3746631625623
 20
510.12223418211494
 30
0.0
 40
3.0
  0
CIRCLE
  5
1084
330
17
100
AcDbEntity
  8
0
100
AcDbCircle
 10
797.1170082070239
 20
820.1951255843185
 30
0.0
 40
3.0
  0
CIRCLE
  5
1085
330
17
100
AcDbEntity
  8
0
100
AcDbCircle
 10
283.0689005705214
 20
137.41315976812623
 30
0.0
 40
3.0
  0
CIRCLE
  5
1086
330
17
100
AcDbEntity
  8
0
100
AcDbCircle
 10
364.32397437892234
 20
458.49283607065604
 30
0.0
 40
3.0
  0
CIRCLE
  5
1087
330
17
100
AcDbEntity
  8
0
100
AcDbCircle
 10
381.06694582391503
 20
535.947183477701
 30
0.0
 40
3.0
  0
CIRCLE
  5
1088
330
17
100
AcDbEntity
  8
0
100
AcDbCircle
 10
964.7494377229132
 20
735.5022359125846
 30
0.0
 40
3.0
  0
CIRCLE
  5
1089
330
17
100
AcDbEntity
  8
0
100
AcDbCircle
 10
755.1634901829976
 20
870.1837915024669
 30
0.0
 40
3.0
  0
CIRCLE
  5
108A
330
17
100
AcDbEntity
  8
0
100
AcDbCircle
 10
296.32538786007115
 20
486.9143356728034
 30
0.0
 40
3.0
  0
CIRCLE
  5
108B
330
17
100
AcDbEntity
  8
0
100
AcDbCircle
 10
3.744770336722381
 20
219.24660358492835
 30
0.0
 40
3.0
  0
CIRCLE
  5
108C
330
17
100
AcDbEntity
  8
0
100
AcDbCircle
 10
75.01593265057188
 20
498.12525867259905
 30
0.0
 40
3.0
  0
CIRCLE
  5
108D
330
17
100
AcDbEntity
  8
0
100
AcDbCircle
 10
858.9572996399105
 20
484.3485857811334
 30
0.0
 40
3.0
  0
CIRCLE
  5
108E
330
17
100
AcDbEntity
  8
0
100
AcDbCircle
 10
669.8301948339097
 20
234.56779732357714
 30
0.0
 40
3.0
  0
CIRCLE
  5
108F
330
17
100
AcDbEntity
  8
0
100
AcDbCircle
 10
645.1404441356352
 20
983.9913840849604
 30
0.0
 40
3.0
  0
CIRCLE
  5
1090
330
17
100
AcDbEntity
  8
0
100
AcDbCircle
 10
755.74942079757
 20
82.2017185397865
 30
0.0
 40
3.0
  0
CIRCLE
  5
1091
330
17
100
AcDbEntity
  8
0
100
AcDbCircle
 10
611.3096009593575
 20
331.77496343965197
 30
0.0
 40
3.0
  0
CIRCLE
  5
1092
330
17
100
AcDbEntity
  8
0
100
AcDbCircle
 10
412.9494032064901
 20
271.742745985963
 30
0.0
 40
3.0
  0
CIRCLE
  5
1093
330
17
100
AcDbEntity
  8
0
100
AcDbCircle
 10
738.3808850082355
 20
22.869481146864594
 30
0.0
 40
3.0
  0
CIRCLE
  5
1094
330
17
100
AcDbEntity
  8
0
100
AcDbCircle
 10
112.84559688267257
 20
935.688307462395
 30
0.0
 40
3.0
  0
CIRCLE
  5
1095
330
17
100
AcDbEntity
  8
0
100
AcDbCircle
 10
518.7126620004176
 20
756.5132880245413
 30
0.0
 40
3.0
  0
CIRCLE
  5
1096
330
17
100
AcDbEntity
  8
0
100
AcDbCircle
 10
652.6008880348315
 20
269.9413409862603
 30
0.0
 40
3.0
  0
CIRCLE
  5
1097
330
17
100
AcDbEntity
  8
0
100
AcDbCircle
 10
775.6704008638883
 20
768.2304042519163
 30
0.0
 40
3.0
  0
CIRCLE
  5
1098
330
17
100
AcDbEntity
  8
0
100
AcDbCircle
 10
508.961950227977
 20
885.8592551973187
 30
0.0
 40
3.0
  0
CIRCLE
  5
1099
330
17
100
AcDbEntity
  8
0
100
AcDbCircle
 10
786.7134274832889
 20
706.4603799147088
 30
0.0
 40
3.0
  0
CIRCLE
  5
109A
330
17
100
AcDbEntity
  8
0
100
AcDbCircle
 10
137.1914649374794
 20
735.8420022430372
 30
0.0
 40
3.0
  0
CIRCLE
  5
109B
330
17
100
AcDbEntity
  8
0
100
AcDbCircle
 10
970.3656130802901
 20
5.335216787831444
 30
0.0
 40
3.0
  0
CIRCLE
  5
109C
330
17
100
AcDbEntity
  8
0
100
AcDbCircle
 10
111.06747042966042
 20
357.7517939632748
 30
0.0
 40
3.0
  0
CIRCLE
  5
109D
330
17
100
AcDbEntity
  8
0
100
AcDbCircle
 10
99.12551677863782
 20
762.9224988101247
 30
0.0
 40
3.0
  0
CIRCLE
  5
109E
330
17
100
AcDbEntity
  8
0
100
AcDbCircle
 10
737.4259564540183
 20
504.2346311871742
 30
0.0
 40
3.0
  0
CIRCLE
  5
109F
330
17
100
AcDbEntity
  8
0
100
AcDbCircle
 10
320.80944181456533
 20
711.60927309861
 30
0.0
 40
3.0
  0
CIRCLE
  5
10A0
330
17
100
AcDbEntity
  8
0
100
AcDbCircle
 10
121.96407923099528
 20
607.7692348940604
 30
0.0
 40
3.0
  0
CIRCLE
  5
10A1
330
17
100
AcDbEntity
  8
0
100
AcDbCircle
 10
306.1968573649517
 20
352.61946598907315
 30
0.0
 40
3.0
  0
CIRCLE
  5
10A2
330
17
100
AcDbEntity
  8
0
100
AcDbCircle
 10
285.02150291864035
 20
850.7869164827268
 30
0.0
 40
3.0
  0
CIRCLE
  5
10A3
330
17
100
AcDbEntity
  8
0
100
AcDbCircle
 10
780.8371448052671
 20
797.1070389090526
 30
0.0
 40
3.0
  0
CIRCLE
  5
10A4
330
17
100
AcDbEntity
  8
0
100
AcDbCircle
 10
909.3583789381488
 20
314.44479634913944
 30
0.0
 40
3.0
  0
CIRCLE
  5
10A5
330
17
100
AcDbEntity
  8
0
100
AcDbCircle
 10
503.34290074861354
 20
250.02161440461748
 30
0.0
 40
3.0
  0
CIRCLE
  5
10A6
330
17
100
AcDbEntity
  8
0
100
AcDbCircle
 10
696.6798010447952
 20
46.16564501660481
 30
0.0
 40
3.0
  0
CIRCLE
  5
10A7
330
17
100
AcDbEntity
  8
0
100
AcDbCircle
 10
430.8366777931204
 20
16.490101452321422
 30
0.0
 40
3.0
  0
CIRCLE
  5
10A8
330
17
100
AcDbEntity
  8
0
100
AcDbCircle
 10
979.0329649758875
 20
475.85027574471593
 30
0.0
 40
3.0
  0
CIRCLE
  5
10A9
330
17
100
AcDbEntity
  8
0
100
AcDbCircle
 10
10.888377721979758
 20
359.439440733512
 30
0.0
 40
3.0
  0
CIRCLE
  5
10AA
330
17
100
AcDbEntity
  8
0
100
AcDbCircle
 10
791.390265214261
 20
184.20876146198046
 30
0.0
 40
3.0
  0
CIRCLE
  5
10AB
330
17
100
AcDbEntity
  8
0
100
AcDbCircle
 10
67.99172487566067
 20
116.0385111330078
 30
0.0
 40
3.0
  0
CIRCLE
  5
10AC
330
17
100
AcDbEntity
  8
0
100
AcDbCircle
 10
412.57284612150386
 20
4.011802632847456
 30
0.0
 40
3.0
  0
CIRCLE
  5
10AD
330
17
100
AcDbEntity
  8
0
100
AcDbCircle
 10
740.8061071885767
 20
312.6144778402578
 30
0.0
 40
3.0
  0
CIRCLE
  5
10AE
330
17
100
AcDbEntity
  8
0
100
AcDbCircle
 10
514.1144040491375
 20
790.1256790261568
 30
0.0
 40
3.0
  0
CIRCLE
  5
10AF
330
17
100
AcDbEntity
  8
0
100
AcDbCircle
 10
176.15931594599502
 20
884.8430204355291
 30
0.0
 40
3.0
  0
CIRCLE
  5
10B0
330
17
100
AcDbEntity
  8
0
100
AcDbCircle
 10
882.0307261169323
 20
127.05209439264219
 30
0.0
 40
3.0
  0
CIRCLE
  5
10B1
330
17
100
AcDbEntity
  8
0
100
AcDbCircle
 10
60.072939986781954
 20
506.20445398497924
 30
0.0
 40
3.0
  0
CIRCLE
  5
10B2
330
17
100
AcDbEntity
  8
0
100
AcDbCircle
 10
670.5479665978173
 20
585.9155646130607
 30
0.0
 40
3.0
  0
CIRCLE
  5
10B3
330
17
100
AcDbEntity
  8
0
100
AcDbCircle
 10
3.6095942946944968
 20
878.0890238756494
 30
0.0
 40
3.0
  0
CIRCLE
  5
10B4
330
17
100
AcDbEntity
  8
0
100
AcDbCircle
 10
946.7210988987175
 20
965.8066401917519
 30
0.0
 40
3.0
  0
CIRCLE
  5
10B5
330
17
100
AcDbEntity
  8
0
100
AcDbCircle
 10
959.7818162683349
 20
366.40736903330077
 30
0.0
 40
3.0
  0
CIRCLE
  5
10B6
330
17
100
AcDbEntity
  8
0
100
AcDbCircle
 10
179.37429397317584
 20
996.8592013312087
 30
0.0
 40
3.0
  0
CIRCLE
  5
10B7
330
17
100
AcDbEntity
  8
0
100
AcDbCircle
 10
83.78688540446782
 20
240.62336342709432
 30
0.0
 40
3.0
  0
CIRCLE
  5
10B8
330
17
100
AcDbEntity
  8
0
100
AcDbCircle
 10
630.5883438466499
 20
577.9512071458499
 30
0.0
 40
3.0
  0
CIRCLE
  5
10B9
330
17
100
AcDbEntity
  8
0
100
AcDbCircle
 10
314.10804829725635
 20
443.5887564746424
 30
0.0
 40
3.0
  0
CIRCLE
  5
10BA
330
17
100
AcDbEntity
  8
0
100
AcDbCircle
 10
977.2806574643886
 20
38.36955118282029
 30
0.0
 40
3.0
  0
CIRCLE
  5
10BB
330
17
100
AcDbEntity
  8
0
100
AcDbCircle
 10
199.4832568686381
 20
398.7796540307594
 30
0.0
 40
3.0
  0
CIRCLE
  5
10BC
330
17
100
AcDbEntity
  8
0
100
AcDbCircle
 10
560.8925095220274
 20
522.4723562748691
 30
0.0
 40
3.0
  0
CIRCLE
  5
10BD
330
17
100
AcDbEntity
  8
0
100
AcDbCircle
 10
550.7124424531108
 20
712.4873185227441
 30
0.0
 40
3.0
  0
CIRCLE
  5
10BE
330
17
100
AcDbEntity
  8
0
100
AcDbCircle
 10
770.3658052611952
 20
592.0891836974026
 30
0.0
 40
3.0
  0
CIRCLE
  5
10BF
330
17
100
AcDbEntity
  8
0
100
AcDbCircle
 10
637.0591856472695
 20
732.7063445592423
 30
0.0
 40
3.0
  0
CIRCLE
  5
10C0
330
17
100
AcDbEntity
  8
0
100
AcDbCircle
 10
336.981077615354
 20
160.91858456369465
 30
0.0
 40
3.0
  0
CIRCLE
  5
10C1
330
17
100
AcDbEntity
  8
0
100
AcDbCircle
 10
350.82435164415404
 20
766.0913237646138
 30
0.0
 40
3.0
  0
CIRCLE
  5
10C2
330
17
100
AcDbEntity
  8
0
100
AcDbCircle
 10
632.4061398275355
 20
933.5265114339614
 30
0.0
 40
3.0
  0
CIRCLE
  5
10C3
330
17
100
AcDbEntity
  8
0
100
AcDbCircle
 10
603.3200653142292
 20
204.97117749392282
 30
0.0
 40
3.0
  0
CIRCLE
  5
10C4
330
17
100
AcDbEntity
  8
0
100
AcDbCircle
 10
502.40944865977895
 20
889.8031900045464
 30
0.0
 40
3.0
  0
CIRCLE
  5
10C5
330
17
100
AcDbEntity
  8
0
100
AcDbCircle
 10
632.1602816567118
 20
117.6433153702786
 30
0.0
 40
3.0
  0
CIRCLE
  5
10C6
330
17
100
AcDbEntity
  8
0
100
AcDbCircle
 10
6.515745309024543
 20
37.43775785059823
 30
0.0
 40
3.0
  0
CIRCLE
  5
10C7
330
17
100
AcDbEntity
  8
0
100
AcDbCircle
 10
670.9204000480764
 20
390.75931606558845
 30
0.0
 40
3.0
  0
CIRCLE
  5
10C8
330
17
100
AcDbEntity
  8
0
100
AcDbCircle
 10
280.0333951639296
 20
154.609566525306
 30
0.0
 40
3.0
  0
CIRCLE
  5
10C9
330
17
100
AcDbEntity
  8
0
100
AcDbCircle
 10
130.85597987253163
 20
762.2552506926357
 30
0.0
 40
3.0
  0
CIRCLE
  5
10CA
330
17
100
AcDbEntity
  8
0
100
AcDbCircle
 10
996.9206648643988
 20
90.72696230454297
 30
0.0
 40
3.0
  0
CIRCLE
  5
10CB
330
17
100
AcDbEntity
  8
0
100
AcDbCircle
 10
149.06245099105675
 20
12.744915663487587
 30
0.0
 40
3.0
  0
CIRCLE
  5
10CC
330
17
100
AcDbEntity
  8
0
100
AcDbCircle
 10
583.0066721111878
 20
292.5169685830022
 30
0.0
 40
3.0
  0
CIRCLE
  5
10CD
330
17
100
AcDbEntity
  8
0
100
AcDbCircle
 10
157.13603713221625
 20
87.48858680735364
 30
0.0
 40
3.0
  0
CIRCLE
  5
10CE
330
17
100
AcDbEntity
  8
0
100
AcDbCircle
 10
555.2999724123815
 20
184.94514531144299
 30
0.0
 40
3.0
  0
CIRCLE
  5
10CF
330
17
100
AcDbEntity
  8
0
100
AcDbCircle
 10
189.77601849529069
 20
365.2803321576488
 30
0.0
 40
3.0
  0
CIRCLE
  5
10D0
330
17
100
AcDbEntity
  8
0
100
AcDbCircle
 10
42.56186613915179
 20
78.40063117948081
 30
0.0
 40
3.0
  0
CIRCLE
  5
10D1
330
17
100
AcDbEntity
  8
0
100
AcDbCircle
 10
202.36862737647812
 20
213.94697677760857
 30
0.0
 40
3.0
  0
CIRCLE
  5
10D2
330
17
100
AcDbEntity
  8
0
100
AcDbCircle
 10
432.1598808338601
 20
400.9095425736012
 30
0.0
 40
3.0
  0
CIRCLE
  5
10D3
330
17
100
AcDbEntity
  8
0
100
AcDbCircle
 10
477.05244390967937
 20
866.9906125700178
 30
0.0
 40
3.0
  0
CIRCLE
  5
10D4
330
17
100
AcDbEntity
  8
0
100
AcDbCircle
 10
779.4355092368684
 20
130.90116759385432
 30
0.0
 40
3.0
  0
CIRCLE
  5
10D5
330
17
100
AcDbEntity
  8
0
100
AcDbCircle
 10
996.061973109866
 20
82.07289132691787
 30
0.0
 40
3.0
  0
CIRCLE
  5
10D6
330
17
100
AcDbEntity
  8
0
100
AcDbCircle
 10
490.9730044907398
 20
636.9547857059883
 30
0.0
 40
3.0
  0
CIRCLE
  5
10D7
330
17
100
AcDbEntity
  8
0
100
AcDbCircle
 10
404.66147261767543
 20
975.8799672982174
 30
0.0
 40
3.0
  0
CIRCLE
  5
10D8
330
17
100
AcDbEntity
  8
0
100
AcDbCircle
 10
668.0524242297292
 20
472.4457075617723
 30
0.0
 40
3.0
  0
CIRCLE
  5
10D9
330
17
100
AcDbEntity
  8
0
100
AcDbCircle
 10
428.90475749733605
 20
553.8262448564532
 30
0.0
 40
3.0
  0
CIRCLE
  5
10DA
330
17
100
AcDbEntity
  8
0
100
AcDbCircle
 10
588.0370125753038
 20
287.2577015780423
 30
0.0
 40
3.0
  0
CIRCLE
  5
10DB
330
17
100
AcDbEntity
  8
0
100
AcDbCircle
 10
872.0814580367612
 20
996.382449124068
 30
0.0
 40
3.0
  0
CIRCLE
  5
10DC
330
17
100
AcDbEntity
  8
0
100
AcDbCircle
 10
753.4135967861195
 20
886.2206132541186
 30
0.0
 40
3.0
  0
CIRCLE
  5
10DD
330
17
100
AcDbEntity
  8
0
100
AcDbCircle
 10
802.3395900314832
 20
432.6766198855894
 30
0.0
 40
3.0
  0
CIRCLE
  5
10DE
330
17
100
AcDbEntity
  8
0
100
AcDbCircle
 10
752.0862513775276
 20
987.7873399828603
 30
0.0
 40
3.0
  0
CIRCLE
  5
10DF
330
17
100
AcDbEntity
  8
0
100
AcDbCircle
 10
757.3217126923585
 20
124.05589928585155
 30
0.0
 40
3.0
  0
CIRCLE
  5
10E0
330
17
100
AcDbEntity
  8
0
100
AcDbCircle
 10
808.8845770332078
 20
769.2868227291904
 30
0.0
 40
3.0
  0
CIRCLE
  5
10E1
330
17
100
AcDbEntity
  8
0
100
AcDbCircle
 10
937.722565443806
 20
974.3419057377735
 30
0.0
 40
3.0
  0
CIRCLE
  5
10E2
330
17
100
AcDbEntity
  8
0
100
AcDbCircle
 10
516.856852141809
 20
686.4186795638219
 30
0.0
 40
3.0
  0
CIRCLE
  5
10E3
330
17
100
AcDbEntity
  8
0
100
AcDbCircle
 10
892.2038155550097
 20
828.0009841166745
 30
0.0
 40
3.0
  0
CIRCLE
  5
10E4
330
17
100
AcDbEntity
  8
0
100
AcDbCircle
 10
386.63953307795464
 20
345.4187005511721
 30
0.0
 40
3.0
  0
CIRCLE
  5
10E5
330
17
100
AcDbEntity
  8
0
100
AcDbCircle
 10
369.2727862016691
 20
528.2958202343141
 30
0.0
 40
3.0
  0
CIRCLE
  5
10E6
330
17
100
AcDbEntity
  8
0
100
AcDbCircle
 10
68.41024758141376
 20
653.6016204096846
 30
0.0
 40
3.0
  0
CIRCLE
  5
10E7
330
17
100
AcDbEntity
  8
0
100
AcDbCircle
 10
962.9752780560955
 20
352.84306094966826
 30
0.0
 40
3.0
  0
CIRCLE
  5
10E8
330
17
100
AcDbEntity
  8
0
100
AcDbCircle
 10
734.291897761702
 20
398.1609996446879
 30
0.0
 40
3.0
  0
CIRCLE
  5
10E9
330
17
100
AcDbEntity
  8
0
100
AcDbCircle
 10
699.4014292858083
 20
369.6503368755179
 30
0.0
 40
3.0
  0
CIRCLE
  5
10EA
330
17
100
AcDbEntity
  8
0
100
AcDbCircle
 10
996.892387258715
 20
568.3852737849368
 30
0.0
 40
3.0
  0
CIRCLE
  5
10EB
330
17
100
AcDbEntity
  8
0
100
AcDbCircle
 10
693.8099364915546
 20
497.92590354379274
 30
0.0
 40
3.0
  0
CIRCLE
  5
10EC
330
17
100
AcDbEntity
  8
0
100
AcDbCircle
 10
702.0007271460566
 20
532.3672231425911
 30
0.0
 40
3.0
  0
CIRCLE
  5
10ED
330
17
100
AcDbEntity
  8
0
100
AcDbCircle
 10
288.2324218341808
 20
473.4603948353583
 30
0.0
 40
3.0
  0
CIRCLE
  5
10EE
330
17
100
AcDbEntity
  8
0
100
AcDbCircle
 10
454.7913943064263
 20
67.50387134017015
 30
0.0
 40
3.0
  0
CIRCLE
  5
10EF
330
17
100
AcDbEntity
  8
0
100
AcDbCircle
 10
379.5838031335629
 20
961.2044848078637
 30
0.0
 40
3.0
  0
CIRCLE
  5
10F0
330
17
100
AcDbEntity
  8
0
100
AcDbCircle
 10
865.6725636013277
 20
270.90261396736935
 30
0.0
 40
3.0
  0
CIRCLE
  5
10F1
330
17
100
AcDbEntity
  8
0
100
AcDbCircle
 10
592.7544933371843
 20
394.45104490246723
 30
0.0
 40
3.0
  0
CIRCLE
  5
10F2
330
17
100
AcDbEntity
  8
0
100
AcDbCircle
 10
822.7162829281631
 20
464.831415423629
 30
0.0
 40
3.0
  0
CIRCLE
  5
10F3
330
17
100
AcDbEntity
  8
0
100
AcDbCircle
 10
753.2384293774373
 20
425.0258152209824
 30
0.0
 40
3.0
  0
CIRCLE
  5
10F4
330
17
100
AcDbEntity
  8
0
100
AcDbCircle
 10
225.85806573459098
 20
898.7066002417106
 30
0.0
 40
3.0
  0
CIRCLE
  5
10F5
330
17
100
AcDbEntity
  8
0
100
AcDbCircle
 10
616.5055321281062
 20
4.731116229987246
 30
0.0
 40
3.0
  0
CIRCLE
  5
10F6
330
17
100
AcDbEntity
  8
0
100
AcDbCircle
 10
888.5347738623548
 20
283.1894412901442
 30
0.0
 40
3.0
  0
CIRCLE
  5
10F7
330
17
100
AcDbEntity
  8
0
100
AcDbCircle
 10
142.2821861232498
 20
539.962214882924
 30
0.0
 40
3.0
  0
CIRCLE
  5
10F8
330
17
100
AcDbEntity
  8
0
100
AcDbCircle
 10
865.9772374616797
 20
65.32166851663101
 30
0.0
 40
3.0
  0
CIRCLE
  5
10F9
330
17
100
AcDbEntity
  8
0
100
AcDbCircle
 10
470.3942107853988
 20
176.78265240206827
 30
0.0
 40
3.0
  0
CIRCLE
  5
10FA
330
17
100
AcDbEntity
  8
0
100
AcDbCircle
 10
470.4506533335792
 20
867.9267019238407
 30
0.0
 40
3.0
  0
CIRCLE
  5
10FB
330
17
100
AcDbEntity
  8
0
100
AcDbCircle
 10
610.8136330072055
 20
973.4650026152348
 30
0.0
 40
3.0
  0
CIRCLE
  5
10FC
330
17
100
AcDbEntity
  8
0
100
AcDbCircle
 10
611.7116930103356
 20
248.19731889085446
 30
0.0
 40
3.0
  0
CIRCLE
  5
10FD
330
17
100
AcDbEntity
  8
0
100
AcDbCircle
 10
672.5490094750459
 20
59.20306014142406
 30
0.0
 40
3.0
  0
CIRCLE
  5
10FE
330
17
100
AcDbEntity
  8
0
100
AcDbCircle
 10
338.2511689665325
 20
806.8386852783111
 30
0.0
 40
3.0
  0
CIRCLE
  5
10FF
330
17
100
AcDbEntity
  8
0
100
AcDbCircle
 10
798.1119729024242
 20
534.452074881127
 30
0.0
 40
3.0
  0
CIRCLE
  5
1100
330
17
100
AcDbEntity
  8
0
100
AcDbCircle
 10
791.7798081909693
 20
845.1143671416642
 30
0.0
 40
3.0
  0
CIRCLE
  5
1101
330
17
100
AcDbEntity
  8
0
100
AcDbCircle
 10
4.694070977422745
 20
753.1762220614787
 30
0.0
 40
3.0
  0
CIRCLE
  5
1102
330
17
100
AcDbEntity
  8
0
100
AcDbCircle
 10
427.6672537623411
 20
813.7394299355101
 30
0.0
 40
3.0
  0
CIRCLE
  5
1103
330
17
100
AcDbEntity
  8
0
100
AcDbCircle
 10
403.89036305870746
 20
938.1667437046048
 30
0.0
 40
3.0
  0
CIRCLE
  5
1104
330
17
100
AcDbEntity
  8
0
100
AcDbCircle
 10
643.1420714092195
 20
150.5336010308502
 30
0.0
 40
3.0
  0
CIRCLE
  5
1105
330
17
100
AcDbEntity
  8
0
100
AcDbCircle
 10
184.21774198852347
 20
813.5535868397295
 30
0.0
 40
3.0
  0
CIRCLE
  5
1106
330
17
100
AcDbEntity
  8
0
100
AcDbCircle
 10
390.2521503491993
 20
995.3841916716394
 30
0.0
 40
3.0
  0
CIRCLE
  5
1107
330
17
100
AcDbEntity
  8
0
100
AcDbCircle
 10
899.9070055074927
 20
630.8536455344141
 30
0.0
 40
3.0
  0
CIRCLE
  5
1108
330
17
100
AcDbEntity
  8
0
100
AcDbCircle
 10
228.8822891390371
 20
996.0285753866723
 30
0.0
 40
3.0
  0
CIRCLE
  5
1109
330
17
100
AcDbEntity
  8
0
100
AcDbCircle
 10
996.5338232365808
 20
197.97225204035678
 30
0.0
 40
3.0
  0
CIRCLE
  5
110A
330
17
100
AcDbEntity
  8
0
100
AcDbCircle
 10
612.2765967388771
 20
484.44938582608154
 30
0.0
 40
3.0
  0
CIRCLE
  5
110B
330
17
100
AcDbEntity
  8
0
100
AcDbCircle
 10
908.3356176418833
 20
495.7869818091191
 30
0.0
 40
3.0
  0
CIRCLE
  5
110C
330
17
100
AcDbEntity
  8
0
100
AcDbCircle
 10
502.2907058526942
 20
325.8289729207568
 30
0.0
 40
3.0
  0
CIRCLE
  5
110D
330
17
100
AcDbEntity
  8
0
100
AcDbCircle
 10
662.380021341708
 20
904.5326149836643
 30
0.0
 40
3.0
  0
CIRCLE
  5
110E
330
17
100
AcDbEntity
  8
0
100
AcDbCircle
 10
763.1903676757063
 20
441.4569881736353
 30
0.0
 40
3.0
  0
CIRCLE
  5
110F
330
17
100
AcDbEntity
  8
0
100
AcDbCircle
 10
641.1373642545345
 20
115.15505200133498
 30
0.0
 40
3.0
  0
CIRCLE
  5
1110
330
17
100
AcDbEntity
  8
0
100
AcDbCircle
 10
262.867526869196
 20
701.6724360344328
 30
0.0
 40
3.0
  0
CIRCLE
  5
1111
330
17
100
AcDbEntity
  8
0
100
AcDbCircle
 10
442.92682137859623
 20
409.26116725332065
 30
0.0
 40
3.0
  0
CIRCLE
  5
1112
330
17
100
AcDbEntity
  8
0
100
AcDbCircle
 10
611.4054554142269
 20
439.77641496039746
 30
0.0
 40
3.0
  0
CIRCLE
  5
1113
330
17
100
AcDbEntity
  8
0
100
AcDbCircle
 10
496.5052771843612
 20
287.6163072808694
 30
0.0
 40
3.0
  0
CIRCLE
  5
1114
330
17
100
AcDbEntity
  8
0
100
AcDbCircle
 10
45.04835968860512
 20
762.9689261631463
 30
0.0
 40
3.0
  0
CIRCLE
  5
1115
330
17
100
AcDbEntity
  8
0
100
AcDbCircle
 10
587.0638313721762
 20
884.3571458282458
 30
0.0
 40
3.0
  0
CIRCLE
  5
1116
330
17
100
AcDbEntity
  8
0
100
AcDbCircle
 10
782.944621077938
 20
409.81513221960654
 30
0.0
 40
3.0
  0
CIRCLE
  5
1117
330
17
100
AcDbEntity
  8
0
100
AcDbCircle
 10
538.7126085223008
 20
686.4610389277401
 30
0.0
 40
3.0
  0
CIRCLE
  5
1118
330
17
100
AcDbEntity
  8
0
100
AcDbCircle
 10
8.231256792320083
 20
3.375768997677801
 30
0.0
 40
3.0
  0
CIRCLE
  5
1119
330
17
100
AcDbEntity
  8
0
100
AcDbCircle
 10
780.5587207671116
 20
886.2671446744648
 30
0.0
 40
3.0
  0
CIRCLE
  5
111A
330
17
100
AcDbEntity
  8
0
100
AcDbCircle
 10
621.8869703308908
 20
544.3235049949607
 30
0.0
 40
3.0
  0
CIRCLE
  5
111B
330
17
100
AcDbEntity
  8
0
100
AcDbCircle
 10
133.73677776458175
 20
55.59532153040738
 30
0.0
 40
3.0
  0
CIRCLE
  5
111C
330
17
100
AcDbEntity
  8
0
100
AcDbCircle
 10
509.28670038196776
 20
974.8121515024408
 30
0.0
 40
3.0
  0
CIRCLE
  5
111D
330
17
100
AcDbEntity
  8
0
100
AcDbCircle
 10
582.2538902243833
 20
38.0830030016612
 30
0.0
 40
3.0
  0
CIRCLE
  5
111E
330
17
100
AcDbEntity
  8
0
100
AcDbCircle
 10
102.15748144364838
 20
146.9793702204492
 30
0.0
 40
3.0
  0
CIRCLE
  5
111F
330
17
100
AcDbEntity
  8
0
100
AcDbCircle
 10
312.5039587468886
 20
545.8881293820683
 30
0.0
 40
3.0
  0
CIRCLE
  5
1120
330
17
100
AcDbEntity
  8
0
100
AcDbCircle
 10
742.8443412542645
 20
66.37651607051312
 30
0.0
 40
3.0
  0
CIRCLE
  5
1121
330
17
100
AcDbEntity
  8
0
100
AcDbCircle
 10
32.97208762687375
 20
490.51054773376046
 30
0.0
 40
3.0
  0
CIRCLE
  5
1122
330
17
100
AcDbEntity
  8
0
100
AcDbCircle
 10
682.533642292745
 20
555.97795133447
 30
0.0
 40
3.0
  0
CIRCLE
  5
1123
330
17
100
AcDbEntity
  8
0
100
AcDbCircle
 10
526.8184181093084
 20
305.4034726502507
 30
0.0
 40
3.0
  0
CIRCLE
  5
1124
330
17
100
AcDbEntity
  8
0
100
AcDbCircle
 10
629.3427730032323
 20
5.367524637493226
 30
0.0
 40
3.0
  0
CIRCLE
  5
1125
330
17
100
AcDbEntity
  8
0
100
AcDbCircle
 10
490.6244995457598
 20
962.4137134680951
 30
0.0
 40
3.0
  0
CIRCLE
  5
1126
330
17
100
AcDbEntity
  8
0
100
AcDbCircle
 10
119.36006579647199
 20
561.7906150606583
 30
0.0
 40
3.0
  0
CIRCLE
  5
1127
330
17
100
AcDbEntity
  8
0
100
AcDbCircle
 10
95.7026343013441
 20
781.394825469156
 30
0.0
 40
3.0
  0
CIRCLE
  5
1128
330
17
100
AcDbEntity
  8
0
100
AcDbCircle
 10
21.548304771817808
 20
486.27468375583675
 30
0.0
 40
3.0
  0
CIRCLE
  5
1129
330
17
100
AcDbEntity
  8
0
100
AcDbCircle
 10
297.58809916890556
 20
618.3929894749995
 30
0.0
 40
3.0
  0
CIRCLE
  5
112A
330
17
100
AcDbEntity
  8
0
100
AcDbCircle
 10
488.01165325527916
 20
735.4956361712507
 30
0.0
 40
3.0
  0
CIRCLE
  5
112B
330
17
100
AcDbEntity
  8
0
100
AcDbCircle
 10
480.9948614540843
 20
91.36641277621308
 30
0.0
 40
3.0
  0
CIRCLE
  5
112C
330
17
100
AcDbEntity
  8
0
100
AcDbCircle
 10
399.9449665746659
 20
704.7642114908224
 30
0.0
 40
3.0
  0
CIRCLE
  5
112D
330
17
100
AcDbEntity
  8
0
100
AcDbCircle
 10
265.6780955624008
 20
404.9980046728208
 30
0.0
 40
3.0
  0
CIRCLE
  5
112E
330
17
100
AcDbEntity
  8
0
100
AcDbCircle
 10
169.13358406737694
 20
753.8383762844898
 30
0.0
 40
3.0
  0
CIRCLE
  5
112F
330
17
100
AcDbEntity
  8
0
100
AcDbCircle
 10
693.2663696828832
 20
602.1978167206693
 30
0.0
 40
3.0
  0
CIRCLE
  5
1130
330
17
100
AcDbEntity
  8
0
100
AcDbCircle
 10
311.75236613443377
 20
925.4549669429389
 30
0.0
 40
3.0
  0
CIRCLE
  5
1131
330
17
100
AcDbEntity
  8
0
100
AcDbCircle
 10
504.4699911881001
 20
865.3427806324031
 30
0.0
 40
3.0
  0
CIRCLE
  5
1132
330
17
100
AcDbEntity
  8
0
100
AcDbCircle
 10
478.3234850306142
 20
774.0462958144775
 30
0.0
 40
3.0
  0
CIRCLE
  5
1133
330
17
100
AcDbEntity
  8
0
100
AcDbCircle
 10
148.47982605854608
 20
126.40668959865191
 30
0.0
 40
3.0
  0
CIRCLE
  5
1134
330
17
100
AcDbEntity
  8
0
100
AcDbCircle
 10
262.93530291778427
 20
779.8661946681616
 30
0.0
 40
3.0
  0
CIRCLE
  5
1135
330
17
100
AcDbEntity
  8
0
100
AcDbCircle
 10
767.7187526132019
 20
402.72562836874675
 30
0.0
 40
3.0
  0
CIRCLE
  5
1136
330
17
100
AcDbEntity
  8
0
100
AcDbCircle
 10
16.01411325807789
 20
793.5868042309304
 30
0.0
 40
3.0
  0
CIRCLE
  5
1137
330
17
100
AcDbEntity
  8
0
100
AcDbCircle
 10
946.1308007305631
 20
979.8936746632752
 30
0.0
 40
3.0
  0
CIRCLE
  5
1138
330
17
100
AcDbEntity
  8
0
100
AcDbCircle
 10
869.0649324736653
 20
195.05570910239726
 30
0.0
 40
3.0
  0
CIRCLE
  5
1139
330
17
100
AcDbEntity
  8
0
100
AcDbCircle
 10
576.3844747318013
 20
163.23638917748187
 30
0.0
 40
3.0
  0
CIRCLE
  5
113A
330
17
100
AcDbEntity
  8
0
100
AcDbCircle
 10
642.1356334731873
 20
558.0496314181847
 30
0.0
 40
3.0
  0
CIRCLE
  5
113B
330
17
100
AcDbEntity
  8
0
100
AcDbCircle
 10
411.7023425396199
 20
950.8505164555053
 30
0.0
 40
3.0
  0
CIRCLE
  5
113C
330
17
100
AcDbEntity
  8
0
100
AcDbCircle
 10
383.65713815474754
 20
996.4854149235006
 30
0.0
 40
3.0
  0
CIRCLE
  5
113D
330
17
100
AcDbEntity
  8
0
100
AcDbCircle
 10
381.02065367030116
 20
39.59356436486491
 30
0.0
 40
3.0
  0
CIRCLE
  5
113E
330
17
100
AcDbEntity
  8
0
100
AcDbCircle
 10
594.6579166759157
 20
222.47962778092906
 30
0.0
 40
3.0
  0
CIRCLE
  5
113F
330
17
100
AcDbEntity
  8
0
100
AcDbCircle
 10
863.686154632624
 20
126.67126672026889
 30
0.0
 40
3.0
  0
CIRCLE
  5
1140
330
17
100
AcDbEntity
  8
0
100
AcDbCircle
 10
726.2539081371613
 20
61.63330099989731
 30
0.0
 40
3.0
  0
CIRCLE
  5
1141
330
17
100
AcDbEntity
  8
0
100
AcDbCircle
 10
327.83116679755864
 20
605.1061402803147
 30
0.0
 40
3.0
  0
CIRCLE
  5
1142
330
17
100
AcDbEntity
  8
0
100
AcDbCircle
 10
121.34895891017565
 20
568.3779930756589
 30
0.0
 40
3.0
  0
CIRCLE
  5
1143
330
17
100
AcDbEntity
  8
0
100
AcDbCircle
 10
475.2778684206287
 20
183.68463086359776
 30
0.0
 40
3.0
  0
CIRCLE
  5
1144
330
17
100
AcDbEntity
  8
0
100
AcDbCircle
 10
425.04125726298616
 20
765.5520975206483
 30
0.0
 40
3.0
  0
CIRCLE
  5
1145
330
17
100
AcDbEntity
  8
0
100
AcDbCircle
 10
731.5972104222313
 20
125.15080544993184
 30
0.0
 40
3.0
  0
CIRCLE
  5
1146
330
17
100
AcDbEntity
  8
0
100
AcDbCircle
 10
510.9346618306015
 20
566.224944656603
 30
0.0
 40
3.0
  0
CIRCLE
  5
1147
330
17
100
AcDbEntity
  8
0
100
AcDbCircle
 10
100.9818173178142
 20
248.21386961403627
 30
0.0
 40
3.0
  0
CIRCLE
  5
1148
330
17
100
AcDbEntity
  8
0
100
AcDbCircle
 10
573.1425515192526
 20
425.26538833204097
 30
0.0
 40
3.0
  0
CIRCLE
  5
1149
330
17
100
AcDbEntity
  8
0
100
AcDbCircle
 10
558.5974598686174
 20
548.4798510421577
 30
0.0
 40
3.0
  0
CIRCLE
  5
114A
330
17
100
AcDbEntity
  8
0
100
AcDbCircle
 10
426.958535923613
 20
851.3694973304208
 30
0.0
 40
3.0
  0
CIRCLE
  5
114B
330
17
100
AcDbEntity
  8
0
100
AcDbCircle
 10
269.98335920606206
 20
410.45190634024397
 30
0.0
 40
3.0
  0
CIRCLE
  5
114C
330
17
100
AcDbEntity
  8
0
100
AcDbCircle
 10
944.2868652847255
 20
606.7666264434185
 30
0.0
 40
3.0
  0
CIRCLE
  5
114D
330
17
100
AcDbEntity
  8
0
100
AcDbCircle
 10
126.77031969248984
 20
219.13556272391418
 30
0.0
 40
3.0
  0
CIRCLE
  5
114E
330
17
100
AcDbEntity
  8
0
100
AcDbCircle
 10
451.3340977256343
 20
140.6129888672462
 30
0.0
 40
3.0
  0
CIRCLE
  5
114F
330
17
100
AcDbEntity
  8
0
100
AcDbCircle
 10
40.254659609886566
 20
423.5462621430092
 30
0.0
 40
3.0
  0
CIRCLE
  5
1150
330
17
100
AcDbEntity
  8
0
100
AcDbCircle
 10
795.5305704858266
 20
598.614158979199
 30
0.0
 40
3.0
  0
CIRCLE
  5
1151
330
17
100
AcDbEntity
  8
0
100
AcDbCircle
 10
895.3387424527518
 20
200.15293314386432
 30
0.0
 40
3.0
  0
CIRCLE
  5
1152
330
17
100
AcDbEntity
  8
0
100
AcDbCircle
 10
828.3726577033921
 20
814.4687938078248
 30
0.0
 40
3.0
  0
CIRCLE
  5
1153
330
17
100
AcDbEntity
  8
0
100
AcDbCircle
 10
949.9842382474982
 20
612.270428068532
 30
0.0
 40
3.0
  0
CIRCLE
  5
1154
330
17
100
AcDbEntity
  8
0
100
AcDbCircle
 10
760.335523034032
 20
637.3334967349952
 30
0.0
 40
3.0
  0
CIRCLE
  5
1155
330
17
100
AcDbEntity
  8
0
100
AcDbCircle
 10
977.6914781763827
 20
174.02364587558677
 30
0.0
 40
3.0
  0
CIRCLE
  5
1156
330
17
100
AcDbEntity
  8
0
100
AcDbCircle
 10
66.29756981140021
 20
89.58664700673351
 30
0.0
 40
3.0
  0
CIRCLE
  5
1157
330
17
100
AcDbEntity
  8
0
100
AcDbCircle
 10
432.027934823522
 20
722.5993565982219
 30
0.0
 40
3.0
  0
CIRCLE
  5
1158
330
17
100
AcDbEntity
  8
0
100
AcDbCircle
 10
774.7494690386459
 20
703.9375504864184
 30
0.0
 40
3.0
  0
CIRCLE
  5
1159
330
17
100
AcDbEntity
  8
0
100
AcDbCircle
 10
530.3001782404522
 20
419.2678356419979
 30
0.0
 40
3.0
  0
CIRCLE
  5
115A
330
17
100
AcDbEntity
  8
0
100
AcDbCircle
 10
648.7330050322862
 20
909.2244508789547
 30
0.0
 40
3.0
  0
CIRCLE
  5
115B
330
17
100
AcDbEntity
  8
0
100
AcDbCircle
 10
58.420115213825305
 20
464.8162427032862
 30
0.0
 40
3.0
  0
CIRCLE
  5
115C
330
17
100
AcDbEntity
  8
0
100
AcDbCircle
 10
895.2665301681938
 20
3.586017830154188
 30
0.0
 40
3.0
  0
CIRCLE
  5
115D
330
17
100
AcDbEntity
  8
0
100
AcDbCircle
 10
371.8472070564179
 20
258.86058604905037
 30
0.0
 40
3.0
  0
CIRCLE
  5
115E
330
17
100
AcDbEntity
  8
0
100
AcDbCircle
 10
105.15620086400592
 20
220.09960392514057
 30
0.0
 40
3.0
  0
CIRCLE
  5
115F
330
17
100
AcDbEntity
  8
0
100
AcDbCircle
 10
691.1231431208722
 20
4.642174737728288
 30
0.0
 40
3.0
  0
CIRCLE
  5
1160
330
17
100
AcDbEntity
  8
0
100
AcDbCircle
 10
988.5894147819988
 20
284.13962821487434
 30
0.0
 40
3.0
  0
CIRCLE
  5
1161
330
17
100
AcDbEntity
  8
0
100
AcDbCircle
 10
777.1000592043164
 20
72.58756492443997
 30
0.0
 40
3.0
  0
CIRCLE
  5
1162
330
17
100
AcDbEntity
  8
0
100
AcDbCircle
 10
995.8995528801045
 20
457.09909443523867
 30
0.0
 40
3.0
  0
CIRCLE
  5
1163
330
17
100
AcDbEntity
  8
0
100
AcDbCircle
 10
252.43888948201166
 20
772.8235461172231
 30
0.0
 40
3.0
  0
CIRCLE
  5
1164
330
17
100
AcDbEntity
  8
0
100
AcDbCircle
 10
589.6524138096914
 20
823.061680243341
 30
0.0
 40
3.0
  0
CIRCLE
  5
1165
330
17
100
AcDbEntity
  8
0
100
AcDbCircle
 10
577.0905260867493
 20
4.575421316045118
 30
0.0
 40
3.0
  0
CIRCLE
  5
1166
330
17
100
AcDbEntity
  8
0
100
AcDbCircle
 10
996.9070812018396
 20
494.27224361189326
 30
0.0
 40
3.0
  0
CIRCLE
  5
1167
330
17
100
AcDbEntity
  8
0
100
AcDbCircle
 10
434.44075850787647
 20
148.26630068878072
 30
0.0
 40
3.0
  0
CIRCLE
  5
1168
330
17
100
AcDbEntity
  8
0
100
AcDbCircle
 10
112.47883719384717
 20
909.3196922934267
 30
0.0
 40
3.0
  0
CIRCLE
  5
1169
330
17
100
AcDbEntity
  8
0
100
AcDbCircle
 10
802.1327685509244
 20
688.763338712716
 30
0.0
 40
3.0
  0
CIRCLE
  5
116A
330
17
100
AcDbEntity
  8
0
100
AcDbCircle
 10
615.4372064727698
 20
863.3286751666145
 30
0.0
 40
3.0
  0
CIRCLE
  5
116B
330
17
100
AcDbEntity
  8
0
100
AcDbCircle
 10
220.20925242500934
 20
901.8235494406417
 30
0.0
 40
3.0
  0
CIRCLE
  5
116C
330
17
100
AcDbEntity
  8
0
100
AcDbCircle
 10
996.1703827263052
 20
216.49206897825425
 30
0.0
 40
3.0
  0
CIRCLE
  5
116D
330
17
100
AcDbEntity
  8
0
100
AcDbCircle
 10
880.321121159435
 20
905.822465843645
 30
0.0
 40
3.0
  0
CIRCLE
  5
116E
330
17
100
AcDbEntity
  8
0
100
AcDbCircle
 10
486.8972836703797
 20
53.93663609811269
 30
0.0
 40
3.0
  0
CIRCLE
  5
116F
330
17
100
AcDbEntity
  8
0
100
AcDbCircle
 10
731.0951545824698
 20
109.54505596348798
 30
0.0
 40
3.0
  0
CIRCLE
  5
1170
330
17
100
AcDbEntity
  8
0
100
AcDbCircle
 10
883.3815491391055
 20
559.0103223809396
 30
0.0
 40
3.0
  0
CIRCLE
  5
1171
330
17
100
AcDbEntity
  8
0
100
AcDbCircle
 10
174.13029818997677
 20
725.9638843614728
 30
0.0
 40
3.0
  0
CIRCLE
  5
1172
330
17
100
AcDbEntity
  8
0
100
AcDbCircle
 10
269.35328107226627
 20
43.36023738397992
 30
0.0
 40
3.0
  0
CIRCLE
  5
1173
330
17
100
AcDbEntity
  8
0
100
AcDbCircle
 10
437.6276647373931
 20
372.9889403571758
 30
0.0
 40
3.0
  0
CIRCLE
  5
1174
330
17
100
AcDbEntity
  8
0
100
AcDbCircle
 10
147.8102488760667
 20
322.3338310490517
 30
0.0
 40
3.0
  0
CIRCLE
  5
1175
330
17
100
AcDbEntity
  8
0
100
AcDbCircle
 10
632.9756014737501
 20
476.45163765812737
 30
0.0
 40
3.0
  0
CIRCLE
  5
1176
330
17
100
AcDbEntity
  8
0
100
AcDbCircle
 10
520.2748380859197
 20
478.09529020772584
 30
0.0
 40
3.0
  0
CIRCLE
  5
1177
330
17
100
AcDbEntity
  8
0
100
AcDbCircle
 10
882.0102105623344
 20
320.66112064388466
 30
0.0
 40
3.0
  0
CIRCLE
  5
1178
330
17
100
AcDbEntity
  8
0
100
AcDbCircle
 10
990.2521004277737
 20
261.58078807165543
 30
0.0
 40
3.0
  0
CIRCLE
  5
1179
330
17
100
AcDbEntity
  8
0
100
AcDbCircle
 10
846.9870559406893
 20
802.7886032032524
 30
0.0
 40
3.0
  0
CIRCLE
  5
117A
330
17
100
AcDbEntity
  8
0
100
AcDbCircle
 10
914.5475670043452
 20
832.513300236439
 30
0.0
 40
3.0
  0
CIRCLE
  5
117B
330
17
100
AcDbEntity
  8
0
100
AcDbCircle
 10
714.815626806811
 20
405.0494353646613
 30
0.0
 40
3.0
  0
CIRCLE
  5
117C
330
17
100
AcDbEntity
  8
0
100
AcDbCircle
 10
769.1102152229244
 20
659.014643244791
 30
0.0
 40
3.0
  0
CIRCLE
  5
117D
330
17
100
AcDbEntity
  8
0
100
AcDbCircle
 10
3.9725694966321075
 20
180.14116521168734
 30
0.0
 40
3.0
  0
CIRCLE
  5
117E
330
17
100
AcDbEntity
  8
0
100
AcDbCircle
 10
501.42227770725304
 20
294.439805082881
 30
0.0
 40
3.0
  0
CIRCLE
  5
117F
330
17
100
AcDbEntity
  8
0
100
AcDbCircle
 10
929.3910780142595
 20
721.4683611235214
 30
0.0
 40
3.0
  0
CIRCLE
  5
1180
330
17
100
AcDbEntity
  8
0
100
AcDbCircle
 10
428.007966739308
 20
953.8807733810183
 30
0.0
 40
3.0
  0
CIRCLE
  5
1181
330
17
100
AcDbEntity
  8
0
100
AcDbCircle
 10
725.6435620901053
 20
982.4141129746251
 30
0.0
 40
3.0
  0
CIRCLE
  5
1182
330
17
100
AcDbEntity
  8
0
100
AcDbCircle
 10
378.945693042455
 20
143.29262961116652
 30
0.0
 40
3.0
  0
CIRCLE
  5
1183
330
17
100
AcDbEntity
  8
0
100
AcDbCircle
 10
247.94887179725643
 20
704.5658354586187
 30
0.0
 40
3.0
  0
CIRCLE
  5
1184
330
17
100
AcDbEntity
  8
0
100
AcDbCircle
 10
389.32679816584283
 20
858.1940174263326
 30
0.0
 40
3.0
  0
CIRCLE
  5
1185
330
17
100
AcDbEntity
  8
0
100
AcDbCircle
 10
842.5018505965008
 20
910.3798085496909
 30
0.0
 40
3.0
  0
CIRCLE
  5
1186
330
17
100
AcDbEntity
  8
0
100
AcDbCircle
 10
205.23534227489375
 20
536.34642321996
 30
0.0
 40
3.0
  0
CIRCLE
  5
1187
330
17
100
AcDbEntity
  8
0
100
AcDbCircle
 10
750.7870491939882
 20
54.71490257996137
 30
0.0
 40
3.0
  0
CIRCLE
  5
1188
330
17
100
AcDbEntity
  8
0
100
AcDbCircle
 10
111.14288015167268
 20
555.2845839283989
 30
0.0
 40
3.0
  0
CIRCLE
  5
1189
330
17
100
AcDbEntity
  8
0
100
AcDbCircle
 10
3.3158954051923955
 20
275.76243174242046
 30
0.0
 40
3.0
  0
CIRCLE
  5
118A
330
17
100
AcDbEntity
  8
0
100
AcDbCircle
 10
882.9089915423325
 20
95.97646419361564
 30
0.0
 40
3.0
  0
CIRCLE
  5
118B
330
17
100
AcDbEntity
  8
0
100
AcDbCircle
 10
4.764967834553005
 20
329.8311711930218
 30
0.0
 40
3.0
  0
CIRCLE
  5
118C
330
17
100
AcDbEntity
  8
0
100
AcDbCircle
 10
585.007487163347
 20
393.45527771324595
 30
0.0
 40
3.0
  0
CIRCLE
  5
118D
330
17
100
AcDbEntity
  8
0
100
AcDbCircle
 10
139.80463504686128
 20
29.61104421605345
 30
0.0
 40
3.0
  0
CIRCLE
  5
118E
330
17
100
AcDbEntity
  8
0
100
AcDbCircle
 10
406.970465577811
 20
347.9681463978847
 30
0.0
 40
3.0
  0
CIRCLE
  5
118F
330
17
100
AcDbEntity
  8
0
100
AcDbCircle
 10
561.6026115485577
 20
528.756413149365
 30
0.0
 40
3.0
  0
CIRCLE
  5
1190
330
17
100
AcDbEntity
  8
0
100
AcDbCircle
 10
757.3615349451137
 20
619.2092940449817
 30
0.0
 40
3.0
  0
CIRCLE
  5
1191
330
17
100
AcDbEntity
  8
0
100
AcDbCircle
 10
215.56426730467908
 20
305.28080746060783
 30
0.0
 40
3.0
  0
CIRCLE
  5
1192
330
17
100
AcDbEntity
  8
0
100
AcDbCircle
 10
673.5719264352623
 20
592.2227961260971
 30
0.0
 40
3.0
  0
CIRCLE
  5
1193
330
17
100
AcDbEntity
  8
0
100
AcDbCircle
 10
844.7855456715532
 20
686.6989833304685
 30
0.0
 40
3.0
  0
CIRCLE
  5
1194
330
17
100
AcDbEntity
  8
0
100
AcDbCircle
 10
371.5483131867564
 20
990.7363400047204
 30
0.0
 40
3.0
  0
CIRCLE
  5
1195
330
17
100
AcDbEntity
  8
0
100
AcDbCircle
 10
662.8006787097739
 20
855.6570869435769
 30
0.0
 40
3.0
  0
CIRCLE
  5
1196
330
17
100
AcDbEntity
  8
0
100
AcDbCircle
 10
989.4253682851229
 20
358.1165827891589
 30
0.0
 40
3.0
  0
CIRCLE
  5
1197
330
17
100
AcDbEntity
  8
0
100
AcDbCircle
 10
401.54573390926055
 20
310.8773323106908
 30
0.0
 40
3.0
  0
CIRCLE
  5
1198
330
17
100
AcDbEntity
  8
0
100
AcDbCircle
 10
303.23438174843204
 20
38.63662090213273
 30
0.0
 40
3.0
  0
CIRCLE
  5
1199
330
17
100
AcDbEntity
  8
0
100
AcDbCircle
 10
375.77127778640113
 20
380.689907303062
 30
0.0
 40
3.0
  0
CIRCLE
  5
119A
330
17
100
AcDbEntity
  8
0
100
AcDbCircle
 10
349.6390246687748
 20
166.00233438269797
 30
0.0
 40
3.0
  0
CIRCLE
  5
119B
330
17
100
AcDbEntity
  8
0
100
AcDbCircle
 10
108.74493777516406
 20
547.0254038471945
 30
0.0
 40
3.0
  0
CIRCLE
  5
119C
330
17
100
AcDbEntity
  8
0
100
AcDbCircle
 10
596.4815706188502
 20
13.657416668077937
 30
0.0
 40
3.0
  0
CIRCLE
  5
119D
330
17
100
AcDbEntity
  8
0
100
AcDbCircle
 10
388.2630352936259
 20
959.0068143956167
 30
0.0
 40
3.0
  0
CIRCLE
  5
119E
330
17
100
AcDbEntity
  8
0
100
AcDbCircle
 10
735.2519184308088
 20
12.269121682537444
 30
0.0
 40
3.0
  0
CIRCLE
  5
119F
330
17
100
AcDbEntity
  8
0
100
AcDbCircle
 10
496.2568442404445
 20
938.9295531930878
 30
0.0
 40
3.0
  0
CIRCLE
  5
11A0
330
17
100
AcDbEntity
  8
0
100
AcDbCircle
 10
659.1764049718582
 20
817.9823689938825
 30
0.0
 40
3.0
  0
CIRCLE
  5
11A1
330
17
100
AcDbEntity
  8
0
100
AcDbCircle
 10
290.04878028743707
 20
630.5184400618643
 30
0.0
 40
3.0
  0
CIRCLE
  5
11A2
330
17
100
AcDbEntity
  8
0
100
AcDbCircle
 10
507.80117498108376
 20
900.4499450088565
 30
0.0
 40
3.0
  0
CIRCLE
  5
11A3
330
17
100
AcDbEntity
  8
0
100
AcDbCircle
 10
940.5798387637919
 20
196.0802341236736
 30
0.0
 40
3.0
  0
CIRCLE
  5
11A4
330
17
100
AcDbEntity
  8
0
100
AcDbCircle
 10
18.308295553815075
 20
884.7972348860451
 30
0.0
 40
3.0
  0
CIRCLE
  5
11A5
330
17
100
AcDbEntity
  8
0
100
AcDbCircle
 10
459.01091389770295
 20
867.6521303136036
 30
0.0
 40
3.0
  0
CIRCLE
  5
11A6
330
17
100
AcDbEntity
  8
0
100
AcDbCircle
 10
372.82045688902645
 20
205.54131462494504
 30
0.0
 40
3.0
  0
CIRCLE
  5
11A7
330
17
100
AcDbEntity
  8
0
100
AcDbCircle
 10
386.57479266010984
 20
698.0880417483596
 30
0.0
 40
3.0
  0
CIRCLE
  5
11A8
330
17
100
AcDbEntity
  8
0
100
AcDbCircle
 10
30.49161171368909
 20
987.7626240834271
 30
0.0
 40
3.0
  0
CIRCLE
  5
11A9
330
17
100
AcDbEntity
  8
0
100
AcDbCircle
 10
913.0663714353176
 20
908.9734283182744
 30
0.0
 40
3.0
  0
CIRCLE
  5
11AA
330
17
100
AcDbEntity
  8
0
100
AcDbCircle
 10
45.104254636981
 20
48.92921673432246
 30
0.0
 40
3.0
  0
CIRCLE
  5
11AB
330
17
100
AcDbEntity
  8
0
100
AcDbCircle
 10
975.882220457052
 20
610.2870691873593
 30
0.0
 40
3.0
  0
CIRCLE
  5
11AC
330
17
100
AcDbEntity
  8
0
100
AcDbCircle
 10
795.0865039728386
 20
989.2687828739219
 30
0.0
 40
3.0
  0
CIRCLE
  5
11AD
330
17
100
AcDbEntity
  8
0
100
AcDbCircle
 10
881.9170500405312
 20
3.4306862926205044
 30
0.0
 40
3.0
  0
CIRCLE
  5
11AE
330
17
100
AcDbEntity
  8
0
100
AcDbCircle
 10
870.9530809400939
 20
554.1869720362331
 30
0.0
 40
3.0
  0
CIRCLE
  5
11AF
330
17
100
AcDbEntity
  8
0
100
AcDbCircle
 10
865.2834970114361
 20
996.1837332526894
 30
0.0
 40
3.0
  0
CIRCLE
  5
11B0
330
17
100
AcDbEntity
  8
0
100
AcDbCircle
 10
199.53812969636195
 20
222.07576623089338
 30
0.0
 40
3.0
  0
CIRCLE
  5
11B1
330
17
100
AcDbEntity
  8
0
100
AcDbCircle
 10
482.30118177189007
 20
995.9003096968756
 30
0.0
 40
3.0
  0
CIRCLE
  5
11B2
330
17
100
AcDbEntity
  8
0
100
AcDbCircle
 10
414.045040649799
 20
49.511245516962646
 30
0.0
 40
3.0
  0
CIRCLE
  5
11B3
330
17
100
AcDbEntity
  8
0
100
AcDbCircle
 10
431.87003512416527
 20
779.1465173151637
 30
0.0
 40
3.0
  0
CIRCLE
  5
11B4
330
17
100
AcDbEntity
  8
0
100
AcDbCircle
 10
196.56177702602784
 20
537.0263048806373
 30
0.0
 40
3.0
  0
CIRCLE
  5
11B5
330
17
100
AcDbEntity
  8
0
100
AcDbCircle
 10
526.436172546522
 20
995.8696976979729
 30
0.0
 40
3.0
  0
CIRCLE
  5
11B6
330
17
100
AcDbEntity
  8
0
100
AcDbCircle
 10
810.4225642431941
 20
490.9296605400558
 30
0.0
 40
3.0
  0
CIRCLE
  5
11B7
330
17
100
AcDbEntity
  8
0
100
AcDbCircle
 10
837.4919015762778
 20
190.8268676147522
 30
0.0
 40
3.0
  0
CIRCLE
  5
11B8
330
17
100
AcDbEntity
  8
0
100
AcDbCircle
 10
257.2115632390094
 20
70.80508111502309
 30
0.0
 40
3.0
  0
CIRCLE
  5
11B9
330
17
100
AcDbEntity
  8
0
100
AcDbCircle
 10
319.0816328655644
 20
636.5822105025725
 30
0.0
 40
3.0
  0
CIRCLE
  5
11BA
330
17
100
AcDbEntity
  8
0
100
AcDbCircle
 10
59.48221533915294
 20
292.40835132098647
 30
0.0
 40
3.0
  0
CIRCLE
  5
11BB
330
17
100
AcDbEntity
  8
0
100
AcDbCircle
 10
26.884238343110432
 20
736.0196214418061
 30
0.0
 40
3.0
  0
CIRCLE
  5
11BC
330
17
100
AcDbEntity
  8
0
100
AcDbCircle
 10
183.37807014171926
 20
736.5931049435904
 30
0.0
 40
3.0
  0
CIRCLE
  5
11BD
330
17
100
AcDbEntity
  8
0
100
AcDbCircle
 10
283.9537739343543
 20
587.0487202447024
 30
0.0
 40
3.0
  0
CIRCLE
  5
11BE
330
17
100
AcDbEntity
  8
0
100
AcDbCircle
 10
147.0971316089659
 20
788.4873445046317
 30
0.0
 40
3.0
  0
CIRCLE
  5
11BF
330
17
100
AcDbEntity
  8
0
100
AcDbCircle
 10
955.2867146196263
 20
352.11086938892373
 30
0.0
 40
3.0
  0
CIRCLE
  5
11C0
330
17
100
AcDbEntity
  8
0
100
AcDbCircle
 10
495.936677007259
 20
886.0451205626853
 30
0.0
 40
3.0
  0
CIRCLE
  5
11C1
330
17
100
AcDbEntity
  8
0
100
AcDbCircle
 10
236.26096616017352
 20
3.734710635587679
 30
0.0
 40
3.0
  0
CIRCLE
  5
11C2
330
17
100
AcDbEntity
  8
0
100
AcDbCircle
 10
842.3421817583115
 20
14.785010976024106
 30
0.0
 40
3.0
  0
CIRCLE
  5
11C3
330
17
100
AcDbEntity
  8
0
100
AcDbCircle
 10
708.5711958265175
 20
81.50772804398845
 30
0.0
 40
3.0
  0
CIRCLE
  5
11C4
330
17
100
AcDbEntity
  8
0
100
AcDbCircle
 10
276.74344033197445
 20
420.0419914137148
 30
0.0
 40
3.0
  0
CIRCLE
  5
11C5
330
17
100
AcDbEntity
  8
0
100
AcDbCircle
 10
509.2121704721341
 20
647.9199336171622
 30
0.0
 40
3.0
  0
CIRCLE
  5
11C6
330
17
100
AcDbEntity
  8
0
100
AcDbCircle
 10
391.99628567466436
 20
288.6097792853673
 30
0.0
 40
3.0
  0
CIRCLE
  5
11C7
330
17
100
AcDbEntity
  8
0
100
AcDbCircle
 10
4.974440386850794
 20
957.451558224576
 30
0.0
 40
3.0
  0
CIRCLE
  5
11C8
330
17
100
AcDbEntity
  8
0
100
AcDbCircle
 10
611.9697637202854
 20
36.54408610103392
 30
0.0
 40
3.0
  0
CIRCLE
  5
11C9
330
17
100
AcDbEntity
  8
0
100
AcDbCircle
 10
524.7039893994572
 20
111.76104520897034
 30
0.0
 40
3.0
  0
CIRCLE
  5
11CA
330
17
100
AcDbEntity
  8
0
100
AcDbCircle
 10
743.7704305828091
 20
813.3424568028154
 30
0.0
 40
3.0
  0
CIRCLE
  5
11CB
330
17
100
AcDbEntity
  8
0
100
AcDbCircle
 10
404.0739000409876
 20
435.1977862862573
 30
0.0
 40
3.0
  0
CIRCLE
  5
11CC
330
17
100
AcDbEntity
  8
0
100
AcDbCircle
 10
157.26763514788883
 20
4.039028758766415
 30
0.0
 40
3.0
  0
CIRCLE
  5
11CD
330
17
100
AcDbEntity
  8
0
100
AcDbCircle
 10
203.84569981024782
 20
623.0524059655298
 30
0.0
 40
3.0
  0
CIRCLE
  5
11CE
330
17
100
AcDbEntity
  8
0
100
AcDbCircle
 10
341.94847642058943
 20
479.32801467110727
 30
0.0
 40
3.0
  0
CIRCLE
  5
11CF
330
17
100
AcDbEntity
  8
0
100
AcDbCircle
 10
84.13258486068895
 20
767.7618550116778
 30
0.0
 40
3.0
  0
CIRCLE
  5
11D0
330
17
100
AcDbEntity
  8
0
100
AcDbCircle
 10
911.8657849717067
 20
951.7535725851642
 30
0.0
 40
3.0
  0
CIRCLE
  5
11D1
330
17
100
AcDbEntity
  8
0
100
AcDbCircle
 10
304.3391593526673
 20
717.4579043292104
 30
0.0
 40
3.0
  0
CIRCLE
  5
11D2
330
17
100
AcDbEntity
  8
0
100
AcDbCircle
 10
329.72388546556425
 20
796.0683911555353
 30
0.0
 40
3.0
  0
CIRCLE
  5
11D3
330
17
100
AcDbEntity
  8
0
100
AcDbCircle
 10
62.02390379615883
 20
136.25207638180652
 30
0.0
 40
3.0
  0
CIRCLE
  5
11D4
330
17
100
AcDbEntity
  8
0
100
AcDbCircle
 10
625.2766157953323
 20
250.3434741320323
 30
0.0
 40
3.0
  0
CIRCLE
  5
11D5
330
17
100
AcDbEntity
  8
0
100
AcDbCircle
 10
828.0703388002373
 20
470.12462958515476
 30
0.0
 40
3.0
  0
CIRCLE
  5
11D6
330
17
100
AcDbEntity
  8
0
100
AcDbCircle
 10
339.35053811008225
 20
117.44183926063074
 30
0.0
 40
3.0
  0
CIRCLE
  5
11D7
330
17
100
AcDbEntity
  8
0
100
AcDbCircle
 10
621.4031564132133
 20
904.0603235743191
 30
0.0
 40
3.0
  0
CIRCLE
  5
11D8
330
17
100
AcDbEntity
  8
0
100
AcDbCircle
 10
461.3557400759581
 20
381.35599133981736
 30
0.0
 40
3.0
  0
CIRCLE
  5
11D9
330
17
100
AcDbEntity
  8
0
100
AcDbCircle
 10
569.4394321437911
 20
352.14435846506086
 30
0.0
 40
3.0
  0
CIRCLE
  5
11DA
330
17
100
AcDbEntity
  8
0
100
AcDbCircle
 10
4.500745609278296
 20
797.976110803872
 30
0.0
 40
3.0
  0
CIRCLE
  5
11DB
330
17
100
AcDbEntity
  8
0
100
AcDbCircle
 10
173.97411683917232
 20
681.1769689657625
 30
0.0
 40
3.0
  0
CIRCLE
  5
11DC
330
17
100
AcDbEntity
  8
0
100
AcDbCircle
 10
784.6794503625002
 20
992.9651523332064
 30
0.0
 40
3.0
  0
CIRCLE
  5
11DD
330
17
100
AcDbEntity
  8
0
100
AcDbCircle
 10
701.4089113163967
 20
593.1749240564998
 30
0.0
 40
3.0
  0
CIRCLE
  5
11DE
330
17
100
AcDbEntity
  8
0
100
AcDbCircle
 10
630.7658533833354
 20
389.00374790449115
 30
0.0
 40
3.0
  0
CIRCLE
  5
11DF
330
17
100
AcDbEntity
  8
0
100
AcDbCircle
 10
842.8842242918246
 20
28.352007496301525
 30
0.0
 40
3.0
  0
CIRCLE
  5
11E0
330
17
100
AcDbEntity
  8
0
100
AcDbCircle
 10
598.235112085039
 20
258.9870567199089
 30
0.0
 40
3.0
  0
CIRCLE
  5
11E1
330
17
100
AcDbEntity
  8
0
100
AcDbCircle
 10
960.8982910785476
 20
988.2592827162016
 30
0.0
 40
3.0
  0
CIRCLE
  5
11E2
330
17
100
AcDbEntity
  8
0
100
AcDbCircle
 10
626.7580798759619
 20
439.45897945735805
 30
0.0
 40
3.0
  0
CIRCLE
  5
11E3
330
17
100
AcDbEntity
  8
0
100
AcDbCircle
 10
77.62695115834964
 20
73.3036448981881
 30
0.0
 40
3.0
  0
CIRCLE
  5
11E4
330
17
100
AcDbEntity
  8
0
100
AcDbCircle
 10
172.82609179154733
 20
879.275034684506
 30
0.0
 40
3.0
  0
CIRCLE
  5
11E5
330
17
100
AcDbEntity
  8
0
100
AcDbCircle
 10
712.2233293341285
 20
357.5612384827358
 30
0.0
 40
3.0
  0
CIRCLE
  5
11E6
330
17
100
AcDbEntity
  8
0
100
AcDbCircle
 10
25.06075155170515
 20
106.14955336540996
 30
0.0
 40
3.0
  0
CIRCLE
  5
11E7
330
17
100
AcDbEntity
  8
0
100
AcDbCircle
 10
963.6648276810237
 20
45.34148784729634
 30
0.0
 40
3.0
  0
CIRCLE
  5
11E8
330
17
100
AcDbEntity
  8
0
100
AcDbCircle
 10
730.227031877254
 20
603.7297234813399
 30
0.0
 40
3.0
  0
CIRCLE
  5
11E9
330
17
100
AcDbEntity
  8
0
100
AcDbCircle
 10
996.6996304919523
 20
155.51995845311234
 30
0.0
 40
3.0
  0
CIRCLE
  5
11EA
330
17
100
AcDbEntity
  8
0
100
AcDbCircle
 10
801.7080310777937
 20
800.7085605532911
 30
0.0
 40
3.0
  0
CIRCLE
  5
11EB
330
17
100
AcDbEntity
  8
0
100
AcDbCircle
 10
612.3721147298976
 20
852.1033464860645
 30
0.0
 40
3.0
  0
CIRCLE
  5
11EC
330
17
100
AcDbEntity
  8
0
100
AcDbCircle
 10
33.90926920450713
 20
962.4219617621412
 30
0.0
 40
3.0
  0
CIRCLE
  5
11ED
330
17
100
AcDbEntity
  8
0
100
AcDbCircle
 10
153.19610461606487
 20
133.6815458451781
 30
0.0
 40
3.0
  0
CIRCLE
  5
11EE
330
17
100
AcDbEntity
  8
0
100
AcDbCircle
 10
874.5434354032532
 20
807.1484276673558
 30
0.0
 40
3.0
  0
CIRCLE
  5
11EF
330
17
100
AcDbEntity
  8
0
100
AcDbCircle
 10
422.1051919248641
 20
591.3358857913162
 30
0.0
 40
3.0
  0
CIRCLE
  5
11F0
330
17
100
AcDbEntity
  8
0
100
AcDbCircle
 10
640.7170979118936
 20
896.1071956418684
 30
0.0
 40
3.0
  0
CIRCLE
  5
11F1
330
17
100
AcDbEntity
  8
0
100
AcDbCircle
 10
137.9286778636343
 20
331.0086499612582
 30
0.0
 40
3.0
  0
CIRCLE
  5
11F2
330
17
100
AcDbEntity
  8
0
100
AcDbCircle
 10
988.8727067082361
 20
345.1622768523864
 30
0.0
 40
3.0
  0
CIRCLE
  5
11F3
330
17
100
AcDbEntity
  8
0
100
AcDbCircle
 10
638.6603907506283
 20
402.1812469229869
 30
0.0
 40
3.0
  0
CIRCLE
  5
11F4
330
17
100
AcDbEntity
  8
0
100
AcDbCircle
 10
754.1160025564456
 20
296.8683905376169
 30
0.0
 40
3.0
  0
CIRCLE
  5
11F5
330
17
100
AcDbEntity
  8
0
100
AcDbCircle
 10
487.36636712256507
 20
242.73161620516083
 30
0.0
 40
3.0
  0
CIRCLE
  5
11F6
330
17
100
AcDbEntity
  8
0
100
AcDbCircle
 10
645.3477284300463
 20
848.5422688706827
 30
0.0
 40
3.0
  0
CIRCLE
  5
11F7
330
17
100
AcDbEntity
  8
0
100
AcDbCircle
 10
674.6651158414761
 20
689.0010054416617
 30
0.0
 40
3.0
  0
CIRCLE
  5
11F8
330
17
100
AcDbEntity
  8
0
100
AcDbCircle
 10
649.4584247875821
 20
714.7554910108764
 30
0.0
 40
3.0
  0
CIRCLE
  5
11F9
330
17
100
AcDbEntity
  8
0
100
AcDbCircle
 10
70.57591441401593
 20
626.980757731133
 30
0.0
 40
3.0
  0
CIRCLE
  5
11FA
330
17
100
AcDbEntity
  8
0
100
AcDbCircle
 10
928.466093140895
 20
231.82455801613966
 30
0.0
 40
3.0
  0
CIRCLE
  5
11FB
330
17
100
AcDbEntity
  8
0
100
AcDbCircle
 10
368.6756624778045
 20
752.5148895637806
 30
0.0
 40
3.0
  0
CIRCLE
  5
11FC
330
17
100
AcDbEntity
  8
0
100
AcDbCircle
 10
537.0003770825323
 20
545.6512781674612
 30
0.0
 40
3.0
  0
CIRCLE
  5
11FD
330
17
100
AcDbEntity
  8
0
100
AcDbCircle
 10
801.8813248720669
 20
194.27333504297192
 30
0.0
 40
3.0
  0
CIRCLE
  5
11FE
330
17
100
AcDbEntity
  8
0
100
AcDbCircle
 10
306.7755154243004
 20
575.7315582243814
 30
0.0
 40
3.0
  0
CIRCLE
  5
11FF
330
17
100
AcDbEntity
  8
0
100
AcDbCircle
 10
995.0471854588244
 20
675.888559716393
 30
0.0
 40
3.0
  0
CIRCLE
  5
1200
330
17
100
AcDbEntity
  8
0
100
AcDbCircle
 10
134.77909279684354
 20
716.8314507802409
 30
0.0
 40
3.0
  0
CIRCLE
  5
1201
330
17
100
AcDbEntity
  8
0
100
AcDbCircle
 10
685.650365612794
 20
547.0161854940635
 30
0.0
 40
3.0
  0
CIRCLE
  5
1202
330
17
100
AcDbEntity
  8
0
100
AcDbCircle
 10
3.190235028438723
 20
844.9907821351795
 30
0.0
 40
3.0
  0
CIRCLE
  5
1203
330
17
100
AcDbEntity
  8
0
100
AcDbCircle
 10
198.82370318172352
 20
606.2169288355003
 30
0.0
 40
3.0
  0
CIRCLE
  5
1204
330
17
100
AcDbEntity
  8
0
100
AcDbCircle
 10
540.720175361863
 20
273.85406109810873
 30
0.0
 40
3.0
  0
CIRCLE
  5
1205
330
17
100
AcDbEntity
  8
0
100
AcDbCircle
 10
781.8999825287535
 20
223.16929427918143
 30
0.0
 40
3.0
  0
CIRCLE
  5
1206
330
17
100
AcDbEntity
  8
0
100
AcDbCircle
 10
704.5053675881544
 20
348.6023517834534
 30
0.0
 40
3.0
  0
CIRCLE
  5
1207
330
17
100
AcDbEntity
  8
0
100
AcDbCircle
 10
570.721737965207
 20
435.96316394844547
 30
0.0
 40
3.0
  0
CIRCLE
  5
1208
330
17
100
AcDbEntity
  8
0
100
AcDbCircle
 10
870.7310044359143
 20
752.0846554665444
 30
0.0
 40
3.0
  0
CIRCLE
  5
1209
330
17
100
AcDbEntity
  8
0
100
AcDbCircle
 10
799.0693083727836
 20
834.3737367132708
 30
0.0
 40
3.0
  0
CIRCLE
  5
120A
330
17
100
AcDbEntity
  8
0
100
AcDbCircle
 10
979.7107002761785
 20
287.57423710443857
 30
0.0
 40
3.0
  0
CIRCLE
  5
120B
330
17
100
AcDbEntity
  8
0
100
AcDbCircle
 10
737.9018179014954
 20
584.7811128021488
 30
0.0
 40
3.0
  0
CIRCLE
  5
120C
330
17
100
AcDbEntity
  8
0
100
AcDbCircle
 10
298.7078812510567
 20
523.0079481304732
 30
0.0
 40
3.0
  0
CIRCLE
  5
120D
330
17
100
AcDbEntity
  8
0
100
AcDbCircle
 10
525.6011274995639
 20
425.04101308212773
 30
0.0
 40
3.0
  0
CIRCLE
  5
120E
330
17
100
AcDbEntity
  8
0
100
AcDbCircle
 10
10.187594029209537
 20
109.9560701447961
 30
0.0
 40
3.0
  0
CIRCLE
  5
120F
330
17
100
AcDbEntity
  8
0
100
AcDbCircle
 10
222.23535291746086
 20
977.1004775701656
 30
0.0
 40
3.0
  0
CIRCLE
  5
1210
330
17
100
AcDbEntity
  8
0
100
AcDbCircle
 10
655.2358614471583
 20
89.35029436411527
 30
0.0
 40
3.0
  0
CIRCLE
  5
1211
330
17
100
AcDbEntity
  8
0
100
AcDbCircle
 10
695.4929401797394
 20
527.6485706036203
 30
0.0
 40
3.0
  0
CIRCLE
  5
1212
330
17
100
AcDbEntity
  8
0
100
AcDbCircle
 10
698.5030121267871
 20
315.3673569457472
 30
0.0
 40
3.0
  0
CIRCLE
  5
1213
330
17
100
AcDbEntity
  8
0
100
AcDbCircle
 10
300.1537544078341
 20
625.3754289654429
 30
0.0
 40
3.0
  0
CIRCLE
  5
1214
330
17
100
AcDbEntity
  8
0
100
AcDbCircle
 10
679.8613043516033
 20
226.43121982849212
 30
0.0
 40
3.0
  0
CIRCLE
  5
1215
330
17
100
AcDbEntity
  8
0
100
AcDbCircle
 10
697.2921325434974
 20
207.66028570000438
 30
0.0
 40
3.0
  0
CIRCLE
  5
1216
330
17
100
AcDbEntity
  8
0
100
AcDbCircle
 10
904.8274686939565
 20
608.7016877567968
 30
0.0
 40
3.0
  0
CIRCLE
  5
1217
330
17
100
AcDbEntity
  8
0
100
AcDbCircle
 10
383.4562851503106
 20
93.35926723880216
 30
0.0
 40
3.0
  0
CIRCLE
  5
1218
330
17
100
AcDbEntity
  8
0
100
AcDbCircle
 10
3.0114994146655265
 20
58.47596172566165
 30
0.0
 40
3.0
  0
CIRCLE
  5
1219
330
17
100
AcDbEntity
  8
0
100
AcDbCircle
 10
25.13020971800941
 20
169.59472078041182
 30
0.0
 40
3.0
  0
CIRCLE
  5
121A
330
17
100
AcDbEntity
  8
0
100
AcDbCircle
 10
114.65322379091916
 20
363.4250015075272
 30
0.0
 40
3.0
  0
CIRCLE
  5
121B
330
17
100
AcDbEntity
  8
0
100
AcDbCircle
 10
548.4800607223683
 20
400.7049379385712
 30
0.0
 40
3.0
  0
CIRCLE
  5
121C
330
17
100
AcDbEntity
  8
0
100
AcDbCircle
 10
490.72559686531787
 20
103.88603697071173
 30
0.0
 40
3.0
  0
CIRCLE
  5
121D
330
17
100
AcDbEntity
  8
0
100
AcDbCircle
 10
74.38776384253525
 20
665.9817647712438
 30
0.0
 40
3.0
  0
CIRCLE
  5
121E
330
17
100
AcDbEntity
  8
0
100
AcDbCircle
 10
896.5742047357561
 20
206.26885780342408
 30
0.0
 40
3.0
  0
CIRCLE
  5
121F
330
17
100
AcDbEntity
  8
0
100
AcDbCircle
 10
960.412908427531
 20
960.4846930169211
 30
0.0
 40
3.0
  0
CIRCLE
  5
1220
330
17
100
AcDbEntity
  8
0
100
AcDbCircle
 10
208.7255062734545
 20
202.87033779760458
 30
0.0
 40
3.0
  0
CIRCLE
  5
1221
330
17
100
AcDbEntity
  8
0
100
AcDbCircle
 10
154.90284592302123
 20
230.63925891696886
 30
0.0
 40
3.0
  0
CIRCLE
  5
1222
330
17
100
AcDbEntity
  8
0
100
AcDbCircle
 10
940.7465932349087
 20
689.2391516957789
 30
0.0
 40
3.0
  0
CIRCLE
  5
1223
330
17
100
AcDbEntity
  8
0
100
AcDbCircle
 10
47.7020546580566
 20
141.46404468512375
 30
0.0
 40
3.0
  0
CIRCLE
  5
1224
330
17
100
AcDbEntity
  8
0
100
AcDbCircle
 10
570.8655423096667
 20
995.8669293622728
 30
0.0
 40
3.0
  0
CIRCLE
  5
1225
330
17
100
AcDbEntity
  8
0
100
AcDbCircle
 10
597.519545364029
 20
614.836745217244
 30
0.0
 40
3.0
  0
CIRCLE
  5
1226
330
17
100
AcDbEntity
  8
0
100
AcDbCircle
 10
100.87067118398424
 20
751.3498845794127
 30
0.0
 40
3.0
  0
CIRCLE
  5
1227
330
17
100
AcDbEntity
  8
0
100
AcDbCircle
 10
370.8134659357954
 20
983.6780322630839
 30
0.0
 40
3.0
  0
CIRCLE
  5
1228
330
17
100
AcDbEntity
  8
0
100
AcDbCircle
 10
193.3906753858045
 20
840.4909310755669
 30
0.0
 40
3.0
  0
CIRCLE
  5
1229
330
17
100
AcDbEntity
  8
0
100
AcDbCircle
 10
781.2169163418889
 20
492.3045810019759
 30
0.0
 40
3.0
  0
CIRCLE
  5
122A
330
17
100
AcDbEntity
  8
0
100
AcDbCircle
 10
176.25994615722962
 20
499.38275687592363
 30
0.0
 40
3.0
  0
CIRCLE
  5
122B
330
17
100
AcDbEntity
  8
0
100
AcDbCircle
 10
978.8985847079779
 20
843.3584402826591
 30
0.0
 40
3.0
  0
CIRCLE
  5
122C
330
17
100
AcDbEntity
  8
0
100
AcDbCircle
 10
956.7711357234076
 20
734.4482149070102
 30
0.0
 40
3.0
  0
CIRCLE
  5
122D
330
17
100
AcDbEntity
  8
0
100
AcDbCircle
 10
751.1752958458314
 20
913.6855574297006
 30
0.0
 40
3.0
  0
CIRCLE
  5
122E
330
17
100
AcDbEntity
  8
0
100
AcDbCircle
 10
816.715334839409
 20
274.8997987193608
 30
0.0
 40
3.0
  0
CIRCLE
  5
122F
330
17
100
AcDbEntity
  8
0
100
AcDbCircle
 10
550.6613395913743
 20
519.3931687639225
 30
0.0
 40
3.0
  0
CIRCLE
  5
1230
330
17
100
AcDbEntity
  8
0
100
AcDbCircle
 10
253.26439609665414
 20
569.0873580981861
 30
0.0
 40
3.0
  0
CIRCLE
  5
1231
330
17
100
AcDbEntity
  8
0
100
AcDbCircle
 10
363.4553548731454
 20
860.996004716686
 30
0.0
 40
3.0
  0
CIRCLE
  5
1232
330
17
100
AcDbEntity
  8
0
100
AcDbCircle
 10
661.5414801092868
 20
739.4679240091627
 30
0.0
 40
3.0
  0
CIRCLE
  5
1233
330
17
100
AcDbEntity
  8
0
100
AcDbCircle
 10
899.2398760334
 20
521.9300472426721
 30
0.0
 40
3.0
  0
CIRCLE
  5
1234
330
17
100
AcDbEntity
  8
0
100
AcDbCircle
 10
415.98446825325954
 20
839.6134253063441
 30
0.0
 40
3.0
  0
CIRCLE
  5
1235
330
17
100
AcDbEntity
  8
0
100
AcDbCircle
 10
400.32890677874803
 20
59.790118380794326
 30
0.0
 40
3.0
  0
CIRCLE
  5
1236
330
17
100
AcDbEntity
  8
0
100
AcDbCircle
 10
94.51474714964911
 20
62.80664259333991
 30
0.0
 40
3.0
  0
CIRCLE
  5
1237
330
17
100
AcDbEntity
  8
0
100
AcDbCircle
 10
535.3065822315917
 20
912.1871889571427
 30
0.0
 40
3.0
  0
CIRCLE
  5
1238
330
17
100
AcDbEntity
  8
0
100
AcDbCircle
 10
394.18882838762056
 20
25.160035414708588
 30
0.0
 40
3.0
  0
CIRCLE
  5
1239
330
17
100
AcDbEntity
  8
0
100
AcDbCircle
 10
217.85165464743014
 20
9.142308300585674
 30
0.0
 40
3.0
  0
CIRCLE
  5
123A
330
17
100
AcDbEntity
  8
0
100
AcDbCircle
 10
880.6106348257889
 20
252.51631402723882
 30
0.0
 40
3.0
  0
CIRCLE
  5
123B
330
17
100
AcDbEntity
  8
0
100
AcDbCircle
 10
681.225568567166
 20
385.99310421676455
 30
0.0
 40
3.0
  0
CIRCLE
  5
123C
330
17
100
AcDbEntity
  8
0
100
AcDbCircle
 10
270.26179338070483
 20
799.033822994683
 30
0.0
 40
3.0
  0
CIRCLE
  5
123D
330
17
100
AcDbEntity
  8
0
100
AcDbCircle
 10
970.6866529479789
 20
666.9693750469132
 30
0.0
 40
3.0
  0
CIRCLE
  5
123E
330
17
100
AcDbEntity
  8
0
100
AcDbCircle
 10
996.5622559555069
 20
985.2874254390865
 30
0.0
 40
3.0
  0
CIRCLE
  5
123F
330
17
100
AcDbEntity
  8
0
100
AcDbCircle
 10
40.048141656854824
 20
615.7851914300622
 30
0.0
 40
3.0
  0
CIRCLE
  5
1240
330
17
100
AcDbEntity
  8
0
100
AcDbCircle
 10
591.3511822755746
 20
30.4628731898482
 30
0.0
 40
3.0
  0
CIRCLE
  5
1241
330
17
100
AcDbEntity
  8
0
100
AcDbCircle
 10
165.05200089106106
 20
769.0683743791215
 30
0.0
 40
3.0
  0
CIRCLE
  5
1242
330
17
100
AcDbEntity
  8
0
100
AcDbCircle
 10
862.3828557748549
 20
140.1050917657425
 30
0.0
 40
3.0
  0
CIRCLE
  5
1243
330
17
100
AcDbEntity
  8
0
100
AcDbCircle
 10
149.01459979515238
 20
494.2934515822055
 30
0.0
 40
3.0
  0
CIRCLE
  5
1244
330
17
100
AcDbEntity
  8
0
100
AcDbCircle
 10
3.7751404209477606
 20
140.178134226595
 30
0.0
 40
3.0
  0
CIRCLE
  5
1245
330
17
100
AcDbEntity
  8
0
100
AcDbCircle
 10
988.7940404727755
 20
247.29305352394812
 30
0.0
 40
3.0
  0
CIRCLE
  5
1246
330
17
100
AcDbEntity
  8
0
100
AcDbCircle
 10
970.0357948446292
 20
389.50064457931444
 30
0.0
 40
3.0
  0
CIRCLE
  5
1247
330
17
100
AcDbEntity
  8
0
100
AcDbCircle
 10
179.8659802810436
 20
968.0298488826007
 30
0.0
 40
3.0
  0
CIRCLE
  5
1248
330
17
100
AcDbEntity
  8
0
100
AcDbCircle
 10
965.5078648575432
 20
217.03012047278727
 30
0.0
 40
3.0
  0
CIRCLE
  5
1249
330
17
100
AcDbEntity
  8
0
100
AcDbCircle
 10
536.5492101787056
 20
714.944892379497
 30
0.0
 40
3.0
  0
CIRCLE
  5
124A
330
17
100
AcDbEntity
  8
0
100
AcDbCircle
 10
278.57714189362014
 20
556.292603729646
 30
0.0
 40
3.0
  0
CIRCLE
  5
124B
330
17
100
AcDbEntity
  8
0
100
AcDbCircle
 10
607.9637137228746
 20
176.14797056940108
 30
0.0
 40
3.0
  0
CIRCLE
  5
124C
330
17
100
AcDbEntity
  8
0
100
AcDbCircle
 10
694.6889137577924
 20
397.26726097869334
 30
0.0
 40
3.0
  0
CIRCLE
  5
124D
330
17
100
AcDbEntity
  8
0
100
AcDbCircle
 10
784.851930886642
 20
193.39248586476884
 30
0.0
 40
3.0
  0
CIRCLE
  5
124E
330
17
100
AcDbEntity
  8
0
100
AcDbCircle
 10
193.23020075369627
 20
636.24976346905
 30
0.0
 40
3.0
  0
CIRCLE
  5
124F
330
17
100
AcDbEntity
  8
0
100
AcDbCircle
 10
995.8910857549984
 20
846.0206691457244
 30
0.0
 40
3.0
  0
CIRCLE
  5
1250
330
17
100
AcDbEntity
  8
0
100
AcDbCircle
 10
11.250760201914641
 20
970.8453076611271
 30
0.0
 40
3.0
  0
CIRCLE
  5
1251
330
17
100
AcDbEntity
  8
0
100
AcDbCircle
 10
595.2010854643534
 20
215.30292827907905
 30
0.0
 40
3.0
  0
CIRCLE
  5
1252
330
17
100
AcDbEntity
  8
0
100
AcDbCircle
 10
277.03521683378824
 20
467.10162197171934
 30
0.0
 40
3.0
  0
CIRCLE
  5
1253
330
17
100
AcDbEntity
  8
0
100
AcDbCircle
 10
715.4018429208123
 20
923.9320790859952
 30
0.0
 40
3.0
  0
CIRCLE
  5
1254
330
17
100
AcDbEntity
  8
0
100
AcDbCircle
 10
971.9420400147457
 20
520.6495668146351
 30
0.0
 40
3.0
  0
CIRCLE
  5
1255
330
17
100
AcDbEntity
  8
0
100
AcDbCircle
 10
803.719795657167
 20
812.8412238002558
 30
0.0
 40
3.0
  0
CIRCLE
  5
1256
330
17
100
AcDbEntity
  8
0
100
AcDbCircle
 10
534.4445008969793
 20
5.756568584725567
 30
0.0
 40
3.0
  0
CIRCLE
  5
1257
330
17
100
AcDbEntity
  8
0
100
AcDbCircle
 10
129.27363827350294
 20
145.09760535024455
 30
0.0
 40
3.0
  0
CIRCLE
  5
1258
330
17
100
AcDbEntity
  8
0
100
AcDbCircle
 10
975.4802233091514
 20
15.578639121729378
 30
0.0
 40
3.0
  0
CIRCLE
  5
1259
330
17
100
AcDbEntity
  8
0
100
AcDbCircle
 10
803.7325931108609
 20
660.1539880021553
 30
0.0
 40
3.0
  0
CIRCLE
  5
125A
330
17
100
AcDbEntity
  8
0
100
AcDbCircle
 10
571.1089654102775
 20
133.63574576137736
 30
0.0
 40
3.0
  0
CIRCLE
  5
125B
330
17
100
AcDbEntity
  8
0
100
AcDbCircle
 10
110.16873782078702
 20
967.5519622152775
 30
0.0
 40
3.0
  0
CIRCLE
  5
125C
330
17
100
AcDbEntity
  8
0
100
AcDbCircle
 10
858.1762288822733
 20
368.8557469337659
 30
0.0
 40
3.0
  0
CIRCLE
  5
125D
330
17
100
AcDbEntity
  8
0
100
AcDbCircle
 10
26.37696519413975
 20
29.154342750339108
 30
0.0
 40
3.0
  0
CIRCLE
  5
125E
330
17
100
AcDbEntity
  8
0
100
AcDbCircle
 10
266.8964491753451
 20
563.6191810960681
 30
0.0
 40
3.0
  0
CIRCLE
  5
125F
330
17
100
AcDbEntity
  8
0
100
AcDbCircle
 10
101.05369524371676
 20
501.93078424592954
 30
0.0
 40
3.0
  0
CIRCLE
  5
1260
330
17
100
AcDbEntity
  8
0
100
AcDbCircle
 10
870.5922646095926
 20
394.3011969565153
 30
0.0
 40
3.0
  0
CIRCLE
  5
1261
330
17
100
AcDbEntity
  8
0
100
AcDbCircle
 10
701.128667803938
 20
363.21086145438244
 30
0.0
 40
3.0
  0
CIRCLE
  5
1262
330
17
100
AcDbEntity
  8
0
100
AcDbCircle
 10
701.1520450263951
 20
760.8586173020888
 30
0.0
 40
3.0
  0
CIRCLE
  5
1263
330
17
100
AcDbEntity
  8
0
100
AcDbCircle
 10
816.0401525852868
 20
812.3817569838983
 30
0.0
 40
3.0
  0
CIRCLE
  5
1264
330
17
100
AcDbEntity
  8
0
100
AcDbCircle
 10
362.59378483023403
 20
633.7910012804459
 30
0.0
 40
3.0
  0
CIRCLE
  5
1265
330
17
100
AcDbEntity
  8
0
100
AcDbCircle
 10
786.318209852517
 20
952.8446288385144
 30
0.0
 40
3.0
  0
CIRCLE
  5
1266
330
17
100
AcDbEntity
  8
0
100
AcDbCircle
 10
163.41648225380823
 20
887.9225308241115
 30
0.0
 40
3.0
  0
CIRCLE
  5
1267
330
17
100
AcDbEntity
  8
0
100
AcDbCircle
 10
870.3383061838389
 20
364.0024654987365
 30
0.0
 40
3.0
  0
CIRCLE
  5
1268
330
17
100
AcDbEntity
  8
0
100
AcDbCircle
 10
136.04803924178947
 20
344.25579222673446
 30
0.0
 40
3.0
  0
CIRCLE
  5
1269
330
17
100
AcDbEntity
  8
0
100
AcDbCircle
 10
709.2497607944641
 20
499.38999775243974
 30
0.0
 40
3.0
  0
CIRCLE
  5
126A
330
17
100
AcDbEntity
  8
0
100
AcDbCircle
 10
898.0871426110187
 20
408.69064328681714
 30
0.0
 40
3.0
  0
CIRCLE
  5
126B
330
17
100
AcDbEntity
  8
0
100
AcDbCircle
 10
969.7011743311398
 20
76.0853824867792
 30
0.0
 40
3.0
  0
CIRCLE
  5
126C
330
17
100
AcDbEntity
  8
0
100
AcDbCircle
 10
396.96595730896377
 20
181.14998932850864
 30
0.0
 40
3.0
  0
CIRCLE
  5
126D
330
17
100
AcDbEntity
  8
0
100
AcDbCircle
 10
671.0943063698803
 20
662.6998753662485
 30
0.0
 40
3.0
  0
CIRCLE
  5
126E
330
17
100
AcDbEntity
  8
0
100
AcDbCircle
 10
194.83860851693734
 20
411.68221884882524
 30
0.0
 40
3.0
  0
CIRCLE
  5
126F
330
17
100
AcDbEntity
  8
0
100
AcDbCircle
 10
303.36187455242913
 20
139.7846913381633
 30
0.0
 40
3.0
  0
CIRCLE
  5
1270
330
17
100
AcDbEntity
  8
0
100
AcDbCircle
 10
976.9948529838923
 20
849.9844592463814
 30
0.0
 40
3.0
  0
CIRCLE
  5
1271
330
17
100
AcDbEntity
  8
0
100
AcDbCircle
 10
271.20685117967594
 20
637.6547577717453
 30
0.0
 40
3.0
  0
CIRCLE
  5
1272
330
17
100
AcDbEntity
  8
0
100
AcDbCircle
 10
286.31837408181224
 20
950.8875670123797
 30
0.0
 40
3.0
  0
CIRCLE
  5
1273
330
17
100
AcDbEntity
  8
0
100
AcDbCircle
 10
92.71554395769562
 20
638.2928284849783
 30
0.0
 40
3.0
  0
CIRCLE
  5
1274
330
17
100
AcDbEntity
  8
0
100
AcDbCircle
 10
660.105687148905
 20
876.951791245503
 30
0.0
 40
3.0
  0
CIRCLE
  5
1275
330
17
100
AcDbEntity
  8
0
100
AcDbCircle
 10
24.947581790318708
 20
308.57886933580096
 30
0.0
 40
3.0
  0
CIRCLE
  5
1276
330
17
100
AcDbEntity
  8
0
100
AcDbCircle
 10
605.758096064286
 20
250.1985902562971
 30
0.0
 40
3.0
  0
CIRCLE
  5
1277
330
17
100
AcDbEntity
  8
0
100
AcDbCircle
 10
388.56126961342744
 20
81.59786701304817
 30
0.0
 40
3.0
  0
CIRCLE
  5
1278
330
17
100
AcDbEntity
  8
0
100
AcDbCircle
 10
45.86099572375454
 20
433.64119389363157
 30
0.0
 40
3.0
  0
CIRCLE
  5
1279
330
17
100
AcDbEntity
  8
0
100
AcDbCircle
 10
636.0623250457564
 20
248.25904107414672
 30
0.0
 40
3.0
  0
CIRCLE
  5
127A
330
17
100
AcDbEntity
  8
0
100
AcDbCircle
 10
775.6988483156947
 20
808.4601283798522
 30
0.0
 40
3.0
  0
CIRCLE
  5
127B
330
17
100
AcDbEntity
  8
0
100
AcDbCircle
 10
831.0574895812521
 20
307.319429450241
 30
0.0
 40
3.0
  0
CIRCLE
  5
127C
330
17
100
AcDbEntity
  8
0
100
AcDbCircle
 10
724.8026881855757
 20
343.2161210352147
 30
0.0
 40
3.0
  0
CIRCLE
  5
127D
330
17
100
AcDbEntity
  8
0
100
AcDbCircle
 10
147.7688716619968
 20
973.9782622948901
 30
0.0
 40
3.0
  0
CIRCLE
  5
127E
330
17
100
AcDbEntity
  8
0
100
AcDbCircle
 10
429.9184513431278
 20
806.3776888766031
 30
0.0
 40
3.0
  0
CIRCLE
  5
127F
330
17
100
AcDbEntity
  8
0
100
AcDbCircle
 10
770.1430214920222
 20
478.00547650926353
 30
0.0
 40
3.0
  0
CIRCLE
  5
1280
330
17
100
AcDbEntity
  8
0
100
AcDbCircle
 10
737.7647872970526
 20
955.8792210662075
 30
0.0
 40
3.0
  0
CIRCLE
  5
1281
330
17
100
AcDbEntity
  8
0
100
AcDbCircle
 10
33.56908042297307
 20
282.69236981806444
 30
0.0
 40
3.0
  0
CIRCLE
  5
1282
330
17
100
AcDbEntity
  8
0
100
AcDbCircle
 10
119.45860845236923
 20
176.64506241105502
 30
0.0
 40
3.0
  0
CIRCLE
  5
1283
330
17
100
AcDbEntity
  8
0
100
AcDbCircle
 10
273.360688733497
 20
315.8964237639588
 30
0.0
 40
3.0
  0
CIRCLE
  5
1284
330
17
100
AcDbEntity
  8
0
100
AcDbCircle
 10
217.53879907330443
 20
629.5105847497315
 30
0.0
 40
3.0
  0
CIRCLE
  5
1285
330
17
100
AcDbEntity
  8
0
100
AcDbCircle
 10
355.9381514508714
 20
48.33237278669955
 30
0.0
 40
3.0
  0
CIRCLE
  5
1286
330
17
100
AcDbEntity
  8
0
100
AcDbCircle
 10
164.0667511610471
 20
687.3890593108199
 30
0.0
 40
3.0
  0
CIRCLE
  5
1287
330
17
100
AcDbEntity
  8
0
100
AcDbCircle
 10
409.14072069581607
 20
34.852779603795156
 30
0.0
 40
3.0
  0
CIRCLE
  5
1288
330
17
100
AcDbEntity
  8
0
100
AcDbCircle
 10
351.79774771618526
 20
241.23896848719028
 30
0.0
 40
3.0
  0
CIRCLE
  5
1289
330
17
100
AcDbEntity
  8
0
100
AcDbCircle
 10
836.366265426344
 20
666.9643026043054
 30
0.0
 40
3.0
  0
CIRCLE
  5
128A
330
17
100
AcDbEntity
  8
0
100
AcDbCircle
 10
967.8735400652514
 20
27.088374689329743
 30
0.0
 40
3.0
  0
CIRCLE
  5
128B
330
17
100
AcDbEntity
  8
0
100
AcDbCircle
 10
740.33446616926
 20
789.9880081013853
 30
0.0
 40
3.0
  0
CIRCLE
  5
128C
330
17
100
AcDbEntity
  8
0
100
AcDbCircle
 10
585.3749792784929
 20
813.5984062501567
 30
0.0
 40
3.0
  0
CIRCLE
  5
128D
330
17
100
AcDbEntity
  8
0
100
AcDbCircle
 10
391.79018497218516
 20
160.92739992648367
 30
0.0
 40
3.0
  0
CIRCLE
  5
128E
330
17
100
AcDbEntity
  8
0
100
AcDbCircle
 10
557.9277276917695
 20
97.04988949126555
 30
0.0
 40
3.0
  0
CIRCLE
  5
128F
330
17
100
AcDbEntity
  8
0
100
AcDbCircle
 10
799.3395644006099
 20
460.20800289500374
 30
0.0
 40
3.0
  0
CIRCLE
  5
1290
330
17
100
AcDbEntity
  8
0
100
AcDbCircle
 10
98.68916958897061
 20
580.3008933123406
 30
0.0
 40
3.0
  0
CIRCLE
  5
1291
330
17
100
AcDbEntity
  8
0
100
AcDbCircle
 10
259.7552340738665
 20
473.2044522237432
 30
0.0
 40
3.0
  0
CIRCLE
  5
1292
330
17
100
AcDbEntity
  8
0
100
AcDbCircle
 10
371.0688377610175
 20
71.72378566334757
 30
0.0
 40
3.0
  0
CIRCLE
  5
1293
330
17
100
AcDbEntity
  8
0
100
AcDbCircle
 10
985.057423124993
 20
771.2732165381068
 30
0.0
 40
3.0
  0
CIRCLE
  5
1294
330
17
100
AcDbEntity
  8
0
100
AcDbCircle
 10
593.5922833185981
 20
365.6040162047384
 30
0.0
 40
3.0
  0
CIRCLE
  5
1295
330
17
100
AcDbEntity
  8
0
100
AcDbCircle
 10
743.1277370303358
 20
83.65677477298551
 30
0.0
 40
3.0
  0
CIRCLE
  5
1296
330
17
100
AcDbEntity
  8
0
100
AcDbCircle
 10
768.429081445397
 20
277.29150235882383
 30
0.0
 40
3.0
  0
CIRCLE
  5
1297
330
17
100
AcDbEntity
  8
0
100
AcDbCircle
 10
174.68191741975593
 20
464.53000029550026
 30
0.0
 40
3.0
  0
CIRCLE
  5
1298
330
17
100
AcDbEntity
  8
0
100
AcDbCircle
 10
725.7475789006455
 20
412.2504838727177
 30
0.0
 40
3.0
  0
CIRCLE
  5
1299
330
17
100
AcDbEntity
  8
0
100
AcDbCircle
 10
193.13000074949142
 20
311.4620003471169
 30
0.0
 40
3.0
  0
CIRCLE
  5
129A
330
17
100
AcDbEntity
  8
0
100
AcDbCircle
 10
233.42031503323201
 20
586.381615619891
 30
0.0
 40
3.0
  0
CIRCLE
  5
129B
330
17
100
AcDbEntity
  8
0
100
AcDbCircle
 10
319.9378982253776
 20
894.8370794597997
 30
0.0
 40
3.0
  0
CIRCLE
  5
129C
330
17
100
AcDbEntity
  8
0
100
AcDbCircle
 10
470.01586652327967
 20
283.39419647476427
 30
0.0
 40
3.0
  0
CIRCLE
  5
129D
330
17
100
AcDbEntity
  8
0
100
AcDbCircle
 10
779.9562733202066
 20
368.1268397278514
 30
0.0
 40
3.0
  0
CIRCLE
  5
129E
330
17
100
AcDbEntity
  8
0
100
AcDbCircle
 10
208.1207222372382
 20
594.0909071696171
 30
0.0
 40
3.0
  0
CIRCLE
  5
129F
330
17
100
AcDbEntity
  8
0
100
AcDbCircle
 10
112.81442180693476
 20
928.6714105879215
 30
0.0
 40
3.0
  0
CIRCLE
  5
12A0
330
17
100
AcDbEntity
  8
0
100
AcDbCircle
 10
924.5361403453669
 20
739.9590511087938
 30
0.0
 40
3.0
  0
CIRCLE
  5
12A1
330
17
100
AcDbEntity
  8
0
100
AcDbCircle
 10
882.4703696621073
 20
509.2511747719513
 30
0.0
 40
3.0
  0
CIRCLE
  5
12A2
330
17
100
AcDbEntity
  8
0
100
AcDbCircle
 10
396.98130638091624
 20
836.0343223375813
 30
0.0
 40
3.0
  0
CIRCLE
  5
12A3
330
17
100
AcDbEntity
  8
0
100
AcDbCircle
 10
566.9258963610974
 20
824.3412969741994
 30
0.0
 40
3.0
  0
CIRCLE
  5
12A4
330
17
100
AcDbEntity
  8
0
100
AcDbCircle
 10
160.3699333103293
 20
218.8858711749575
 30
0.0
 40
3.0
  0
CIRCLE
  5
12A5
330
17
100
AcDbEntity
  8
0
100
AcDbCircle
 10
321.4563324759865
 20
976.0000391024715
 30
0.0
 40
3.0
  0
CIRCLE
  5
12A6
330
17
100
AcDbEntity
  8
0
100
AcDbCircle
 10
485.82887879896896
 20
3.076258343188994
 30
0.0
 40
3.0
  0
CIRCLE
  5
12A7
330
17
100
AcDbEntity
  8
0
100
AcDbCircle
 10
365.9639561135885
 20
739.9465695657996
 30
0.0
 40
3.0
  0
CIRCLE
  5
12A8
330
17
100
AcDbEntity
  8
0
100
AcDbCircle
 10
591.8227311711449
 20
872.8343793104617
 30
0.0
 40
3.0
  0
CIRCLE
  5
12A9
330
17
100
AcDbEntity
  8
0
100
AcDbCircle
 10
691.4391350131681
 20
996.6803408443063
 30
0.0
 40
3.0
  0
CIRCLE
  5
12AA
330
17
100
AcDbEntity
  8
0
100
AcDbCircle
 10
695.1502392200289
 20
226.5956872638034
 30
0.0
 40
3.0
  0
CIRCLE
  5
12AB
330
17
100
AcDbEntity
  8
0
100
AcDbCircle
 10
297.2609558951609
 20
234.44492014648145
 30
0.0
 40
3.0
  0
CIRCLE
  5
12AC
330
17
100
AcDbEntity
  8
0
100
AcDbCircle
 10
301.4889391969123
 20
388.94213923532493
 30
0.0
 40
3.0
  0
CIRCLE
  5
12AD
330
17
100
AcDbEntity
  8
0
100
AcDbCircle
 10
421.25027503927475
 20
61.135923057861056
 30
0.0
 40
3.0
  0
CIRCLE
  5
12AE
330
17
100
AcDbEntity
  8
0
100
AcDbCircle
 10
524.165518986572
 20
734.1952647557231
 30
0.0
 40
3.0
  0
CIRCLE
  5
12AF
330
17
100
AcDbEntity
  8
0
100
AcDbCircle
 10
276.6951229603344
 20
59.69798267611106
 30
0.0
 40
3.0
  0
CIRCLE
  5
12B0
330
17
100
AcDbEntity
  8
0
100
AcDbCircle
 10
364.14166009486496
 20
11.84002505880527
 30
0.0
 40
3.0
  0
CIRCLE
  5
12B1
330
17
100
AcDbEntity
  8
0
100
AcDbCircle
 10
25.1779642196694
 20
254.19401466108755
 30
0.0
 40
3.0
  0
CIRCLE
  5
12B2
330
17
100
AcDbEntity
  8
0
100
AcDbCircle
 10
983.9256638530471
 20
330.9309648721943
 30
0.0
 40
3.0
  0
CIRCLE
  5
12B3
330
17
100
AcDbEntity
  8
0
100
AcDbCircle
 10
422.2385640696171
 20
538.204460295637
 30
0.0
 40
3.0
  0
CIRCLE
  5
12B4
330
17
100
AcDbEntity
  8
0
100
AcDbCircle
 10
964.9953291738974
 20
636.0895946058946
 30
0.0
 40
3.0
  0
CIRCLE
  5
12B5
330
17
100
AcDbEntity
  8
0
100
AcDbCircle
 10
607.2018291381181
 20
163.84927106631892
 30
0.0
 40
3.0
  0
CIRCLE
  5
12B6
330
17
100
AcDbEntity
  8
0
100
AcDbCircle
 10
988.1066111773296
 20
633.7166051519335
 30
0.0
 40
3.0
  0
CIRCLE
  5
12B7
330
17
100
AcDbEntity
  8
0
100
AcDbCircle
 10
599.6686510740514
 20
642.8889397919961
 30
0.0
 40
3.0
  0
CIRCLE
  5
12B8
330
17
100
AcDbEntity
  8
0
100
AcDbCircle
 10
412.7912140641842
 20
741.5878991582566
 30
0.0
 40
3.0
  0
CIRCLE
  5
12B9
330
17
100
AcDbEntity
  8
0
100
AcDbCircle
 10
792.4443236844075
 20
26.737772136202434
 30
0.0
 40
3.0
  0
CIRCLE
  5
12BA
330
17
100
AcDbEntity
  8
0
100
AcDbCircle
 10
176.54283261039754
 20
313.1986310228404
 30
0.0
 40
3.0
  0
CIRCLE
  5
12BB
330
17
100
AcDbEntity
  8
0
100
AcDbCircle
 10
868.9506197304677
 20
769.8377633917071
 30
0.0
 40
3.0
  0
CIRCLE
  5
12BC
330
17
100
AcDbEntity
  8
0
100
AcDbCircle
 10
436.00532669230915
 20
792.657665611066
 30
0.0
 40
3.0
  0
CIRCLE
  5
12BD
330
17
100
AcDbEntity
  8
0
100
AcDbCircle
 10
994.2123749820917
 20
916.0878018342894
 30
0.0
 40
3.0
  0
CIRCLE
  5
12BE
330
17
100
AcDbEntity
  8
0
100
AcDbCircle
 10
782.5192077235707
 20
200.04602422076928
 30
0.0
 40
3.0
  0
CIRCLE
  5
12BF
330
17
100
AcDbEntity
  8
0
100
AcDbCircle
 10
734.4534523520897
 20
899.2986973634104
 30
0.0
 40
3.0
  0
CIRCLE
  5
12C0
330
17
100
AcDbEntity
  8
0
100
AcDbCircle
 10
213.4203494131624
 20
995.657753020273
 30
0.0
 40
3.0
  0
CIRCLE
  5
12C1
330
17
100
AcDbEntity
  8
0
100
AcDbCircle
 10
476.36315202814865
 20
58.542525507735476
 30
0.0
 40
3.0
  0
CIRCLE
  5
12C2
330
17
100
AcDbEntity
  8
0
100
AcDbCircle
 10
525.9341668833348
 20
493.96481071441616
 30
0.0
 40
3.0
  0
CIRCLE
  5
12C3
330
17
100
AcDbEntity
  8
0
100
AcDbCircle
 10
854.5218393805702
 20
682.3224592908425
 30
0.0
 40
3.0
  0
CIRCLE
  5
12C4
330
17
100
AcDbEntity
  8
0
100
AcDbCircle
 10
797.8804320406248
 20
681.629428220362
 30
0.0
 40
3.0
  0
CIRCLE
  5
12C5
330
17
100
AcDbEntity
  8
0
100
AcDbCircle
 10
543.7767802327255
 20
996.7393795469467
 30
0.0
 40
3.0
  0
CIRCLE
  5
12C6
330
17
100
AcDbEntity
  8
0
100
AcDbCircle
 10
182.62032296272113
 20
710.6693383032388
 30
0.0
 40
3.0
  0
CIRCLE
  5
12C7
330
17
100
AcDbEntity
  8
0
100
AcDbCircle
 10
596.3617250543266
 20
309.83475383489196
 30
0.0
 40
3.0
  0
CIRCLE
  5
12C8
330
17
100
AcDbEntity
  8
0
100
AcDbCircle
 10
36.034306043198725
 20
103.96407755198422
 30
0.0
 40
3.0
  0
CIRCLE
  5
12C9
330
17
100
AcDbEntity
  8
0
100
AcDbCircle
 10
888.7335560049719
 20
894.9979536050743
 30
0.0
 40
3.0
  0
CIRCLE
  5
12CA
330
17
100
AcDbEntity
  8
0
100
AcDbCircle
 10
692.4375894419728
 20
77.97007890194153
 30
0.0
 40
3.0
  0
CIRCLE
  5
12CB
330
17
100
AcDbEntity
  8
0
100
AcDbCircle
 10
513.3113339434922
 20
782.6772160279792
 30
0.0
 40
3.0
  0
CIRCLE
  5
12CC
330
17
100
AcDbEntity
  8
0
100
AcDbCircle
 10
619.2074299036337
 20
817.8448536423454
 30
0.0
 40
3.0
  0
CIRCLE
  5
12CD
330
17
100
AcDbEntity
  8
0
100
AcDbCircle
 10
466.9269788490634
 20
257.65475375937746
 30
0.0
 40
3.0
  0
CIRCLE
  5
12CE
330
17
100
AcDbEntity
  8
0
100
AcDbCircle
 10
632.9619038928038
 20
155.91632975690123
 30
0.0
 40
3.0
  0
CIRCLE
  5
12CF
330
17
100
AcDbEntity
  8
0
100
AcDbCircle
 10
333.7488397652328
 20
973.6142940236491
 30
0.0
 40
3.0
  0
CIRCLE
  5
12D0
330
17
100
AcDbEntity
  8
0
100
AcDbCircle
 10
735.1323618401889
 20
386.1885545232204
 30
0.0
 40
3.0
  0
CIRCLE
  5
12D1
330
17
100
AcDbEntity
  8
0
100
AcDbCircle
 10
676.443340775112
 20
287.710130935184
 30
0.0
 40
3.0
  0
CIRCLE
  5
12D2
330
17
100
AcDbEntity
  8
0
100
AcDbCircle
 10
986.2476120653272
 20
693.754207065549
 30
0.0
 40
3.0
  0
CIRCLE
  5
12D3
330
17
100
AcDbEntity
  8
0
100
AcDbCircle
 10
839.285257983518
 20
800.1829623041469
 30
0.0
 40
3.0
  0
CIRCLE
  5
12D4
330
17
100
AcDbEntity
  8
0
100
AcDbCircle
 10
44.1960701046918
 20
113.67774923370283
 30
0.0
 40
3.0
  0
CIRCLE
  5
12D5
330
17
100
AcDbEntity
  8
0
100
AcDbCircle
 10
123.15549430598519
 20
44.36318310283537
 30
0.0
 40
3.0
  0
CIRCLE
  5
12D6
330
17
100
AcDbEntity
  8
0
100
AcDbCircle
 10
78.61077883013904
 20
264.42799795287783
 30
0.0
 40
3.0
  0
CIRCLE
  5
12D7
330
17
100
AcDbEntity
  8
0
100
AcDbCircle
 10
522.9118206486651
 20
315.82282058017586
 30
0.0
 40
3.0
  0
CIRCLE
  5
12D8
330
17
100
AcDbEntity
  8
0
100
AcDbCircle
 10
13.757820788459798
 20
492.1357065088121
 30
0.0
 40
3.0
  0
CIRCLE
  5
12D9
330
17
100
AcDbEntity
  8
0
100
AcDbCircle
 10
431.9067917285281
 20
667.2384169027483
 30
0.0
 40
3.0
  0
CIRCLE
  5
12DA
330
17
100
AcDbEntity
  8
0
100
AcDbCircle
 10
512.9195266942032
 20
108.18320923720867
 30
0.0
 40
3.0
  0
CIRCLE
  5
12DB
330
17
100
AcDbEntity
  8
0
100
AcDbCircle
 10
362.04096121861363
 20
679.6420868716914
 30
0.0
 40
3.0
  0
CIRCLE
  5
12DC
330
17
100
AcDbEntity
  8
0
100
AcDbCircle
 10
571.579384236417
 20
30.569306225339925
 30
0.0
 40
3.0
  0
CIRCLE
  5
12DD
330
17
100
AcDbEntity
  8
0
100
AcDbCircle
 10
525.758582821482
 20
435.3899680491107
 30
0.0
 40
3.0
  0
CIRCLE
  5
12DE
330
17
100
AcDbEntity
  8
0
100
AcDbCircle
 10
410.7695423666502
 20
588.3914231770079
 30
0.0
 40
3.0
  0
CIRCLE
  5
12DF
330
17
100
AcDbEntity
  8
0
100
AcDbCircle
 10
472.0924144842167
 20
122.40033314206579
 30
0.0
 40
3.0
  0
CIRCLE
  5
12E0
330
17
100
AcDbEntity
  8
0
100
AcDbCircle
 10
41.66918176654273
 20
523.2397915791379
 30
0.0
 40
3.0
  0
CIRCLE
  5
12E1
330
17
100
AcDbEntity
  8
0
100
AcDbCircle
 10
549.6573708781696
 20
439.84919376123815
 30
0.0
 40
3.0
  0
CIRCLE
  5
12E2
330
17
100
AcDbEntity
  8
0
100
AcDbCircle
 10
876.3644764369494
 20
258.84806174074737
 30
0.0
 40
3.0
  0
CIRCLE
  5
12E3
330
17
100
AcDbEntity
  8
0
100
AcDbCircle
 10
715.0434147671098
 20
509.2002636003717
 30
0.0
 40
3.0
  0
CIRCLE
  5
12E4
330
17
100
AcDbEntity
  8
0
100
AcDbCircle
 10
418.0913562155464
 20
948.0309886243948
 30
0.0
 40
3.0
  0
CIRCLE
  5
12E5
330
17
100
AcDbEntity
  8
0
100
AcDbCircle
 10
839.4120510892184
 20
814.4551395166665
 30
0.0
 40
3.0
  0
CIRCLE
  5
12E6
330
17
100
AcDbEntity
  8
0
100
AcDbCircle
 10
31.449646108100715
 20
521.1499807152222
 30
0.0
 40
3.0
  0
CIRCLE
  5
12E7
330
17
100
AcDbEntity
  8
0
100
AcDbCircle
 10
831.3172220910301
 20
323.5434056284207
 30
0.0
 40
3.0
  0
CIRCLE
  5
12E8
330
17
100
AcDbEntity
  8
0
100
AcDbCircle
 10
876.5378341096931
 20
471.6712353064601
 30
0.0
 40
3.0
  0
CIRCLE
  5
12E9
330
17
100
AcDbEntity
  8
0
100
AcDbCircle
 10
443.0402106850418
 20
725.2013928307305
 30
0.0
 40
3.0
  0
CIRCLE
  5
12EA
330
17
100
AcDbEntity
  8
0
100
AcDbCircle
 10
3.535455664711617
 20
988.2832599085298
 30
0.0
 40
3.0
  0
CIRCLE
  5
12EB
330
17
100
AcDbEntity
  8
0
100
AcDbCircle
 10
470.619555263222
 20
605.1494866891884
 30
0.0
 40
3.0
  0
CIRCLE
  5
12EC
330
17
100
AcDbEntity
  8
0
100
AcDbCircle
 10
996.975628948951
 20
553.8503021895008
 30
0.0
 40
3.0
  0
CIRCLE
  5
12ED
330
17
100
AcDbEntity
  8
0
100
AcDbCircle
 10
138.32697053975247
 20
971.7349440628678
 30
0.0
 40
3.0
  0
CIRCLE
  5
12EE
330
17
100
AcDbEntity
  8
0
100
AcDbCircle
 10
954.6726337321618
 20
100.86736813219522
 30
0.0
 40
3.0
  0
CIRCLE
  5
12EF
330
17
100
AcDbEntity
  8
0
100
AcDbCircle
 10
123.12886867059255
 20
615.6018224353327
 30
0.0
 40
3.0
  0
CIRCLE
  5
12F0
330
17
100
AcDbEntity
  8
0
100
AcDbCircle
 10
996.5330633381152
 20
129.5250402888334
 30
0.0
 40
3.0
  0
CIRCLE
  5
12F1
330
17
100
AcDbEntity
  8
0
100
AcDbCircle
 10
791.6901821829168
 20
828.4798390042347
 30
0.0
 40
3.0
  0
CIRCLE
  5
12F2
330
17
100
AcDbEntity
  8
0
100
AcDbCircle
 10
261.02177480951144
 20
792.4708094166918
 30
0.0
 40
3.0
  0
CIRCLE
  5
12F3
330
17
100
AcDbEntity
  8
0
100
AcDbCircle
 10
102.91057415548048
 20
843.4152915311904
 30
0.0
 40
3.0
  0
CIRCLE
  5
12F4
330
17
100
AcDbEntity
  8
0
100
AcDbCircle
 10
143.06258046979457
 20
882.5015251899453
 30
0.0
 40
3.0
  0
CIRCLE
  5
12F5
330
17
100
AcDbEntity
  8
0
100
AcDbCircle
 10
994.6057419225315
 20
398.66631601988723
 30
0.0
 40
3.0
  0
CIRCLE
  5
12F6
330
17
100
AcDbEntity
  8
0
100
AcDbCircle
 10
283.67276959213814
 20
359.85832920650716
 30
0.0
 40
3.0
  0
CIRCLE
  5
12F7
330
17
100
AcDbEntity
  8
0
100
AcDbCircle
 10
148.33839972531288
 20
192.4258967586957
 30
0.0
 40
3.0
  0
CIRCLE
  5
12F8
330
17
100
AcDbEntity
  8
0
100
AcDbCircle
 10
730.4687544595462
 20
116.2859684230522
 30
0.0
 40
3.0
  0
CIRCLE
  5
12F9
330
17
100
AcDbEntity
  8
0
100
AcDbCircle
 10
633.179754694577
 20
449.34021831334474
 30
0.0
 40
3.0
  0
CIRCLE
  5
12FA
330
17
100
AcDbEntity
  8
0
100
AcDbCircle
 10
649.7955645320892
 20
684.2879087113238
 30
0.0
 40
3.0
  0
CIRCLE
  5
12FB
330
17
100
AcDbEntity
  8
0
100
AcDbCircle
 10
943.5610488705721
 20
838.277280045225
 30
0.0
 40
3.0
  0
CIRCLE
  5
12FC
330
17
100
AcDbEntity
  8
0
100
AcDbCircle
 10
702.212722475256
 20
723.5987957545314
 30
0.0
 40
3.0
  0
CIRCLE
  5
12FD
330
17
100
AcDbEntity
  8
0
100
AcDbCircle
 10
943.0596989173946
 20
924.9749192680441
 30
0.0
 40
3.0
  0
CIRCLE
  5
12FE
330
17
100
AcDbEntity
  8
0
100
AcDbCircle
 10
261.71867372490243
 20
745.6221102161867
 30
0.0
 40
3.0
  0
CIRCLE
  5
12FF
330
17
100
AcDbEntity
  8
0
100
AcDbCircle
 10
733.1268709569539
 20
825.456153993669
 30
0.0
 40
3.0
  0
CIRCLE
  5
1300
330
17
100
AcDbEntity
  8
0
100
AcDbCircle
 10
130.6849484935729
 20
996.2677282803298
 30
0.0
 40
3.0
  0
CIRCLE
  5
1301
330
17
100
AcDbEntity
  8
0
100
AcDbCircle
 10
869.3649282727445
 20
821.8990189951801
 30
0.0
 40
3.0
  0
CIRCLE
  5
1302
330
17
100
AcDbEntity
  8
0
100
AcDbCircle
 10
160.0901964672984
 20
317.7906241492524
 30
0.0
 40
3.0
  0
CIRCLE
  5
1303
330
17
100
AcDbEntity
  8
0
100
AcDbCircle
 10
50.81626684877522
 20
88.66289402397362
 30
0.0
 40
3.0
  0
CIRCLE
  5
1304
330
17
100
AcDbEntity
  8
0
100
AcDbCircle
 10
44.59587378677015
 20
747.7916883482233
 30
0.0
 40
3.0
  0
CIRCLE
  5
1305
330
17
100
AcDbEntity
  8
0
100
AcDbCircle
 10
794.6472139783237
 20
561.0333790865352
 30
0.0
 40
3.0
  0
CIRCLE
  5
1306
330
17
100
AcDbEntity
  8
0
100
AcDbCircle
 10
901.6768934123377
 20
861.5410183620585
 30
0.0
 40
3.0
  0
CIRCLE
  5
1307
330
17
100
AcDbEntity
  8
0
100
AcDbCircle
 10
91.2956021800333
 20
718.7138570391284
 30
0.0
 40
3.0
  0
CIRCLE
  5
1308
330
17
100
AcDbEntity
  8
0
100
AcDbCircle
 10
121.37263597266457
 20
58.13118423357942
 30
0.0
 40
3.0
  0
CIRCLE
  5
1309
330
17
100
AcDbEntity
  8
0
100
AcDbCircle
 10
744.8450748110055
 20
42.35572978452537
 30
0.0
 40
3.0
  0
CIRCLE
  5
130A
330
17
100
AcDbEntity
  8
0
100
AcDbCircle
 10
58.28504169315439
 20
310.2087756613666
 30
0.0
 40
3.0
  0
CIRCLE
  5
130B
330
17
100
AcDbEntity
  8
0
100
AcDbCircle
 10
768.6801708839346
 20
775.3605772231172
 30
0.0
 40
3.0
  0
CIRCLE
  5
130C
330
17
100
AcDbEntity
  8
0
100
AcDbCircle
 10
311.08440027605764
 20
632.3575635171878
 30
0.0
 40
3.0
  0
CIRCLE
  5
130D
330
17
100
AcDbEntity
  8
0
100
AcDbCircle
 10
914.1570468052053
 20
514.1677724897748
 30
0.0
 40
3.0
  0
CIRCLE
  5
130E
330
17
100
AcDbEntity
  8
0
100
AcDbCircle
 10
761.2020696214141
 20
817.5962201347648
 30
0.0
 40
3.0
  0
CIRCLE
  5
130F
330
17
100
AcDbEntity
  8
0
100
AcDbCircle
 10
403.55090136842034
 20
302.5878990310013
 30
0.0
 40
3.0
  0
CIRCLE
  5
1310
330
17
100
AcDbEntity
  8
0
100
AcDbCircle
 10
830.7392832352177
 20
774.7044893759892
 30
0.0
 40
3.0
  0
CIRCLE
  5
1311
330
17
100
AcDbEntity
  8
0
100
AcDbCircle
 10
418.3912537945563
 20
283.80393772789523
 30
0.0
 40
3.0
  0
CIRCLE
  5
1312
330
17
100
AcDbEntity
  8
0
100
AcDbCircle
 10
205.0289638494812
 20
518.2134480022244
 30
0.0
 40
3.0
  0
CIRCLE
  5
1313
330
17
100
AcDbEntity
  8
0
100
AcDbCircle
 10
968.3314113548336
 20
243.3077574103126
 30
0.0
 40
3.0
  0
CIRCLE
  5
1314
330
17
100
AcDbEntity
  8
0
100
AcDbCircle
 10
50.10721943728565
 20
269.51519441227845
 30
0.0
 40
3.0
  0
CIRCLE
  5
1315
330
17
100
AcDbEntity
  8
0
100
AcDbCircle
 10
33.47697127329324
 20
392.2902152981464
 30
0.0
 40
3.0
  0
CIRCLE
  5
1316
330
17
100
AcDbEntity
  8
0
100
AcDbCircle
 10
482.3311636314412
 20
359.7730578696875
 30
0.0
 40
3.0
  0
CIRCLE
  5
1317
330
17
100
AcDbEntity
  8
0
100
AcDbCircle
 10
293.8457436837422
 20
996.7845677165154
 30
0.0
 40
3.0
  0
CIRCLE
  5
1318
330
17
100
AcDbEntity
  8
0
100
AcDbCircle
 10
957.9265430795128
 20
84.64099085796886
 30
0.0
 40
3.0
  0
CIRCLE
  5
1319
330
17
100
AcDbEntity
  8
0
100
AcDbCircle
 10
509.995999976375
 20
535.5347748860054
 30
0.0
 40
3.0
  0
CIRCLE
  5
131A
330
17
100
AcDbEntity
  8
0
100
AcDbCircle
 10
276.0524829861684
 20
567.3628199380175
 30
0.0
 40
3.0
  0
CIRCLE
  5
131B
330
17
100
AcDbEntity
  8
0
100
AcDbCircle
 10
602.7528464523872
 20
627.8274513365897
 30
0.0
 40
3.0
  0
CIRCLE
  5
131C
330
17
100
AcDbEntity
  8
0
100
AcDbCircle
 10
616.5117647387278
 20
395.57520047229633
 30
0.0
 40
3.0
  0
CIRCLE
  5
131D
330
17
100
AcDbEntity
  8
0
100
AcDbCircle
 10
338.83991153078273
 20
451.7602379243207
 30
0.0
 40
3.0
  0
CIRCLE
  5
131E
330
17
100
AcDbEntity
  8
0
100
AcDbCircle
 10
23.648251963684512
 20
746.8820572702123
 30
0.0
 40
3.0
  0
CIRCLE
  5
131F
330
17
100
AcDbEntity
  8
0
100
AcDbCircle
 10
124.4934688390714
 20
741.7024081070529
 30
0.0
 40
3.0
  0
CIRCLE
  5
1320
330
17
100
AcDbEntity
  8
0
100
AcDbCircle
 10
569.3387739933925
 20
161.89961002374105
 30
0.0
 40
3.0
  0
CIRCLE
  5
1321
330
17
100
AcDbEntity
  8
0
100
AcDbCircle
 10
659.7660481738416
 20
14.169061802917623
 30
0.0
 40
3.0
  0
CIRCLE
  5
1322
330
17
100
AcDbEntity
  8
0
100
AcDbCircle
 10
380.0381609046642
 20
334.32350974040946
 30
0.0
 40
3.0
  0
CIRCLE
  5
1323
330
17
100
AcDbEntity
  8
0
100
AcDbCircle
 10
718.4476956786914
 20
185.11225244352394
 30
0.0
 40
3.0
  0
CIRCLE
  5
1324
330
17
100
AcDbEntity
  8
0
100
AcDbCircle
 10
723.08969510716
 20
955.6734897496016
 30
0.0
 40
3.0
  0
CIRCLE
  5
1325
330
17
100
AcDbEntity
  8
0
100
AcDbCircle
 10
236.47839423149216
 20
112.84466094157197
 30
0.0
 40
3.0
  0
CIRCLE
  5
1326
330
17
100
AcDbEntity
  8
0
100
AcDbCircle
 10
752.318999052678
 20
418.1409904852264
 30
0.0
 40
3.0
  0
CIRCLE
  5
1327
330
17
100
AcDbEntity
  8
0
100
AcDbCircle
 10
315.6450929788536
 20
911.2698842217193
 30
0.0
 40
3.0
  0
CIRCLE
  5
1328
330
17
100
AcDbEntity
  8
0
100
AcDbCircle
 10
731.8262037672932
 20
506.96168245035614
 30
0.0
 40
3.0
  0
CIRCLE
  5
1329
330
17
100
AcDbEntity
  8
0
100
AcDbCircle
 10
66.36699628766706
 20
508.910075771668
 30
0.0
 40
3.0
  0
CIRCLE
  5
132A
330
17
100
AcDbEntity
  8
0
100
AcDbCircle
 10
92.93386013844022
 20
56.67628862657975
 30
0.0
 40
3.0
  0
CIRCLE
  5
132B
330
17
100
AcDbEntity
  8
0
100
AcDbCircle
 10
294.11894176771494
 20
378.13498380679596
 30
0.0
 40
3.0
  0
CIRCLE
  5
132C
330
17
100
AcDbEntity
  8
0
100
AcDbCircle
 10
653.9996394025255
 20
299.05070015260503
 30
0.0
 40
3.0
  0
CIRCLE
  5
132D
330
17
100
AcDbEntity
  8
0
100
AcDbCircle
 10
687.070028892476
 20
313.0408135287163
 30
0.0
 40
3.0
  0
CIRCLE
  5
132E
330
17
100
AcDbEntity
  8
0
100
AcDbCircle
 10
187.367803598539
 20
533.6856951724461
 30
0.0
 40
3.0
  0
CIRCLE
  5
132F
330
17
100
AcDbEntity
  8
0
100
AcDbCircle
 10
593.5445782577327
 20
517.2926955053704
 30
0.0
 40
3.0
  0
CIRCLE
  5
1330
330
17
100
AcDbEntity
  8
0
100
AcDbCircle
 10
727.1646974626965
 20
138.00278024165726
 30
0.0
 40
3.0
  0
CIRCLE
  5
1331
330
17
100
AcDbEntity
  8
0
100
AcDbCircle
 10
947.996858974942
 20
958.223445850336
 30
0.0
 40
3.0
  0
CIRCLE
  5
1332
330
17
100
AcDbEntity
  8
0
100
AcDbCircle
 10
224.8770808603827
 20
282.5863269497291
 30
0.0
 40
3.0
  0
CIRCLE
  5
1333
330
17
100
AcDbEntity
  8
0
100
AcDbCircle
 10
967.1843685215215
 20
538.2088758307035
 30
0.0
 40
3.0
  0
CIRCLE
  5
1334
330
17
100
AcDbEntity
  8
0
100
AcDbCircle
 10
984.7494868775174
 20
275.6283482495225
 30
0.0
 40
3.0
  0
CIRCLE
  5
1335
330
17
100
AcDbEntity
  8
0
100
AcDbCircle
 10
691.9804630831757
 20
14.32403807165543
 30
0.0
 40
3.0
  0
CIRCLE
  5
1336
330
17
100
AcDbEntity
  8
0
100
AcDbCircle
 10
890.8444704244661
 20
977.4622001847977
 30
0.0
 40
3.0
  0
CIRCLE
  5
1337
330
17
100
AcDbEntity
  8
0
100
AcDbCircle
 10
956.8687082261928
 20
774.1322824537208
 30
0.0
 40
3.0
  0
CIRCLE
  5
1338
330
17
100
AcDbEntity
  8
0
100
AcDbCircle
 10
709.6077137904766
 20
382.83610646129347
 30
0.0
 40
3.0
  0
CIRCLE
  5
1339
330
17
100
AcDbEntity
  8
0
100
AcDbCircle
 10
546.9545814392121
 20
123.07794361870947
 30
0.0
 40
3.0
  0
CIRCLE
  5
133A
330
17
100
AcDbEntity
  8
0
100
AcDbCircle
 10
15.833388254950382
 20
106.64265441121529
 30
0.0
 40
3.0
  0
CIRCLE
  5
133B
330
17
100
AcDbEntity
  8
0
100
AcDbCircle
 10
298.06470807127437
 20
718.1684829488622
 30
0.0
 40
3.0
  0
CIRCLE
  5
133C
330
17
100
AcDbEntity
  8
0
100
AcDbCircle
 10
184.24013893775233
 20
116.49419773709452
 30
0.0
 40
3.0
  0
CIRCLE
  5
133D
330
17
100
AcDbEntity
  8
0
100
AcDbCircle
 10
195.14271103270252
 20
951.7092404338276
 30
0.0
 40
3.0
  0
CIRCLE
  5
133E
330
17
100
AcDbEntity
  8
0
100
AcDbCircle
 10
97.70465394640945
 20
847.775126545372
 30
0.0
 40
3.0
  0
CIRCLE
  5
133F
330
17
100
AcDbEntity
  8
0
100
AcDbCircle
 10
702.2083724658725
 20
286.04142755080136
 30
0.0
 40
3.0
  0
CIRCLE
  5
1340
330
17
100
AcDbEntity
  8
0
100
AcDbCircle
 10
890.9362905048966
 20
922.32604781324
 30
0.0
 40
3.0
  0
CIRCLE
  5
1341
330
17
100
AcDbEntity
  8
0
100
AcDbCircle
 10
626.8032014959766
 20
236.47472156815087
 30
0.0
 40
3.0
  0
CIRCLE
  5
1342
330
17
100
AcDbEntity
  8
0
100
AcDbCircle
 10
641.3290180636675
 20
996.9275098294562
 30
0.0
 40
3.0
  0
CIRCLE
  5
1343
330
17
100
AcDbEntity
  8
0
100
AcDbCircle
 10
23.546902529118096
 20
546.0132414966203
 30
0.0
 40
3.0
  0
CIRCLE
  5
1344
330
17
100
AcDbEntity
  8
0
100
AcDbCircle
 10
664.6591136009897
 20
158.22077875567697
 30
0.0
 40
3.0
  0
CIRCLE
  5
1345
330
17
100
AcDbEntity
  8
0
100
AcDbCircle
 10
393.1316953595027
 20
402.12337163933057
 30
0.0
 40
3.0
  0
CIRCLE
  5
1346
330
17
100
AcDbEntity
  8
0
100
AcDbCircle
 10
786.8451636925203
 20
886.1640295758777
 30
0.0
 40
3.0
  0
CIRCLE
  5
1347
330
17
100
AcDbEntity
  8
0
100
AcDbCircle
 10
704.7475762315012
 20
252.05952243553523
 30
0.0
 40
3.0
  0
CIRCLE
  5
1348
330
17
100
AcDbEntity
  8
0
100
AcDbCircle
 10
252.0259525620743
 20
396.60468885706854
 30
0.0
 40
3.0
  0
CIRCLE
  5
1349
330
17
100
AcDbEntity
  8
0
100
AcDbCircle
 10
321.2293375858077
 20
822.2398683983057
 30
0.0
 40
3.0
  0
CIRCLE
  5
134A
330
17
100
AcDbEntity
  8
0
100
AcDbCircle
 10
434.3867833709042
 20
61.062598529701965
 30
0.0
 40
3.0
  0
CIRCLE
  5
134B
330
17
100
AcDbEntity
  8
0
100
AcDbCircle
 10
763.8341503245767
 20
996.8206228988533
 30
0.0
 40
3.0
  0
CIRCLE
  5
134C
330
17
100
AcDbEntity
  8
0
100
AcDbCircle
 10
876.2263013215749
 20
550.3417771965238
 30
0.0
 40
3.0
  0
CIRCLE
  5
134D
330
17
100
AcDbEntity
  8
0
100
AcDbCircle
 10
747.642198639487
 20
967.0821598552267
 30
0.0
 40
3.0
  0
CIRCLE
  5
134E
330
17
100
AcDbEntity
  8
0
100
AcDbCircle
 10
996.3623969869234
 20
996.8854798989017
 30
0.0
 40
3.0
  0
CIRCLE
  5
134F
330
17
100
AcDbEntity
  8
0
100
AcDbCircle
 10
468.78196837855086
 20
721.7411988839277
 30
0.0
 40
3.0
  0
CIRCLE
  5
1350
330
17
100
AcDbEntity
  8
0
100
AcDbCircle
 10
754.7002588843246
 20
159.0067772915359
 30
0.0
 40
3.0
  0
CIRCLE
  5
1351
330
17
100
AcDbEntity
  8
0
100
AcDbCircle
 10
800.074634065035
 20
675.8196154822464
 30
0.0
 40
3.0
  0
CIRCLE
  5
1352
330
17
100
AcDbEntity
  8
0
100
AcDbCircle
 10
510.68206531019274
 20
843.0378149953906
 30
0.0
 40
3.0
  0
CIRCLE
  5
1353
330
17
100
AcDbEntity
  8
0
100
AcDbCircle
 10
239.83695381584184
 20
981.1835139941356
 30
0.0
 40
3.0
  0
CIRCLE
  5
1354
330
17
100
AcDbEntity
  8
0
100
AcDbCircle
 10
809.816791264798
 20
693.3560948067357
 30
0.0
 40
3.0
  0
CIRCLE
  5
1355
330
17
100
AcDbEntity
  8
0
100
AcDbCircle
 10
705.0489522630653
 20
45.68703184623698
 30
0.0
 40
3.0
  0
CIRCLE
  5
1356
330
17
100
AcDbEntity
  8
0
100
AcDbCircle
 10
380.7950647573399
 20
877.5456267984773
 30
0.0
 40
3.0
  0
CIRCLE
  5
1357
330
17
100
AcDbEntity
  8
0
100
AcDbCircle
 10
712.8006233573755
 20
3.0463183327732737
 30
0.0
 40
3.0
  0
CIRCLE
  5
1358
330
17
100
AcDbEntity
  8
0
100
AcDbCircle
 10
260.3348319806524
 20
637.6062198913215
 30
0.0
 40
3.0
  0
CIRCLE
  5
1359
330
17
100
AcDbEntity
  8
0
100
AcDbCircle
 10
587.8868024478936
 20
318.87532096511933
 30
0.0
 40
3.0
  0
CIRCLE
  5
135A
330
17
100
AcDbEntity
  8
0
100
AcDbCircle
 10
883.3325399051644
 20
607.2265653426323
 30
0.0
 40
3.0
  0
CIRCLE
  5
135B
330
17
100
AcDbEntity
  8
0
100
AcDbCircle
 10
637.8671455038101
 20
436.12853478376036
 30
0.0
 40
3.0
  0
CIRCLE
  5
135C
330
17
100
AcDbEntity
  8
0
100
AcDbCircle
 10
930.294767724424
 20
201.85314644153326
 30
0.0
 40
3.0
  0
CIRCLE
  5
135D
330
17
100
AcDbEntity
  8
0
100
AcDbCircle
 10
920.137272042918
 20
824.6118424011205
 30
0.0
 40
3.0
  0
CIRCLE
  5
135E
330
17
100
AcDbEntity
  8
0
100
AcDbCircle
 10
893.3881314288847
 20
111.69842891348539
 30
0.0
 40
3.0
  0
CIRCLE
  5
135F
330
17
100
AcDbEntity
  8
0
100
AcDbCircle
 10
639.8838379152148
 20
990.1910769643971
 30
0.0
 40
3.0
  0
CIRCLE
  5
1360
330
17
100
AcDbEntity
  8
0
100
AcDbCircle
 10
444.5468647609873
 20
716.9972280111151
 30
0.0
 40
3.0
  0
CIRCLE
  5
1361
330
17
100
AcDbEntity
  8
0
100
AcDbCircle
 10
996.1645948327116
 20
306.7259863310988
 30
0.0
 40
3.0
  0
CIRCLE
  5
1362
330
17
100
AcDbEntity
  8
0
100
AcDbCircle
 10
413.2615096260166
 20
63.00319235733342
 30
0.0
 40
3.0
  0
CIRCLE
  5
1363
330
17
100
AcDbEntity
  8
0
100
AcDbCircle
 10
747.4494326510583
 20
358.31086213102554
 30
0.0
 40
3.0
  0
CIRCLE
  5
1364
330
17
100
AcDbEntity
  8
0
100
AcDbCircle
 10
154.36951828154557
 20
459.47298182434787
 30
0.0
 40
3.0
  0
CIRCLE
  5
1365
330
17
100
AcDbEntity
  8
0
100
AcDbCircle
 10
119.27399561143653
 20
224.6534488975867
 30
0.0
 40
3.0
  0
CIRCLE
  5
1366
330
17
100
AcDbEntity
  8
0
100
AcDbCircle
 10
995.9310011335301
 20
18.799643132450605
 30
0.0
 40
3.0
  0
CIRCLE
  5
1367
330
17
100
AcDbEntity
  8
0
100
AcDbCircle
 10
365.4530081648694
 20
444.2330342127226
 30
0.0
 40
3.0
  0
CIRCLE
  5
1368
330
17
100
AcDbEntity
  8
0
100
AcDbCircle
 10
657.2541713664605
 20
558.3902879397574
 30
0.0
 40
3.0
  0
CIRCLE
  5
1369
330
17
100
AcDbEntity
  8
0
100
AcDbCircle
 10
779.3359835634185
 20
253.85001878655683
 30
0.0
 40
3.0
  0
CIRCLE
  5
136A
330
17
100
AcDbEntity
  8
0
100
AcDbCircle
 10
493.64467998937425
 20
917.1482244260437
 30
0.0
 40
3.0
  0
CIRCLE
  5
136B
330
17
100
AcDbEntity
  8
0
100
AcDbCircle
 10
974.3764849964948
 20
972.6542260952519
 30
0.0
 40
3.0
  0
CIRCLE
  5
136C
330
17
100
AcDbEntity
  8
0
100
AcDbCircle
 10
439.5241271871732
 20
459.8044279443524
 30
0.0
 40
3.0
  0
CIRCLE
  5
136D
330
17
100
AcDbEntity
  8
0
100
AcDbCircle
 10
682.0499041832807
 20
473.92095911866204
 30
0.0
 40
3.0
  0
CIRCLE
  5
136E
330
17
100
AcDbEntity
  8
0
100
AcDbCircle
 10
695.1811302144995
 20
816.4485559090416
 30
0.0
 40
3.0
  0
CIRCLE
  5
136F
330
17
100
AcDbEntity
  8
0
100
AcDbCircle
 10
320.40247887601595
 20
807.423915743532
 30
0.0
 40
3.0
  0
CIRCLE
  5
1370
330
17
100
AcDbEntity
  8
0
100
AcDbCircle
 10
812.1171606205704
 20
422.6615683831674
 30
0.0
 40
3.0
  0
CIRCLE
  5
1371
330
17
100
AcDbEntity
  8
0
100
AcDbCircle
 10
382.0732737395456
 20
322.5397740478994
 30
0.0
 40
3.0
  0
CIRCLE
  5
1372
330
17
100
AcDbEntity
  8
0
100
AcDbCircle
 10
503.83082071556447
 20
84.33038301768394
 30
0.0
 40
3.0
  0
CIRCLE
  5
1373
330
17
100
AcDbEntity
  8
0
100
AcDbCircle
 10
216.85691864719726
 20
475.75011756733056
 30
0.0
 40
3.0
  0
CIRCLE
  5
1374
330
17
100
AcDbEntity
  8
0
100
AcDbCircle
 10
899.6400068675572
 20
248.50500006817987
 30
0.0
 40
3.0
  0
CIRCLE
  5
1375
330
17
100
AcDbEntity
  8
0
100
AcDbCircle
 10
214.17976165492556
 20
906.7357571359652
 30
0.0
 40
3.0
  0
CIRCLE
  5
1376
330
17
100
AcDbEntity
  8
0
100
AcDbCircle
 10
678.2589379231697
 20
249.17284904094555
 30
0.0
 40
3.0
  0
CIRCLE
  5
1377
330
17
100
AcDbEntity
  8
0
100
AcDbCircle
 10
661.9503111100901
 20
712.0527462871888
 30
0.0
 40
3.0
  0
CIRCLE
  5
1378
330
17
100
AcDbEntity
  8
0
100
AcDbCircle
 10
960.0930939253358
 20
946.6343128797968
 30
0.0
 40
3.0
  0
CIRCLE
  5
1379
330
17
100
AcDbEntity
  8
0
100
AcDbCircle
 10
288.4479973633857
 20
182.13657730227996
 30
0.0
 40
3.0
  0
CIRCLE
  5
137A
330
17
100
AcDbEntity
  8
0
100
AcDbCircle
 10
789.8864153328642
 20
920.8289340664153
 30
0.0
 40
3.0
  0
CIRCLE
  5
137B
330
17
100
AcDbEntity
  8
0
100
AcDbCircle
 10
401.8121080808063
 20
539.8986435852761
 30
0.0
 40
3.0
  0
CIRCLE
  5
137C
330
17
100
AcDbEntity
  8
0
100
AcDbCircle
 10
584.3744684789667
 20
201.8124449000513
 30
0.0
 40
3.0
  0
CIRCLE
  5
137D
330
17
100
AcDbEntity
  8
0
100
AcDbCircle
 10
979.448967806429
 20
526.3665432071398
 30
0.0
 40
3.0
  0
CIRCLE
  5
137E
330
17
100
AcDbEntity
  8
0
100
AcDbCircle
 10
578.4794978235584
 20
350.00049619324807
 30
0.0
 40
3.0
  0
CIRCLE
  5
137F
330
17
100
AcDbEntity
  8
0
100
AcDbCircle
 10
540.2561402281683
 20
307.7396216430295
 30
0.0
 40
3.0
  0
CIRCLE
  5
1380
330
17
100
AcDbEntity
  8
0
100
AcDbCircle
 10
329.7127186393356
 20
858.650885164303
 30
0.0
 40
3.0
  0
CIRCLE
  5
1381
330
17
100
AcDbEntity
  8
0
100
AcDbCircle
 10
649.1291494968045
 20
60.45482535700245
 30
0.0
 40
3.0
  0
CIRCLE
  5
1382
330
17
100
AcDbEntity
  8
0
100
AcDbCircle
 10
779.821972821866
 20
913.3323143521364
 30
0.0
 40
3.0
  0
CIRCLE
  5
1383
330
17
100
AcDbEntity
  8
0
100
AcDbCircle
 10
330.378791505845
 20
160.55610646109653
 30
0.0
 40
3.0
  0
CIRCLE
  5
1384
330
17
100
AcDbEntity
  8
0
100
AcDbCircle
 10
311.2937900119507
 20
601.0256651093343
 30
0.0
 40
3.0
  0
CIRCLE
  5
1385
330
17
100
AcDbEntity
  8
0
100
AcDbCircle
 10
996.683336428497
 20
265.9193842798915
 30
0.0
 40
3.0
  0
CIRCLE
  5
1386
330
17
100
AcDbEntity
  8
0
100
AcDbCircle
 10
847.5048384651355
 20
184.80947690010234
 30
0.0
 40
3.0
  0
CIRCLE
  5
1387
330
17
100
AcDbEntity
  8
0
100
AcDbCircle
 10
153.7968800333566
 20
531.704331841612
 30
0.0
 40
3.0
  0
CIRCLE
  5
1388
330
17
100
AcDbEntity
  8
0
100
AcDbCircle
 10
754.9354372578483
 20
10.647420834912745
 30
0.0
 40
3.0
  0
CIRCLE
  5
1389
330
17
100
AcDbEntity
  8
0
100
AcDbCircle
 10
805.9241799976797
 20
20.03810440714606
 30
0.0
 40
3.0
  0
CIRCLE
  5
138A
330
17
100
AcDbEntity
  8
0
100
AcDbCircle
 10
638.1044191379297
 20
48.34003068052677
 30
0.0
 40
3.0
  0
CIRCLE
  5
138B
330
17
100
AcDbEntity
  8
0
100
AcDbCircle
 10
866.3179543650756
 20
758.7517663992385
 30
0.0
 40
3.0
  0
CIRCLE
  5
138C
330
17
100
AcDbEntity
  8
0
100
AcDbCircle
 10
784.9733330921774
 20
114.13870769859807
 30
0.0
 40
3.0
  0
CIRCLE
  5
138D
330
17
100
AcDbEntity
  8
0
100
AcDbCircle
 10
447.7744897890112
 20
786.4099727260898
 30
0.0
 40
3.0
  0
CIRCLE
  5
138E
330
17
100
AcDbEntity
  8
0
100
AcDbCircle
 10
985.4382275622552
 20
785.0618573411865
 30
0.0
 40
3.0
  0
CIRCLE
  5
138F
330
17
100
AcDbEntity
  8
0
100
AcDbCircle
 10
843.8173503981097
 20
367.70515215099874
 30
0.0
 40
3.0
  0
CIRCLE
  5
1390
330
17
100
AcDbEntity
  8
0
100
AcDbCircle
 10
573.4191264512989
 20
641.7047640256782
 30
0.0
 40
3.0
  0
CIRCLE
  5
1391
330
17
100
AcDbEntity
  8
0
100
AcDbCircle
 10
368.9506276177355
 20
53.34761767721148
 30
0.0
 40
3.0
  0
CIRCLE
  5
1392
330
17
100
AcDbEntity
  8
0
100
AcDbCircle
 10
723.8506492836297
 20
575.9403954155684
 30
0.0
 40
3.0
  0
CIRCLE
  5
1393
330
17
100
AcDbEntity
  8
0
100
AcDbCircle
 10
109.38641260919788
 20
527.4744743330485
 30
0.0
 40
3.0
  0
CIRCLE
  5
1394
330
17
100
AcDbEntity
  8
0
100
AcDbCircle
 10
742.7456541392489
 20
597.7967542695169
 30
0.0
 40
3.0
  0
CIRCLE
  5
1395
330
17
100
AcDbEntity
  8
0
100
AcDbCircle
 10
342.39255393570556
 20
612.7553226092567
 30
0.0
 40
3.0
  0
CIRCLE
  5
1396
330
17
100
AcDbEntity
  8
0
100
AcDbCircle
 10
210.5982838393499
 20
501.5615899876504
 30
0.0
 40
3.0
  0
CIRCLE
  5
1397
330
17
100
AcDbEntity
  8
0
100
AcDbCircle
 10
465.1195792003886
 20
3.178798063867415
 30
0.0
 40
3.0
  0
CIRCLE
  5
1398
330
17
100
AcDbEntity
  8
0
100
AcDbCircle
 10
553.5835704000233
 20
12.940434557777897
 30
0.0
 40
3.0
  0
CIRCLE
  5
1399
330
17
100
AcDbEntity
  8
0
100
AcDbCircle
 10
733.4663472499872
 20
269.377355859012
 30
0.0
 40
3.0
  0
CIRCLE
  5
139A
330
17
100
AcDbEntity
  8
0
100
AcDbCircle
 10
876.1141226668065
 20
140.12849676440607
 30
0.0
 40
3.0
  0
CIRCLE
  5
139B
330
17
100
AcDbEntity
  8
0
100
AcDbCircle
 10
919.682284085251
 20
636.5947038777742
 30
0.0
 40
3.0
  0
CIRCLE
  5
139C
330
17
100
AcDbEntity
  8
0
100
AcDbCircle
 10
989.8604336786067
 20
465.5699191154195
 30
0.0
 40
3.0
  0
CIRCLE
  5
139D
330
17
100
AcDbEntity
  8
0
100
AcDbCircle
 10
347.10433849195056
 20
663.4756980713021
 30
0.0
 40
3.0
  0
CIRCLE
  5
139E
330
17
100
AcDbEntity
  8
0
100
AcDbCircle
 10
23.979042038928615
 20
647.2171551408532
 30
0.0
 40
3.0
  0
CIRCLE
  5
139F
330
17
100
AcDbEntity
  8
0
100
AcDbCircle
 10
791.646840159252
 20
390.2380792841997
 30
0.0
 40
3.0
  0
CIRCLE
  5
13A0
330
17
100
AcDbEntity
  8
0
100
AcDbCircle
 10
477.30799245421395
 20
148.35413686563632
 30
0.0
 40
3.0
  0
CIRCLE
  5
13A1
330
17
100
AcDbEntity
  8
0
100
AcDbCircle
 10
996.7112942347513
 20
487.6578603445486
 30
0.0
 40
3.0
  0
CIRCLE
  5
13A2
330
17
100
AcDbEntity
  8
0
100
AcDbCircle
 10
973.9583239037302
 20
502.9579614833312
 30
0.0
 40
3.0
  0
CIRCLE
  5
13A3
330
17
100
AcDbEntity
  8
0
100
AcDbCircle
 10
948.5025078931666
 20
505.12250839906795
 30
0.0
 40
3.0
  0
CIRCLE
  5
13A4
330
17
100
AcDbEntity
  8
0
100
AcDbCircle
 10
283.2691697244874
 20
497.07961058390896
 30
0.0
 40
3.0
  0
CIRCLE
  5
13A5
330
17
100
AcDbEntity
  8
0
100
AcDbCircle
 10
212.85263140433136
 20
565.0910032174841
 30
0.0
 40
3.0
  0
CIRCLE
  5
13A6
330
17
100
AcDbEntity
  8
0
100
AcDbCircle
 10
358.4553693703644
 20
173.28753937705932
 30
0.0
 40
3.0
  0
CIRCLE
  5
13A7
330
17
100
AcDbEntity
  8
0
100
AcDbCircle
 10
313.22799265990216
 20
285.611492254421
 30
0.0
 40
3.0
  0
CIRCLE
  5
13A8
330
17
100
AcDbEntity
  8
0
100
AcDbCircle
 10
413.58263131378874
 20
430.39083805676785
 30
0.0
 40
3.0
  0
CIRCLE
  5
13A9
330
17
100
AcDbEntity
  8
0
100
AcDbCircle
 10
530.2381788948035
 20
405.05854646790596
 30
0.0
 40
3.0
  0
CIRCLE
  5
13AA
330
17
100
AcDbEntity
  8
0
100
AcDbCircle
 10
677.5549731364899
 20
903.9198492756326
 30
0.0
 40
3.0
  0
CIRCLE
  5
13AB
330
17
100
AcDbEntity
  8
0
100
AcDbCircle
 10
400.5268810374415
 20
440.5579622172276
 30
0.0
 40
3.0
  0
CIRCLE
  5
13AC
330
17
100
AcDbEntity
  8
0
100
AcDbCircle
 10
691.047566004181
 20
317.87455101578627
 30
0.0
 40
3.0
  0
CIRCLE
  5
13AD
330
17
100
AcDbEntity
  8
0
100
AcDbCircle
 10
782.8944129083852
 20
428.3965164336371
 30
0.0
 40
3.0
  0
CIRCLE
  5
13AE
330
17
100
AcDbEntity
  8
0
100
AcDbCircle
 10
183.66397206847358
 20
16.214552958724024
 30
0.0
 40
3.0
  0
CIRCLE
  5
13AF
330
17
100
AcDbEntity
  8
0
100
AcDbCircle
 10
823.0285755628063
 20
688.4512493815982
 30
0.0
 40
3.0
  0
CIRCLE
  5
13B0
330
17
100
AcDbEntity
  8
0
100
AcDbCircle
 10
381.81852201798085
 20
314.78791012460897
 30
0.0
 40
3.0
  0
CIRCLE
  5
13B1
330
17
100
AcDbEntity
  8
0
100
AcDbCircle
 10
234.34325158707557
 20
735.2405390401714
 30
0.0
 40
3.0
  0
CIRCLE
  5
13B2
330
17
100
AcDbEntity
  8
0
100
AcDbCircle
 10
548.4863029238968
 20
977.6443177063525
 30
0.0
 40
3.0
  0
CIRCLE
  5
13B3
330
17
100
AcDbEntity
  8
0
100
AcDbCircle
 10
767.2494339331142
 20
75.93431901103209
 30
0.0
 40
3.0
  0
CIRCLE
  5
13B4
330
17
100
AcDbEntity
  8
0
100
AcDbCircle
 10
476.7248093702694
 20
936.9494434447533
 30
0.0
 40
3.0
  0
CIRCLE
  5
13B5
330
17
100
AcDbEntity
  8
0
100
AcDbCircle
 10
519.2378703291231
 20
423.8788339802877
 30
0.0
 40
3.0
  0
CIRCLE
  5
13B6
330
17
100
AcDbEntity
  8
0
100
AcDbCircle
 10
683.1844348165698
 20
996.5504652349605
 30
0.0
 40
3.0
  0
CIRCLE
  5
13B7
330
17
100
AcDbEntity
  8
0
100
AcDbCircle
 10
480.59009891495657
 20
562.6466577862318
 30
0.0
 40
3.0
  0
CIRCLE
  5
13B8
330
17
100
AcDbEntity
  8
0
100
AcDbCircle
 10
595.775808846282
 20
138.3091205007011
 30
0.0
 40
3.0
  0
CIRCLE
  5
13B9
330
17
100
AcDbEntity
  8
0
100
AcDbCircle
 10
501.1389744082813
 20
713.6279900966872
 30
0.0
 40
3.0
  0
CIRCLE
  5
13BA
330
17
100
AcDbEntity
  8
0
100
AcDbCircle
 10
476.95636285800776
 20
721.7049169962598
 30
0.0
 40
3.0
  0
CIRCLE
  5
13BB
330
17
100
AcDbEntity
  8
0
100
AcDbCircle
 10
31.118974386829464
 20
135.38350199974354
 30
0.0
 40
3.0
  0
CIRCLE
  5
13BC
330
17
100
AcDbEntity
  8
0
100
AcDbCircle
 10
747.0526558921085
 20
270.8237863265339
 30
0.0
 40
3.0
  0
CIRCLE
  5
13BD
330
17
100
AcDbEntity
  8
0
100
AcDbCircle
 10
591.7989473720837
 20
651.1868232160145
 30
0.0
 40
3.0
  0
CIRCLE
  5
13BE
330
17
100
AcDbEntity
  8
0
100
AcDbCircle
 10
888.9076254963527
 20
126.4175833568232
 30
0.0
 40
3.0
  0
CIRCLE
  5
13BF
330
17
100
AcDbEntity
  8
0
100
AcDbCircle
 10
3.5926510886934757
 20
293.92861714753644
 30
0.0
 40
3.0
  0
CIRCLE
  5
13C0
330
17
100
AcDbEntity
  8
0
100
AcDbCircle
 10
796.7596045616384
 20
517.6562338325314
 30
0.0
 40
3.0
  0
CIRCLE
  5
13C1
330
17
100
AcDbEntity
  8
0
100
AcDbCircle
 10
828.5009082097254
 20
3.7674670325784594
 30
0.0
 40
3.0
  0
CIRCLE
  5
13C2
330
17
100
AcDbEntity
  8
0
100
AcDbCircle
 10
957.7476542092181
 20
393.13500243233767
 30
0.0
 40
3.0
  0
CIRCLE
  5
13C3
330
17
100
AcDbEntity
  8
0
100
AcDbCircle
 10
520.1211651315405
 20
567.8153605812282
 30
0.0
 40
3.0
  0
CIRCLE
  5
13C4
330
17
100
AcDbEntity
  8
0
100
AcDbCircle
 10
972.2320015441225
 20
574.0067190272048
 30
0.0
 40
3.0
  0
CIRCLE
  5
13C5
330
17
100
AcDbEntity
  8
0
100
AcDbCircle
 10
467.1015476300321
 20
621.128918552749
 30
0.0
 40
3.0
  0
CIRCLE
  5
13C6
330
17
100
AcDbEntity
  8
0
100
AcDbCircle
 10
664.6660066574409
 20
47.85135307030419
 30
0.0
 40
3.0
  0
CIRCLE
  5
13C7
330
17
100
AcDbEntity
  8
0
100
AcDbCircle
 10
496.4053359812334
 20
923.7368895784998
 30
0.0
 40
3.0
  0
CIRCLE
  5
13C8
330
17
100
AcDbEntity
  8
0
100
AcDbCircle
 10
555.4336379389742
 20
972.3876011456979
 30
0.0
 40
3.0
  0
CIRCLE
  5
13C9
330
17
100
AcDbEntity
  8
0
100
AcDbCircle
 10
514.9430767071608
 20
891.3591919779609
 30
0.0
 40
3.0
  0
CIRCLE
  5
13CA
330
17
100
AcDbEntity
  8
0
100
AcDbCircle
 10
982.9537576037085
 20
857.2817825409037
 30
0.0
 40
3.0
  0
CIRCLE
  5
13CB
330
17
100
AcDbEntity
  8
0
100
AcDbCircle
 10
52.62251253825414
 20
247.12741980660317
 30
0.0
 40
3.0
  0
CIRCLE
  5
13CC
330
17
100
AcDbEntity
  8
0
100
AcDbCircle
 10
484.83619491144503
 20
213.612986263271
 30
0.0
 40
3.0
  0
CIRCLE
  5
13CD
330
17
100
AcDbEntity
  8
0
100
AcDbCircle
 10
115.07846386260927
 20
148.86483362837774
 30
0.0
 40
3.0
  0
CIRCLE
  5
13CE
330
17
100
AcDbEntity
  8
0
100
AcDbCircle
 10
299.56774231000685
 20
804.7495371259325
 30
0.0
 40
3.0
  0
CIRCLE
  5
13CF
330
17
100
AcDbEntity
  8
0
100
AcDbCircle
 10
754.6528551331214
 20
151.87261567932734
 30
0.0
 40
3.0
  0
CIRCLE
  5
13D0
330
17
100
AcDbEntity
  8
0
100
AcDbCircle
 10
508.73498049387155
 20
205.2826592555281
 30
0.0
 40
3.0
  0
CIRCLE
  5
13D1
330
17
100
AcDbEntity
  8
0
100
AcDbCircle
 10
816.1742227339441
 20
399.5262972833159
 30
0.0
 40
3.0
  0
CIRCLE
  5
13D2
330
17
100
AcDbEntity
  8
0
100
AcDbCircle
 10
349.4621264377988
 20
255.0472494898961
 30
0.0
 40
3.0
  0
CIRCLE
  5
13D3
330
17
100
AcDbEntity
  8
0
100
AcDbCircle
 10
638.2485790259277
 20
240.91107675631105
 30
0.0
 40
3.0
  0
CIRCLE
  5
13D4
330
17
100
AcDbEntity
  8
0
100
AcDbCircle
 10
788.1475491224227
 20
678.3143396994045
 30
0.0
 40
3.0
  0
CIRCLE
  5
13D5
330
17
100
AcDbEntity
  8
0
100
AcDbCircle
 10
417.90256180245063
 20
354.1192712959073
 30
0.0
 40
3.0
  0
CIRCLE
  5
13D6
330
17
100
AcDbEntity
  8
0
100
AcDbCircle
 10
4.597637085264399
 20
778.3717151102134
 30
0.0
 40
3.0
  0
CIRCLE
  5
13D7
330
17
100
AcDbEntity
  8
0
100
AcDbCircle
 10
655.5416861844604
 20
717.2917056022065
 30
0.0
 40
3.0
  0
CIRCLE
  5
13D8
330
17
100
AcDbEntity
  8
0
100
AcDbCircle
 10
938.5843889477632
 20
713.2773837935188
 30
0.0
 40
3.0
  0
CIRCLE
  5
13D9
330
17
100
AcDbEntity
  8
0
100
AcDbCircle
 10
996.2869606395003
 20
509.5394196445915
 30
0.0
 40
3.0
  0
CIRCLE
  5
13DA
330
17
100
AcDbEntity
  8
0
100
AcDbCircle
 10
699.5130706050478
 20
78.87126817363577
 30
0.0
 40
3.0
  0
CIRCLE
  5
13DB
330
17
100
AcDbEntity
  8
0
100
AcDbCircle
 10
25.247718900949135
 20
929.4853575163253
 30
0.0
 40
3.0
  0
CIRCLE
  5
13DC
330
17
100
AcDbEntity
  8
0
100
AcDbCircle
 10
756.9441897141835
 20
391.54253175395587
 30
0.0
 40
3.0
  0
CIRCLE
  5
13DD
330
17
100
AcDbEntity
  8
0
100
AcDbCircle
 10
961.0611841127909
 20
62.930312148787976
 30
0.0
 40
3.0
  0
CIRCLE
  5
13DE
330
17
100
AcDbEntity
  8
0
100
AcDbCircle
 10
290.28095741594365
 20
846.3143932823068
 30
0.0
 40
3.0
  0
CIRCLE
  5
13DF
330
17
100
AcDbEntity
  8
0
100
AcDbCircle
 10
842.7926958789698
 20
380.17548415904326
 30
0.0
 40
3.0
  0
CIRCLE
  5
13E0
330
17
100
AcDbEntity
  8
0
100
AcDbCircle
 10
653.0393409309127
 20
392.06181619328987
 30
0.0
 40
3.0
  0
CIRCLE
  5
13E1
330
17
100
AcDbEntity
  8
0
100
AcDbCircle
 10
444.59557661773715
 20
594.3483625673838
 30
0.0
 40
3.0
  0
CIRCLE
  5
13E2
330
17
100
AcDbEntity
  8
0
100
AcDbCircle
 10
181.91830575822982
 20
3.346747378110406
 30
0.0
 40
3.0
  0
CIRCLE
  5
13E3
330
17
100
AcDbEntity
  8
0
100
AcDbCircle
 10
740.645889272733
 20
835.6873396884786
 30
0.0
 40
3.0
  0
CIRCLE
  5
13E4
330
17
100
AcDbEntity
  8
0
100
AcDbCircle
 10
3.0190094084442824
 20
518.1795003713613
 30
0.0
 40
3.0
  0
CIRCLE
  5
13E5
330
17
100
AcDbEntity
  8
0
100
AcDbCircle
 10
883.5517835884135
 20
715.4829197758644
 30
0.0
 40
3.0
  0
CIRCLE
  5
13E6
330
17
100
AcDbEntity
  8
0
100
AcDbCircle
 10
155.42052451169806
 20
697.4899159966701
 30
0.0
 40
3.0
  0
CIRCLE
  5
13E7
330
17
100
AcDbEntity
  8
0
100
AcDbCircle
 10
139.5822938788421
 20
263.6464632769335
 30
0.0
 40
3.0
  0
CIRCLE
  5
13E8
330
17
100
AcDbEntity
  8
0
100
AcDbCircle
 10
688.1490723985968
 20
559.0673770636624
 30
0.0
 40
3.0
  0
CIRCLE
  5
13E9
330
17
100
AcDbEntity
  8
0
100
AcDbCircle
 10
557.6853729695398
 20
304.82640820685543
 30
0.0
 40
3.0
  0
CIRCLE
  5
13EA
330
17
100
AcDbEntity
  8
0
100
AcDbCircle
 10
989.6719769120581
 20
985.7622033533625
 30
0.0
 40
3.0
  0
CIRCLE
  5
13EB
330
17
100
AcDbEntity
  8
0
100
AcDbCircle
 10
3.121187451818085
 20
433.01121811430494
 30
0.0
 40
3.0
  0
CIRCLE
  5
13EC
330
17
100
AcDbEntity
  8
0
100
AcDbCircle
 10
305.90936952878656
 20
555.5909554057715
 30
0.0
 40
3.0
  0
CIRCLE
  5
13ED
330
17
100
AcDbEntity
  8
0
100
AcDbCircle
 10
363.3194182090947
 20
656.3891682138266
 30
0.0
 40
3.0
  0
CIRCLE
  5
13EE
330
17
100
AcDbEntity
  8
0
100
AcDbCircle
 10
140.40163515352506
 20
135.06659298641742
 30
0.0
 40
3.0
  0
CIRCLE
  5
13EF
330
17
100
AcDbEntity
  8
0
100
AcDbCircle
 10
794.6650697884943
 20
893.5894260914173
 30
0.0
 40
3.0
  0
CIRCLE
  5
13F0
330
17
100
AcDbEntity
  8
0
100
AcDbCircle
 10
193.80595819877968
 20
166.75139545739552
 30
0.0
 40
3.0
  0
CIRCLE
  5
13F1
330
17
100
AcDbEntity
  8
0
100
AcDbCircle
 10
766.855300433745
 20
391.8130762521965
 30
0.0
 40
3.0
  0
CIRCLE
  5
13F2
330
17
100
AcDbEntity
  8
0
100
AcDbCircle
 10
117.87717481659752
 20
14.043017589101748
 30
0.0
 40
3.0
  0
CIRCLE
  5
13F3
330
17
100
AcDbEntity
  8
0
100
AcDbCircle
 10
808.7379678982054
 20
435.95879941568154
 30
0.0
 40
3.0
  0
CIRCLE
  5
13F4
330
17
100
AcDbEntity
  8
0
100
AcDbCircle
 10
328.459108127799
 20
366.5967886048274
 30
0.0
 40
3.0
  0
CIRCLE
  5
13F5
330
17
100
AcDbEntity
  8
0
100
AcDbCircle
 10
100.45100512320622
 20
787.6375361698907
 30
0.0
 40
3.0
  0
CIRCLE
  5
13F6
330
17
100
AcDbEntity
  8
0
100
AcDbCircle
 10
125.67498089061888
 20
758.4952688336339
 30
0.0
 40
3.0
  0
CIRCLE
  5
13F7
330
17
100
AcDbEntity
  8
0
100
AcDbCircle
 10
953.9359141648988
 20
817.7164599496061
 30
0.0
 40
3.0
  0
CIRCLE
  5
13F8
330
17
100
AcDbEntity
  8
0
100
AcDbCircle
 10
11.405595318664306
 20
175.6162756617371
 30
0.0
 40
3.0
  0
CIRCLE
  5
13F9
330
17
100
AcDbEntity
  8
0
100
AcDbCircle
 10
808.84219285629
 20
576.5528493213667
 30
0.0
 40
3.0
  0
CIRCLE
  5
13FA
330
17
100
AcDbEntity
  8
0
100
AcDbCircle
 10
797.7632746308888
 20
917.8631744251143
 30
0.0
 40
3.0
  0
CIRCLE
  5
13FB
330
17
100
AcDbEntity
  8
0
100
AcDbCircle
 10
624.5038691014436
 20
394.8235584530961
 30
0.0
 40
3.0
  0
CIRCLE
  5
13FC
330
17
100
AcDbEntity
  8
0
100
AcDbCircle
 10
191.90300756795156
 20
965.7152088296176
 30
0.0
 40
3.0
  0
CIRCLE
  5
13FD
330
17
100
AcDbEntity
  8
0
100
AcDbCircle
 10
400.4543486480267
 20
898.4726065750955
 30
0.0
 40
3.0
  0
CIRCLE
  5
13FE
330
17
100
AcDbEntity
  8
0
100
AcDbCircle
 10
201.55155294599174
 20
363.9100116733299
 30
0.0
 40
3.0
  0
CIRCLE
  5
13FF
330
17
100
AcDbEntity
  8
0
100
AcDbCircle
 10
469.7647110504404
 20
965.0574318390618
 30
0.0
 40
3.0
  0
CIRCLE
  5
1400
330
17
100
AcDbEntity
  8
0
100
AcDbCircle
 10
284.26809143861806
 20
866.042923828045
 30
0.0
 40
3.0
  0
CIRCLE
  5
1401
330
17
100
AcDbEntity
  8
0
100
AcDbCircle
 10
560.1235564343372
 20
103.04474051986286
 30
0.0
 40
3.0
  0
CIRCLE
  5
1402
330
17
100
AcDbEntity
  8
0
100
AcDbCircle
 10
943.614185538651
 20
4.206018516146816
 30
0.0
 40
3.0
  0
CIRCLE
  5
1403
330
17
100
AcDbEntity
  8
0
100
AcDbCircle
 10
885.1374019748375
 20
996.93014834287
 30
0.0
 40
3.0
  0
CIRCLE
  5
1404
330
17
100
AcDbEntity
  8
0
100
AcDbCircle
 10
990.3376922641003
 20
351.8296969204009
 30
0.0
 40
3.0
  0
CIRCLE
  5
1405
330
17
100
AcDbEntity
  8
0
100
AcDbCircle
 10
509.3837247239209
 20
406.00204248610083
 30
0.0
 40
3.0
  0
CIRCLE
  5
1406
330
17
100
AcDbEntity
  8
0
100
AcDbCircle
 10
329.8467981643327
 20
716.5874601302954
 30
0.0
 40
3.0
  0
CIRCLE
  5
1407
330
17
100
AcDbEntity
  8
0
100
AcDbCircle
 10
658.6428774623558
 20
667.5176116494752
 30
0.0
 40
3.0
  0
CIRCLE
  5
1408
330
17
100
AcDbEntity
  8
0
100
AcDbCircle
 10
578.5250910487146
 20
737.1124948135329
 30
0.0
 40
3.0
  0
CIRCLE
  5
1409
330
17
100
AcDbEntity
  8
0
100
AcDbCircle
 10
29.23260450635635
 20
425.6244327571651
 30
0.0
 40
3.0
  0
CIRCLE
  5
140A
330
17
100
AcDbEntity
  8
0
100
AcDbCircle
 10
953.8763045672823
 20
231.5215645303721
 30
0.0
 40
3.0
  0
CIRCLE
  5
140B
330
17
100
AcDbEntity
  8
0
100
AcDbCircle
 10
477.6192061336594
 20
971.7555432765367
 30
0.0
 40
3.0
  0
CIRCLE
  5
140C
330
17
100
AcDbEntity
  8
0
100
AcDbCircle
 10
985.7251368206279
 20
653.59394653338
 30
0.0
 40
3.0
  0
CIRCLE
  5
140D
330
17
100
AcDbEntity
  8
0
100
AcDbCircle
 10
149.88949866488161
 20
612.6283659807068
 30
0.0
 40
3.0
  0
CIRCLE
  5
140E
330
17
100
AcDbEntity
  8
0
100
AcDbCircle
 10
297.01108956711846
 20
3.543147829297847
 30
0.0
 40
3.0
  0
CIRCLE
  5
140F
330
17
100
AcDbEntity
  8
0
100
AcDbCircle
 10
996.8721523423562
 20
37.630160231746
 30
0.0
 40
3.0
  0
CIRCLE
  5
1410
330
17
100
AcDbEntity
  8
0
100
AcDbCircle
 10
714.7907622333829
 20
317.47212978864354
 30
0.0
 40
3.0
  0
CIRCLE
  5
1411
330
17
100
AcDbEntity
  8
0
100
AcDbCircle
 10
362.2231106353079
 20
263.30517781320987
 30
0.0
 40
3.0
  0
CIRCLE
  5
1412
330
17
100
AcDbEntity
  8
0
100
AcDbCircle
 10
536.5538258694676
 20
116.55111359928335
 30
0.0
 40
3.0
  0
CIRCLE
  5
1413
330
17
100
AcDbEntity
  8
0
100
AcDbCircle
 10
373.15803380152545
 20
452.60359338766807
 30
0.0
 40
3.0
  0
CIRCLE
  5
1414
330
17
100
AcDbEntity
  8
0
100
AcDbCircle
 10
258.115869285143
 20
101.49644324731653
 30
0.0
 40
3.0
  0
CIRCLE
  5
1415
330
17
100
AcDbEntity
  8
0
100
AcDbCircle
 10
483.80502498519144
 20
370.46930875028625
 30
0.0
 40
3.0
  0
CIRCLE
  5
1416
330
17
100
AcDbEntity
  8
0
100
AcDbCircle
 10
15.224891028030088
 20
649.4083054452251
 30
0.0
 40
3.0
  0
CIRCLE
  5
1417
330
17
100
AcDbEntity
  8
0
100
AcDbCircle
 10
879.5079229732913
 20
811.0152333592853
 30
0.0
 40
3.0
  0
CIRCLE
  5
1418
330
17
100
AcDbEntity
  8
0
100
AcDbCircle
 10
988.4380115859183
 20
791.9203450585288
 30
0.0
 40
3.0
  0
CIRCLE
  5
1419
330
17
100
AcDbEntity
  8
0
100
AcDbCircle
 10
73.12647644736485
 20
996.909304406372
 30
0.0
 40
3.0
  0
CIRCLE
  5
141A
330
17
100
AcDbEntity
  8
0
100
AcDbCircle
 10
267.9338780848569
 20
223.43699277778634
 30
0.0
 40
3.0
  0
CIRCLE
  5
141B
330
17
100
AcDbEntity
  8
0
100
AcDbCircle
 10
957.007447549576
 20
380.13005661610725
 30
0.0
 40
3.0
  0
CIRCLE
  5
141C
330
17
100
AcDbEntity
  8
0
100
AcDbCircle
 10
146.85857743867209
 20
33.97710782186962
 30
0.0
 40
3.0
  0
CIRCLE
  5
141D
330
17
100
AcDbEntity
  8
0
100
AcDbCircle
 10
222.20181863022046
 20
106.29285009141125
 30
0.0
 40
3.0
  0
CIRCLE
  5
141E
330
17
100
AcDbEntity
  8
0
100
AcDbCircle
 10
435.0500721713003
 20
43.81274064763852
 30
0.0
 40
3.0
  0
CIRCLE
  5
141F
330
17
100
AcDbEntity
  8
0
100
AcDbCircle
 10
345.3748036130395
 20
135.47009329720265
 30
0.0
 40
3.0
  0
CIRCLE
  5
1420
330
17
100
AcDbEntity
  8
0
100
AcDbCircle
 10
371.561982568134
 20
178.51634448720338
 30
0.0
 40
3.0
  0
CIRCLE
  5
1421
330
17
100
AcDbEntity
  8
0
100
AcDbCircle
 10
157.2418220448785
 20
744.1363032646502
 30
0.0
 40
3.0
  0
CIRCLE
  5
1422
330
17
100
AcDbEntity
  8
0
100
AcDbCircle
 10
12.78778699609977
 20
306.33158838171306
 30
0.0
 40
3.0
  0
CIRCLE
  5
1423
330
17
100
AcDbEntity
  8
0
100
AcDbCircle
 10
305.17602004352557
 20
240.8647036501688
 30
0.0
 40
3.0
  0
CIRCLE
  5
1424
330
17
100
AcDbEntity
  8
0
100
AcDbCircle
 10
464.36144890022655
 20
123.96837345193286
 30
0.0
 40
3.0
  0
CIRCLE
  5
1425
330
17
100
AcDbEntity
  8
0
100
AcDbCircle
 10
258.5306465460117
 20
762.6568684254903
 30
0.0
 40
3.0
  0
CIRCLE
  5
1426
330
17
100
AcDbEntity
  8
0
100
AcDbCircle
 10
516.863001329983
 20
268.0015473203541
 30
0.0
 40
3.0
  0
CIRCLE
  5
1427
330
17
100
AcDbEntity
  8
0
100
AcDbCircle
 10
371.39922383251826
 20
348.81128944533975
 30
0.0
 40
3.0
  0
CIRCLE
  5
1428
330
17
100
AcDbEntity
  8
0
100
AcDbCircle
 10
503.81712447361815
 20
470.1947825734261
 30
0.0
 40
3.0
  0
CIRCLE
  5
1429
330
17
100
AcDbEntity
  8
0
100
AcDbCircle
 10
553.4924899496086
 20
327.3629356641183
 30
0.0
 40
3.0
  0
CIRCLE
  5
142A
330
17
100
AcDbEntity
  8
0
100
AcDbCircle
 10
520.0607563859397
 20
531.7835036771727
 30
0.0
 40
3.0
  0
CIRCLE
  5
142B
330
17
100
AcDbEntity
  8
0
100
AcDbCircle
 10
616.4282109143237
 20
139.8287989951945
 30
0.0
 40
3.0
  0
CIRCLE
  5
142C
330
17
100
AcDbEntity
  8
0
100
AcDbCircle
 10
816.2725695925642
 20
413.5679522611725
 30
0.0
 40
3.0
  0
CIRCLE
  5
142D
330
17
100
AcDbEntity
  8
0
100
AcDbCircle
 10
599.8414208070716
 20
284.36195527492623
 30
0.0
 40
3.0
  0
CIRCLE
  5
142E
330
17
100
AcDbEntity
  8
0
100
AcDbCircle
 10
753.6120838790042
 20
138.06905248526397
 30
0.0
 40
3.0
  0
CIRCLE
  5
142F
330
17
100
AcDbEntity
  8
0
100
AcDbCircle
 10
79.57952625501738
 20
490.7349294122761
 30
0.0
 40
3.0
  0
CIRCLE
  5
1430
330
17
100
AcDbEntity
  8
0
100
AcDbCircle
 10
215.8884668093403
 20
94.62361868343012
 30
0.0
 40
3.0
  0
CIRCLE
  5
1431
330
17
100
AcDbEntity
  8
0
100
AcDbCircle
 10
767.280086008089
 20
191.64428592953792
 30
0.0
 40
3.0
  0
CIRCLE
  5
1432
330
17
100
AcDbEntity
  8
0
100
AcDbCircle
 10
50.29215680315352
 20
625.4862188031199
 30
0.0
 40
3.0
  0
CIRCLE
  5
1433
330
17
100
AcDbEntity
  8
0
100
AcDbCircle
 10
712.3793146831023
 20
311.4904270137267
 30
0.0
 40
3.0
  0
CIRCLE
  5
1434
330
17
100
AcDbEntity
  8
0
100
AcDbCircle
 10
35.96862300130891
 20
363.59460608968624
 30
0.0
 40
3.0
  0
CIRCLE
  5
1435
330
17
100
AcDbEntity
  8
0
100
AcDbCircle
 10
393.04006724789195
 20
316.0074877234894
 30
0.0
 40
3.0
  0
CIRCLE
  5
1436
330
17
100
AcDbEntity
  8
0
100
AcDbCircle
 10
292.93115792141583
 20
953.1060486587437
 30
0.0
 40
3.0
  0
CIRCLE
  5
1437
330
17
100
AcDbEntity
  8
0
100
AcDbCircle
 10
430.06224654457094
 20
758.2608147400935
 30
0.0
 40
3.0
  0
CIRCLE
  5
1438
330
17
100
AcDbEntity
  8
0
100
AcDbCircle
 10
457.7710484023574
 20
232.5097293302995
 30
0.0
 40
3.0
  0
CIRCLE
  5
1439
330
17
100
AcDbEntity
  8
0
100
AcDbCircle
 10
712.8876401056239
 20
412.5212110640582
 30
0.0
 40
3.0
  0
CIRCLE
  5
143A
330
17
100
AcDbEntity
  8
0
100
AcDbCircle
 10
959.9833513166077
 20
140.03767528973296
 30
0.0
 40
3.0
  0
CIRCLE
  5
143B
330
17
100
AcDbEntity
  8
0
100
AcDbCircle
 10
65.7729516871528
 20
731.4109534634696
 30
0.0
 40
3.0
  0
CIRCLE
  5
143C
330
17
100
AcDbEntity
  8
0
100
AcDbCircle
 10
196.35011585933032
 20
456.61573112418864
 30
0.0
 40
3.0
  0
CIRCLE
  5
143D
330
17
100
AcDbEntity
  8
0
100
AcDbCircle
 10
507.9446324808961
 20
879.3778492641453
 30
0.0
 40
3.0
  0
CIRCLE
  5
143E
330
17
100
AcDbEntity
  8
0
100
AcDbCircle
 10
983.8116978664126
 20
959.9208151188152
 30
0.0
 40
3.0
  0
CIRCLE
  5
143F
330
17
100
AcDbEntity
  8
0
100
AcDbCircle
 10
23.35270996831253
 20
341.02624137342895
 30
0.0
 40
3.0
  0
CIRCLE
  5
1440
330
17
100
AcDbEntity
  8
0
100
AcDbCircle
 10
441.39888808033896
 20
569.5135925687295
 30
0.0
 40
3.0
  0
CIRCLE
  5
1441
330
17
100
AcDbEntity
  8
0
100
AcDbCircle
 10
33.573319934910785
 20
613.273322820645
 30
0.0
 40
3.0
  0
CIRCLE
  5
1442
330
17
100
AcDbEntity
  8
0
100
AcDbCircle
 10
611.5301568523168
 20
600.1376861423328
 30
0.0
 40
3.0
  0
CIRCLE
  5
1443
330
17
100
AcDbEntity
  8
0
100
AcDbCircle
 10
10.73599865259579
 20
816.8874005236889
 30
0.0
 40
3.0
  0
CIRCLE
  5
1444
330
17
100
AcDbEntity
  8
0
100
AcDbCircle
 10
3.1711369683988346
 20
238.244567636872
 30
0.0
 40
3.0
  0
CIRCLE
  5
1445
330
17
100
AcDbEntity
  8
0
100
AcDbCircle
 10
880.0607123087701
 20
540.3911032816267
 30
0.0
 40
3.0
  0
CIRCLE
  5
1446
330
17
100
AcDbEntity
  8
0
100
AcDbCircle
 10
468.2159247895003
 20
563.9710305154883
 30
0.0
 40
3.0
  0
CIRCLE
  5
1447
330
17
100
AcDbEntity
  8
0
100
AcDbCircle
 10
30.435006341770137
 20
3.3105387190149616
 30
0.0
 40
3.0
  0
CIRCLE
  5
1448
330
17
100
AcDbEntity
  8
0
100
AcDbCircle
 10
4.450215628327917
 20
507.3758512776234
 30
0.0
 40
3.0
  0
CIRCLE
  5
1449
330
17
100
AcDbEntity
  8
0
100
AcDbCircle
 10
921.5345918403559
 20
960.9569303969386
 30
0.0
 40
3.0
  0
CIRCLE
  5
144A
330
17
100
AcDbEntity
  8
0
100
AcDbCircle
 10
149.69161982311397
 20
636.3552854974504
 30
0.0
 40
3.0
  0
CIRCLE
  5
144B
330
17
100
AcDbEntity
  8
0
100
AcDbCircle
 10
891.0896156028922
 20
306.45306406238313
 30
0.0
 40
3.0
  0
CIRCLE
  5
144C
330
17
100
AcDbEntity
  8
0
100
AcDbCircle
 10
84.30688999405555
 20
139.48772652447332
 30
0.0
 40
3.0
  0
CIRCLE
  5
144D
330
17
100
AcDbEntity
  8
0
100
AcDbCircle
 10
623.8778018557744
 20
730.8500317379993
 30
0.0
 40
3.0
  0
CIRCLE
  5
144E
330
17
100
AcDbEntity
  8
0
100
AcDbCircle
 10
760.9600660731364
 20
838.0098007628881
 30
0.0
 40
3.0
  0
CIRCLE
  5
144F
330
17
100
AcDbEntity
  8
0
100
AcDbCircle
 10
241.03572799205244
 20
622.9264215466707
 30
0.0
 40
3.0
  0
CIRCLE
  5
1450
330
17
100
AcDbEntity
  8
0
100
AcDbCircle
 10
996.7808914148269
 20
936.2503739180187
 30
0.0
 40
3.0
  0
CIRCLE
  5
1451
330
17
100
AcDbEntity
  8
0
100
AcDbCircle
 10
990.9987698078552
 20
618.746797396142
 30
0.0
 40
3.0
  0
CIRCLE
  5
1452
330
17
100
AcDbEntity
  8
0
100
AcDbCircle
 10
753.0671443173583
 20
592.4952796381054
 30
0.0
 40
3.0
  0
CIRCLE
  5
1453
330
17
100
AcDbEntity
  8
0
100
AcDbCircle
 10
451.25174507903296
 20
149.64092099198362
 30
0.0
 40
3.0
  0
CIRCLE
  5
1454
330
17
100
AcDbEntity
  8
0
100
AcDbCircle
 10
996.6977394724236
 20
750.4636227741787
 30
0.0
 40
3.0
  0
CIRCLE
  5
1455
330
17
100
AcDbEntity
  8
0
100
AcDbCircle
 10
675.4830022495058
 20
23.469538924045278
 30
0.0
 40
3.0
  0
CIRCLE
  5
1456
330
17
100
AcDbEntity
  8
0
100
AcDbCircle
 10
861.6851230449369
 20
778.1459629622636
 30
0.0
 40
3.0
  0
CIRCLE
  5
1457
330
17
100
AcDbEntity
  8
0
100
AcDbCircle
 10
378.86241641537015
 20
285.23781926383424
 30
0.0
 40
3.0
  0
CIRCLE
  5
1458
330
17
100
AcDbEntity
  8
0
100
AcDbCircle
 10
29.20632603607537
 20
846.7596694566903
 30
0.0
 40
3.0
  0
CIRCLE
  5
1459
330
17
100
AcDbEntity
  8
0
100
AcDbCircle
 10
17.470051297421723
 20
916.7937883542901
 30
0.0
 40
3.0
  0
CIRCLE
  5
145A
330
17
100
AcDbEntity
  8
0
100
AcDbCircle
 10
41.204252186506004
 20
623.4002360388968
 30
0.0
 40
3.0
  0
CIRCLE
  5
145B
330
17
100
AcDbEntity
  8
0
100
AcDbCircle
 10
516.7165263291204
 20
672.2559652618479
 30
0.0
 40
3.0
  0
CIRCLE
  5
145C
330
17
100
AcDbEntity
  8
0
100
AcDbCircle
 10
206.1677455038878
 20
917.9805633857154
 30
0.0
 40
3.0
  0
CIRCLE
  5
145D
330
17
100
AcDbEntity
  8
0
100
AcDbCircle
 10
309.3076062887834
 20
931.3390481523772
 30
0.0
 40
3.0
  0
CIRCLE
  5
145E
330
17
100
AcDbEntity
  8
0
100
AcDbCircle
 10
410.51342624874957
 20
996.9273353619105
 30
0.0
 40
3.0
  0
CIRCLE
  5
145F
330
17
100
AcDbEntity
  8
0
100
AcDbCircle
 10
906.1659456295107
 20
938.5269529837346
 30
0.0
 40
3.0
  0
CIRCLE
  5
1460
330
17
100
AcDbEntity
  8
0
100
AcDbCircle
 10
486.40502112065093
 20
763.9590979478616
 30
0.0
 40
3.0
  0
CIRCLE
  5
1461
330
17
100
AcDbEntity
  8
0
100
AcDbCircle
 10
393.3919120931562
 20
354.5967694861851
 30
0.0
 40
3.0
  0
CIRCLE
  5
1462
330
17
100
AcDbEntity
  8
0
100
AcDbCircle
 10
18.572215278086063
 20
939.9400843836909
 30
0.0
 40
3.0
  0
CIRCLE
  5
1463
330
17
100
AcDbEntity
  8
0
100
AcDbCircle
 10
360.05063003386516
 20
463.00192705646134
 30
0.0
 40
3.0
  0
CIRCLE
  5
1464
330
17
100
AcDbEntity
  8
0
100
AcDbCircle
 10
585.5666022188408
 20
331.98036348389
 30
0.0
 40
3.0
  0
CIRCLE
  5
1465
330
17
100
AcDbEntity
  8
0
100
AcDbCircle
 10
702.0734084370404
 20
11.500900439288365
 30
0.0
 40
3.0
  0
CIRCLE
  5
1466
330
17
100
AcDbEntity
  8
0
100
AcDbCircle
 10
549.022507234472
 20
89.75258201527534
 30
0.0
 40
3.0
  0
CIRCLE
  5
1467
330
17
100
AcDbEntity
  8
0
100
AcDbCircle
 10
677.6143518405335
 20
727.1715727665782
 30
0.0
 40
3.0
  0
CIRCLE
  5
1468
330
17
100
AcDbEntity
  8
0
100
AcDbCircle
 10
755.5458648115023
 20
633.0824504212367
 30
0.0
 40
3.0
  0
CIRCLE
  5
1469
330
17
100
AcDbEntity
  8
0
100
AcDbCircle
 10
16.00983989586919
 20
780.197388905086
 30
0.0
 40
3.0
  0
CIRCLE
  5
146A
330
17
100
AcDbEntity
  8
0
100
AcDbCircle
 10
616.3131500057026
 20
996.9082122567678
 30
0.0
 40
3.0
  0
CIRCLE
  5
146B
330
17
100
AcDbEntity
  8
0
100
AcDbCircle
 10
320.1387766721221
 20
536.2618176372381
 30
0.0
 40
3.0
  0
CIRCLE
  5
146C
330
17
100
AcDbEntity
  8
0
100
AcDbCircle
 10
276.0294954510705
 20
412.5013771450924
 30
0.0
 40
3.0
  0
CIRCLE
  5
146D
330
17
100
AcDbEntity
  8
0
100
AcDbCircle
 10
829.1079146990652
 20
15.16988446915078
 30
0.0
 40
3.0
  0
CIRCLE
  5
146E
330
17
100
AcDbEntity
  8
0
100
AcDbCircle
 10
515.4934854265413
 20
255.52881831259157
 30
0.0
 40
3.0
  0
CIRCLE
  5
146F
330
17
100
AcDbEntity
  8
0
100
AcDbCircle
 10
481.67510946592154
 20
478.76268795973414
 30
0.0
 40
3.0
  0
CIRCLE
  5
1470
330
17
100
AcDbEntity
  8
0
100
AcDbCircle
 10
701.2783939570381
 20
784.029189769617
 30
0.0
 40
3.0
  0
CIRCLE
  5
1471
330
17
100
AcDbEntity
  8
0
100
AcDbCircle
 10
3.4540021578946325
 20
121.62062146649487
 30
0.0
 40
3.0
  0
CIRCLE
  5
1472
330
17
100
AcDbEntity
  8
0
100
AcDbCircle
 10
966.2983625619881
 20
706.8646146731905
 30
0.0
 40
3.0
  0
CIRCLE
  5
1473
330
17
100
AcDbEntity
  8
0
100
AcDbCircle
 10
834.0419838311616
 20
915.9844390735738
 30
0.0
 40
3.0
  0
CIRCLE
  5
1474
330
17
100
AcDbEntity
  8
0
100
AcDbCircle
 10
268.50761145030316
 20
3.591833437104497
 30
0.0
 40
3.0
  0
CIRCLE
  5
1475
330
17
100
AcDbEntity
  8
0
100
AcDbCircle
 10
784.8341609073562
 20
775.7214960343334
 30
0.0
 40
3.0
  0
CIRCLE
  5
1476
330
17
100
AcDbEntity
  8
0
100
AcDbCircle
 10
164.85376543709182
 20
111.15523137695432
 30
0.0
 40
3.0
  0
CIRCLE
  5
1477
330
17
100
AcDbEntity
  8
0
100
AcDbCircle
 10
257.67275072504685
 20
657.447357150528
 30
0.0
 40
3.0
  0
CIRCLE
  5
1478
330
17
100
AcDbEntity
  8
0
100
AcDbCircle
 10
985.1404935762067
 20
818.3802848936643
 30
0.0
 40
3.0
  0
CIRCLE
  5
1479
330
17
100
AcDbEntity
  8
0
100
AcDbCircle
 10
945.3231118252538
 20
996.3762974806941
 30
0.0
 40
3.0
  0
CIRCLE
  5
147A
330
17
100
AcDbEntity
  8
0
100
AcDbCircle
 10
664.1113879400546
 20
418.70339466583476
 30
0.0
 40
3.0
  0
CIRCLE
  5
147B
330
17
100
AcDbEntity
  8
0
100
AcDbCircle
 10
128.53222177979305
 20
799.7760364424953
 30
0.0
 40
3.0
  0
CIRCLE
  5
147C
330
17
100
AcDbEntity
  8
0
100
AcDbCircle
 10
562.1763965866784
 20
664.7563092718432
 30
0.0
 40
3.0
  0
CIRCLE
  5
147D
330
17
100
AcDbEntity
  8
0
100
AcDbCircle
 10
623.537356410674
 20
589.1380443838228
 30
0.0
 40
3.0
  0
CIRCLE
  5
147E
330
17
100
AcDbEntity
  8
0
100
AcDbCircle
 10
367.096084391425
 20
996.9096908994812
 30
0.0
 40
3.0
  0
CIRCLE
  5
147F
330
17
100
AcDbEntity
  8
0
100
AcDbCircle
 10
318.75789842489365
 20
598.2931470405513
 30
0.0
 40
3.0
  0
CIRCLE
  5
1480
330
17
100
AcDbEntity
  8
0
100
AcDbCircle
 10
826.7899265952882
 20
343.13488091805044
 30
0.0
 40
3.0
  0
CIRCLE
  5
1481
330
17
100
AcDbEntity
  8
0
100
AcDbCircle
 10
175.79538138505902
 20
146.6521760122777
 30
0.0
 40
3.0
  0
CIRCLE
  5
1482
330
17
100
AcDbEntity
  8
0
100
AcDbCircle
 10
108.54564535501387
 20
799.7710968787533
 30
0.0
 40
3.0
  0
CIRCLE
  5
1483
330
17
100
AcDbEntity
  8
0
100
AcDbCircle
 10
249.5022607908484
 20
480.112991584391
 30
0.0
 40
3.0
  0
CIRCLE
  5
1484
330
17
100
AcDbEntity
  8
0
100
AcDbCircle
 10
996.2664389911117
 20
515.9383936471041
 30
0.0
 40
3.0
  0
CIRCLE
  5
1485
330
17
100
AcDbEntity
  8
0
100
AcDbCircle
 10
519.8282854180628
 20
290.6050258330995
 30
0.0
 40
3.0
  0
CIRCLE
  5
1486
330
17
100
AcDbEntity
  8
0
100
AcDbCircle
 10
601.2733829062688
 20
507.8046383688563
 30
0.0
 40
3.0
  0
CIRCLE
  5
1487
330
17
100
AcDbEntity
  8
0
100
AcDbCircle
 10
963.3515243268901
 20
69.93789640293583
 30
0.0
 40
3.0
  0
CIRCLE
  5
1488
330
17
100
AcDbEntity
  8
0
100
AcDbCircle
 10
44.38590920107263
 20
90.52358777003352
 30
0.0
 40
3.0
  0
CIRCLE
  5
1489
330
17
100
AcDbEntity
  8
0
100
AcDbCircle
 10
338.3074863208041
 20
793.9773503893371
 30
0.0
 40
3.0
  0
CIRCLE
  5
148A
330
17
100
AcDbEntity
  8
0
100
AcDbCircle
 10
773.9424599136005
 20
889.2982376707116
 30
0.0
 40
3.0
  0
CIRCLE
  5
148B
330
17
100
AcDbEntity
  8
0
100
AcDbCircle
 10
580.7635646973862
 20
520.6347439602227
 30
0.0
 40
3.0
  0
CIRCLE
  5
148C
330
17
100
AcDbEntity
  8
0
100
AcDbCircle
 10
774.9318647793297
 20
63.07734829048331
 30
0.0
 40
3.0
  0
CIRCLE
  5
148D
330
17
100
AcDbEntity
  8
0
100
AcDbCircle
 10
294.6765206613794
 20
959.2943592334636
 30
0.0
 40
3.0
  0
CIRCLE
  5
148E
330
17
100
AcDbEntity
  8
0
100
AcDbCircle
 10
705.2960372383487
 20
374.61216470835353
 30
0.0
 40
3.0
  0
CIRCLE
  5
148F
330
17
100
AcDbEntity
  8
0
100
AcDbCircle
 10
728.9244647069872
 20
93.4709553397125
 30
0.0
 40
3.0
  0
CIRCLE
  5
1490
330
17
100
AcDbEntity
  8
0
100
AcDbCircle
 10
37.52171628481551
 20
316.52850465694473
 30
0.0
 40
3.0
  0
CIRCLE
  5
1491
330
17
100
AcDbEntity
  8
0
100
AcDbCircle
 10
259.0819212501702
 20
896.8145399849642
 30
0.0
 40
3.0
  0
CIRCLE
  5
1492
330
17
100
AcDbEntity
  8
0
100
AcDbCircle
 10
21.502054509087007
 20
264.3223849512603
 30
0.0
 40
3.0
  0
CIRCLE
  5
1493
330
17
100
AcDbEntity
  8
0
100
AcDbCircle
 10
687.9561473843735
 20
418.6999935762983
 30
0.0
 40
3.0
  0
CIRCLE
  5
1494
330
17
100
AcDbEntity
  8
0
100
AcDbCircle
 10
965.0434846315933
 20
248.56726808745847
 30
0.0
 40
3.0
  0
CIRCLE
  5
1495
330
17
100
AcDbEntity
  8
0
100
AcDbCircle
 10
968.7320991388584
 20
211.410905025241
 30
0.0
 40
3.0
  0
CIRCLE
  5
1496
330
17
100
AcDbEntity
  8
0
100
AcDbCircle
 10
491.9963305247018
 20
14.994957815528455
 30
0.0
 40
3.0
  0
CIRCLE
  5
1497
330
17
100
AcDbEntity
  8
0
100
AcDbCircle
 10
794.0140513405262
 20
795.5448082625685
 30
0.0
 40
3.0
  0
CIRCLE
  5
1498
330
17
100
AcDbEntity
  8
0
100
AcDbCircle
 10
173.75580657311457
 20
970.5262027257942
 30
0.0
 40
3.0
  0
CIRCLE
  5
1499
330
17
100
AcDbEntity
  8
0
100
AcDbCircle
 10
454.68920693603076
 20
783.4418166970149
 30
0.0
 40
3.0
  0
CIRCLE
  5
149A
330
17
100
AcDbEntity
  8
0
100
AcDbCircle
 10
928.5552730191322
 20
599.2247108830318
 30
0.0
 40
3.0
  0
CIRCLE
  5
149B
330
17
100
AcDbEntity
  8
0
100
AcDbCircle
 10
764.6445704923531
 20
459.13832969195926
 30
0.0
 40
3.0
  0
CIRCLE
  5
149C
330
17
100
AcDbEntity
  8
0
100
AcDbCircle
 10
378.17620135065266
 20
126.36348937253999
 30
0.0
 40
3.0
  0
CIRCLE
  5
149D
330
17
100
AcDbEntity
  8
0
100
AcDbCircle
 10
583.143454134968
 20
44.51560141374496
 30
0.0
 40
3.0
  0
CIRCLE
  5
149E
330
17
100
AcDbEntity
  8
0
100
AcDbCircle
 10
436.33800004448983
 20
405.56730689992327
 30
0.0
 40
3.0
  0
CIRCLE
  5
149F
330
17
100
AcDbEntity
  8
0
100
AcDbCircle
 10
161.61032833523427
 20
460.8923463318204
 30
0.0
 40
3.0
  0
CIRCLE
  5
14A0
330
17
100
AcDbEntity
  8
0
100
AcDbCircle
 10
388.75160823582047
 20
29.094969639530746
 30
0.0
 40
3.0
  0
CIRCLE
  5
14A1
330
17
100
AcDbEntity
  8
0
100
AcDbCircle
 10
115.55820862300452
 20
812.9512599457427
 30
0.0
 40
3.0
  0
CIRCLE
  5
14A2
330
17
100
AcDbEntity
  8
0
100
AcDbCircle
 10
44.176346879363834
 20
737.9422707940921
 30
0.0
 40
3.0
  0
CIRCLE
  5
14A3
330
17
100
AcDbEntity
  8
0
100
AcDbCircle
 10
447.24150076877663
 20
618.8645374860289
 30
0.0
 40
3.0
  0
CIRCLE
  5
14A4
330
17
100
AcDbEntity
  8
0
100
AcDbCircle
 10
459.75955928423883
 20
996.6535892443299
 30
0.0
 40
3.0
  0
CIRCLE
  5
14A5
330
17
100
AcDbEntity
  8
0
100
AcDbCircle
 10
234.12427402249938
 20
633.3745880507314
 30
0.0
 40
3.0
  0
CIRCLE
  5
14A6
330
17
100
AcDbEntity
  8
0
100
AcDbCircle
 10
12.792720503387208
 20
44.347232141409506
 30
0.0
 40
3.0
  0
CIRCLE
  5
14A7
330
17
100
AcDbEntity
  8
0
100
AcDbCircle
 10
804.3643821779871
 20
109.50872073543002
 30
0.0
 40
3.0
  0
CIRCLE
  5
14A8
330
17
100
AcDbEntity
  8
0
100
AcDbCircle
 10
459.84632161078736
 20
37.70084426255402
 30
0.0
 40
3.0
  0
CIRCLE
  5
14A9
330
17
100
AcDbEntity
  8
0
100
AcDbCircle
 10
954.5787183247016
 20
786.5762543557273
 30
0.0
 40
3.0
  0
CIRCLE
  5
14AA
330
17
100
AcDbEntity
  8
0
100
AcDbCircle
 10
996.9055158040201
 20
377.48327250421454
 30
0.0
 40
3.0
  0
CIRCLE
  5
14AB
330
17
100
AcDbEntity
  8
0
100
AcDbCircle
 10
988.8078578599516
 20
744.3993359813743
 30
0.0
 40
3.0
  0
CIRCLE
  5
14AC
330
17
100
AcDbEntity
  8
0
100
AcDbCircle
 10
996.6040296600567
 20
953.5568599996787
 30
0.0
 40
3.0
  0
CIRCLE
  5
14AD
330
17
100
AcDbEntity
  8
0
100
AcDbCircle
 10
722.3730380376952
 20
828.3593395311283
 30
0.0
 40
3.0
  0
CIRCLE
  5
14AE
330
17
100
AcDbEntity
  8
0
100
AcDbCircle
 10
452.78873718510044
 20
749.2967172423573
 30
0.0
 40
3.0
  0
CIRCLE
  5
14AF
330
17
100
AcDbEntity
  8
0
100
AcDbCircle
 10
806.5743713446515
 20
827.2074867318115
 30
0.0
 40
3.0
  0
CIRCLE
  5
14B0
330
17
100
AcDbEntity
  8
0
100
AcDbCircle
 10
181.09991601650094
 20
869.2479338516891
 30
0.0
 40
3.0
  0
CIRCLE
  5
14B1
330
17
100
AcDbEntity
  8
0
100
AcDbCircle
 10
657.9057377277871
 20
987.9263973009668
 30
0.0
 40
3.0
  0
CIRCLE
  5
14B2
330
17
100
AcDbEntity
  8
0
100
AcDbCircle
 10
856.1868574079238
 20
907.6602802850233
 30
0.0
 40
3.0
  0
CIRCLE
  5
14B3
330
17
100
AcDbEntity
  8
0
100
AcDbCircle
 10
890.2205381864005
 20
234.24653119055273
 30
0.0
 40
3.0
  0
CIRCLE
  5
14B4
330
17
100
AcDbEntity
  8
0
100
AcDbCircle
 10
801.266318824846
 20
367.2878054710369
 30
0.0
 40
3.0
  0
CIRCLE
  5
14B5
330
17
100
AcDbEntity
  8
0
100
AcDbCircle
 10
81.41578157615876
 20
538.446633654445
 30
0.0
 40
3.0
  0
CIRCLE
  5
14B6
330
17
100
AcDbEntity
  8
0
100
AcDbCircle
 10
404.27470589238226
 20
262.33252904333807
 30
0.0
 40
3.0
  0
CIRCLE
  5
14B7
330
17
100
AcDbEntity
  8
0
100
AcDbCircle
 10
795.3395552423152
 20
196.56368129754267
 30
0.0
 40
3.0
  0
CIRCLE
  5
14B8
330
17
100
AcDbEntity
  8
0
100
AcDbCircle
 10
916.2111325195299
 20
410.2587590634194
 30
0.0
 40
3.0
  0
CIRCLE
  5
14B9
330
17
100
AcDbEntity
  8
0
100
AcDbCircle
 10
419.0351886094357
 20
833.9103701438273
 30
0.0
 40
3.0
  0
CIRCLE
  5
14BA
330
17
100
AcDbEntity
  8
0
100
AcDbCircle
 10
582.6602531035111
 20
182.09468546446658
 30
0.0
 40
3.0
  0
CIRCLE
  5
14BB
330
17
100
AcDbEntity
  8
0
100
AcDbCircle
 10
978.6281585113758
 20
990.2227962267272
 30
0.0
 40
3.0
  0
CIRCLE
  5
14BC
330
17
100
AcDbEntity
  8
0
100
AcDbCircle
 10
804.3772513162673
 20
497.98452742408114
 30
0.0
 40
3.0
  0
CIRCLE
  5
14BD
330
17
100
AcDbEntity
  8
0
100
AcDbCircle
 10
487.5180497570368
 20
719.4515271404501
 30
0.0
 40
3.0
  0
CIRCLE
  5
14BE
330
17
100
AcDbEntity
  8
0
100
AcDbCircle
 10
156.57358024202003
 20
654.5185131087947
 30
0.0
 40
3.0
  0
CIRCLE
  5
14BF
330
17
100
AcDbEntity
  8
0
100
AcDbCircle
 10
515.6397471381374
 20
639.5638075685106
 30
0.0
 40
3.0
  0
CIRCLE
  5
14C0
330
17
100
AcDbEntity
  8
0
100
AcDbCircle
 10
559.6701290596529
 20
703.5827832830685
 30
0.0
 40
3.0
  0
CIRCLE
  5
14C1
330
17
100
AcDbEntity
  8
0
100
AcDbCircle
 10
177.23247605252016
 20
118.07323067991449
 30
0.0
 40
3.0
  0
CIRCLE
  5
14C2
330
17
100
AcDbEntity
  8
0
100
AcDbCircle
 10
821.3171988027319
 20
839.2611454041532
 30
0.0
 40
3.0
  0
CIRCLE
  5
14C3
330
17
100
AcDbEntity
  8
0
100
AcDbCircle
 10
590.5560340962618
 20
11.423849139011889
 30
0.0
 40
3.0
  0
CIRCLE
  5
14C4
330
17
100
AcDbEntity
  8
0
100
AcDbCircle
 10
281.72270848936296
 20
799.5591715763551
 30
0.0
 40
3.0
  0
CIRCLE
  5
14C5
330
17
100
AcDbEntity
  8
0
100
AcDbCircle
 10
308.60995872297013
 20
446.5574199664479
 30
0.0
 40
3.0
  0
CIRCLE
  5
14C6
330
17
100
AcDbEntity
  8
0
100
AcDbCircle
 10
931.6168008548478
 20
471.5497356085339
 30
0.0
 40
3.0
  0
CIRCLE
  5
14C7
330
17
100
AcDbEntity
  8
0
100
AcDbCircle
 10
112.56583779473029
 20
178.45616168576996
 30
0.0
 40
3.0
  0
CIRCLE
  5
14C8
330
17
100
AcDbEntity
  8
0
100
AcDbCircle
 10
146.24261112517337
 20
996.89873641373
 30
0.0
 40
3.0
  0
CIRCLE
  5
14C9
330
17
100
AcDbEntity
  8
0
100
AcDbCircle
 10
778.4289536837834
 20
499.7943990679433
 30
0.0
 40
3.0
  0
CIRCLE
  5
14CA
330
17
100
AcDbEntity
  8
0
100
AcDbCircle
 10
345.5364154765426
 20
979.227576793069
 30
0.0
 40
3.0
  0
CIRCLE
  5
14CB
330
17
100
AcDbEntity
  8
0
100
AcDbCircle
 10
389.56734089635006
 20
173.36133597808353
 30
0.0
 40
3.0
  0
CIRCLE
  5
14CC
330
17
100
AcDbEntity
  8
0
100
AcDbCircle
 10
788.54112285118
 20
455.7231123006923
 30
0.0
 40
3.0
  0
CIRCLE
  5
14CD
330
17
100
AcDbEntity
  8
0
100
AcDbCircle
 10
510.3227198223477
 20
964.344816507818
 30
0.0
 40
3.0
  0
CIRCLE
  5
14CE
330
17
100
AcDbEntity
  8
0
100
AcDbCircle
 10
996.8588834237364
 20
650.0266042862477
 30
0.0
 40
3.0
  0
CIRCLE
  5
14CF
330
17
100
AcDbEntity
  8
0
100
AcDbCircle
 10
292.7708956411292
 20
607.8226813147563
 30
0.0
 40
3.0
  0
CIRCLE
  5
14D0
330
17
100
AcDbEntity
  8
0
100
AcDbCircle
 10
254.61709860979008
 20
651.4213021220893
 30
0.0
 40
3.0
  0
CIRCLE
  5
14D1
330
17
100
AcDbEntity
  8
0
100
AcDbCircle
 10
769.5179919599342
 20
603.3643443967445
 30
0.0
 40
3.0
  0
CIRCLE
  5
14D2
330
17
100
AcDbEntity
  8
0
100
AcDbCircle
 10
122.43502686204012
 20
751.655969687653
 30
0.0
 40
3.0
  0
CIRCLE
  5
14D3
330
17
100
AcDbEntity
  8
0
100
AcDbCircle
 10
222.57359966869473
 20
618.2676616168957
 30
0.0
 40
3.0
  0
CIRCLE
  5
14D4
330
17
100
AcDbEntity
  8
0
100
AcDbCircle
 10
10.451191773898255
 20
726.4811577515428
 30
0.0
 40
3.0
  0
CIRCLE
  5
14D5
330
17
100
AcDbEntity
  8
0
100
AcDbCircle
 10
976.1806519845834
 20
788.705025789722
 30
0.0
 40
3.0
  0
CIRCLE
  5
14D6
330
17
100
AcDbEntity
  8
0
100
AcDbCircle
 10
9.933967200131116
 20
905.7837731867635
 30
0.0
 40
3.0
  0
CIRCLE
  5
14D7
330
17
100
AcDbEntity
  8
0
100
AcDbCircle
 10
787.6447203200473
 20
516.3893094406392
 30
0.0
 40
3.0
  0
CIRCLE
  5
14D8
330
17
100
AcDbEntity
  8
0
100
AcDbCircle
 10
286.222599953527
 20
989.0534424125912
 30
0.0
 40
3.0
  0
CIRCLE
  5
14D9
330
17
100
AcDbEntity
  8
0
100
AcDbCircle
 10
380.2465816443095
 20
426.60091121698895
 30
0.0
 40
3.0
  0
CIRCLE
  5
14DA
330
17
100
AcDbEntity
  8
0
100
AcDbCircle
 10
8.98938048732105
 20
647.053810649097
 30
0.0
 40
3.0
  0
CIRCLE
  5
14DB
330
17
100
AcDbEntity
  8
0
100
AcDbCircle
 10
373.49562160105035
 20
241.23858617403687
 30
0.0
 40
3.0
  0
CIRCLE
  5
14DC
330
17
100
AcDbEntity
  8
0
100
AcDbCircle
 10
3.34367635517051
 20
939.596365992461
 30
0.0
 40
3.0
  0
CIRCLE
  5
14DD
330
17
100
AcDbEntity
  8
0
100
AcDbCircle
 10
152.9556830113691
 20
161.98703178798002
 30
0.0
 40
3.0
  0
CIRCLE
  5
14DE
330
17
100
AcDbEntity
  8
0
100
AcDbCircle
 10
689.3629185780783
 20
173.16331218501833
 30
0.0
 40
3.0
  0
CIRCLE
  5
14DF
330
17
100
AcDbEntity
  8
0
100
AcDbCircle
 10
244.09763710532042
 20
302.5721859478375
 30
0.0
 40
3.0
  0
CIRCLE
  5
14E0
330
17
100
AcDbEntity
  8
0
100
AcDbCircle
 10
745.1888979391273
 20
130.19526587390982
 30
0.0
 40
3.0
  0
CIRCLE
  5
14E1
330
17
100
AcDbEntity
  8
0
100
AcDbCircle
 10
484.67210734701007
 20
349.6561329989112
 30
0.0
 40
3.0
  0
CIRCLE
  5
14E2
330
17
100
AcDbEntity
  8
0
100
AcDbCircle
 10
939.1422469295053
 20
490.0199977945187
 30
0.0
 40
3.0
  0
CIRCLE
  5
14E3
330
17
100
AcDbEntity
  8
0
100
AcDbCircle
 10
947.4917966747971
 20
517.5739951678152
 30
0.0
 40
3.0
  0
CIRCLE
  5
14E4
330
17
100
AcDbEntity
  8
0
100
AcDbCircle
 10
296.30659748667017
 20
331.5542332050568
 30
0.0
 40
3.0
  0
CIRCLE
  5
14E5
330
17
100
AcDbEntity
  8
0
100
AcDbCircle
 10
837.0070366051394
 20
320.26188893895704
 30
0.0
 40
3.0
  0
CIRCLE
  5
14E6
330
17
100
AcDbEntity
  8
0
100
AcDbCircle
 10
278.16512588872087
 20
821.9539011099594
 30
0.0
 40
3.0
  0
CIRCLE
  5
14E7
330
17
100
AcDbEntity
  8
0
100
AcDbCircle
 10
54.764045511361026
 20
55.120251653452726
 30
0.0
 40
3.0
  0
CIRCLE
  5
14E8
330
17
100
AcDbEntity
  8
0
100
AcDbCircle
 10
161.50428817015538
 20
678.7945866474927
 30
0.0
 40
3.0
  0
CIRCLE
  5
14E9
330
17
100
AcDbEntity
  8
0
100
AcDbCircle
 10
8.87282781601455
 20
663.0793297908939
 30
0.0
 40
3.0
  0
CIRCLE
  5
14EA
330
17
100
AcDbEntity
  8
0
100
AcDbCircle
 10
113.13850740843614
 20
345.3308996633912
 30
0.0
 40
3.0
  0
CIRCLE
  5
14EB
330
17
100
AcDbEntity
  8
0
100
AcDbCircle
 10
300.39390210112117
 20
573.935131909069
 30
0.0
 40
3.0
  0
CIRCLE
  5
14EC
330
17
100
AcDbEntity
  8
0
100
AcDbCircle
 10
619.0325043436455
 20
557.1023774960893
 30
0.0
 40
3.0
  0
CIRCLE
  5
14ED
330
17
100
AcDbEntity
  8
0
100
AcDbCircle
 10
775.3730745153682
 20
947.9909608265467
 30
0.0
 40
3.0
  0
CIRCLE
  5
14EE
330
17
100
AcDbEntity
  8
0
100
AcDbCircle
 10
195.34342170909306
 20
10.770923622033315
 30
0.0
 40
3.0
  0
CIRCLE
  5
14EF
330
17
100
AcDbEntity
  8
0
100
AcDbCircle
 10
283.78876681354774
 20
722.0024500340735
 30
0.0
 40
3.0
  0
CIRCLE
  5
14F0
330
17
100
AcDbEntity
  8
0
100
AcDbCircle
 10
520.27524071594
 20
909.6368492144134
 30
0.0
 40
3.0
  0
CIRCLE
  5
14F1
330
17
100
AcDbEntity
  8
0
100
AcDbCircle
 10
704.3944100607108
 20
558.8011764938437
 30
0.0
 40
3.0
  0
CIRCLE
  5
14F2
330
17
100
AcDbEntity
  8
0
100
AcDbCircle
 10
319.31021148481915
 20
943.9268087280369
 30
0.0
 40
3.0
  0
CIRCLE
  5
14F3
330
17
100
AcDbEntity
  8
0
100
AcDbCircle
 10
257.79363355745204
 20
729.0248955326116
 30
0.0
 40
3.0
  0
CIRCLE
  5
14F4
330
17
100
AcDbEntity
  8
0
100
AcDbCircle
 10
747.5054513123415
 20
839.9991009759365
 30
0.0
 40
3.0
  0
CIRCLE
  5
14F5
330
17
100
AcDbEntity
  8
0
100
AcDbCircle
 10
442.49736849926046
 20
857.9109220188398
 30
0.0
 40
3.0
  0
CIRCLE
  5
14F6
330
17
100
AcDbEntity
  8
0
100
AcDbCircle
 10
568.9328089792324
 20
371.51646417147117
 30
0.0
 40
3.0
  0
CIRCLE
  5
14F7
330
17
100
AcDbEntity
  8
0
100
AcDbCircle
 10
258.1436481610145
 20
91.49959304265133
 30
0.0
 40
3.0
  0
CIRCLE
  5
14F8
330
17
100
AcDbEntity
  8
0
100
AcDbCircle
 10
959.8026227755726
 20
953.6850602497868
 30
0.0
 40
3.0
  0
CIRCLE
  5
14F9
330
17
100
AcDbEntity
  8
0
100
AcDbCircle
 10
957.3790855265584
 20
479.6137857547567
 30
0.0
 40
3.0
  0
CIRCLE
  5
14FA
330
17
100
AcDbEntity
  8
0
100
AcDbCircle
 10
620.4132653297203
 20
486.5131996697747
 30
0.0
 40
3.0
  0
CIRCLE
  5
14FB
330
17
100
AcDbEntity
  8
0
100
AcDbCircle
 10
684.4643421479207
 20
4.176594672403448
 30
0.0
 40
3.0
  0
CIRCLE
  5
14FC
330
17
100
AcDbEntity
  8
0
100
AcDbCircle
 10
850.3791684304585
 20
565.5471595841918
 30
0.0
 40
3.0
  0
CIRCLE
  5
14FD
330
17
100
AcDbEntity
  8
0
100
AcDbCircle
 10
817.4719507385951
 20
771.9509350111426
 30
0.0
 40
3.0
  0
CIRCLE
  5
14FE
330
17
100
AcDbEntity
  8
0
100
AcDbCircle
 10
718.7264663433184
 20
520.0160111807571
 30
0.0
 40
3.0
  0
CIRCLE
  5
14FF
330
17
100
AcDbEntity
  8
0
100
AcDbCircle
 10
608.0343391398213
 20
405.4560240739853
 30
0.0
 40
3.0
  0
CIRCLE
  5
1500
330
17
100
AcDbEntity
  8
0
100
AcDbCircle
 10
716.632541902667
 20
566.1017334487376
 30
0.0
 40
3.0
  0
CIRCLE
  5
1501
330
17
100
AcDbEntity
  8
0
100
AcDbCircle
 10
974.0032477057205
 20
716.8885016430401
 30
0.0
 40
3.0
  0
CIRCLE
  5
1502
330
17
100
AcDbEntity
  8
0
100
AcDbCircle
 10
805.8095604744233
 20
996.9303378186295
 30
0.0
 40
3.0
  0
CIRCLE
  5
1503
330
17
100
AcDbEntity
  8
0
100
AcDbCircle
 10
670.2652622815613
 20
65.55652127338634
 30
0.0
 40
3.0
  0
CIRCLE
  5
1504
330
17
100
AcDbEntity
  8
0
100
AcDbCircle
 10
804.7973308507928
 20
549.2472578295643
 30
0.0
 40
3.0
  0
CIRCLE
  5
1505
330
17
100
AcDbEntity
  8
0
100
AcDbCircle
 10
144.15512533151463
 20
332.54937365621646
 30
0.0
 40
3.0
  0
CIRCLE
  5
1506
330
17
100
AcDbEntity
  8
0
100
AcDbCircle
 10
924.457930751036
 20
409.10155545991506
 30
0.0
 40
3.0
  0
CIRCLE
  5
1507
330
17
100
AcDbEntity
  8
0
100
AcDbCircle
 10
251.74948524495716
 20
30.052087316089924
 30
0.0
 40
3.0
  0
CIRCLE
  5
1508
330
17
100
AcDbEntity
  8
0
100
AcDbCircle
 10
757.1059320138413
 20
806.1205915311873
 30
0.0
 40
3.0
  0
CIRCLE
  5
1509
330
17
100
AcDbEntity
  8
0
100
AcDbCircle
 10
52.07427515768552
 20
30.091811780915663
 30
0.0
 40
3.0
  0
CIRCLE
  5
150A
330
17
100
AcDbEntity
  8
0
100
AcDbCircle
 10
19.760838318610038
 20
518.5978137905695
 30
0.0
 40
3.0
  0
CIRCLE
  5
150B
330
17
100
AcDbEntity
  8
0
100
AcDbCircle
 10
763.0358647051498
 20
182.05887647221206
 30
0.0
 40
3.0
  0
CIRCLE
  5
150C
330
17
100
AcDbEntity
  8
0
100
AcDbCircle
 10
270.70493655052655
 20
400.2188490986214
 30
0.0
 40
3.0
  0
CIRCLE
  5
150D
330
17
100
AcDbEntity
  8
0
100
AcDbCircle
 10
688.2704257492663
 20
27.142492261182273
 30
0.0
 40
3.0
  0
CIRCLE
  5
150E
330
17
100
AcDbEntity
  8
0
100
AcDbCircle
 10
599.0792651847102
 20
449.2968487388343
 30
0.0
 40
3.0
  0
CIRCLE
  5
150F
330
17
100
AcDbEntity
  8
0
100
AcDbCircle
 10
364.27799843486
 20
236.0992479047278
 30
0.0
 40
3.0
  0
CIRCLE
  5
1510
330
17
100
AcDbEntity
  8
0
100
AcDbCircle
 10
935.981238099345
 20
734.5708980601958
 30
0.0
 40
3.0
  0
CIRCLE
  5
1511
330
17
100
AcDbEntity
  8
0
100
AcDbCircle
 10
623.0666936191734
 20
324.5889475050882
 30
0.0
 40
3.0
  0
CIRCLE
  5
1512
330
17
100
AcDbEntity
  8
0
100
AcDbCircle
 10
77.30705008995069
 20
718.8814743889019
 30
0.0
 40
3.0
  0
CIRCLE
  5
1513
330
17
100
AcDbEntity
  8
0
100
AcDbCircle
 10
682.1701567217965
 20
785.5133229104352
 30
0.0
 40
3.0
  0
CIRCLE
  5
1514
330
17
100
AcDbEntity
  8
0
100
AcDbCircle
 10
603.9368117867641
 20
428.6188593453545
 30
0.0
 40
3.0
  0
CIRCLE
  5
1515
330
17
100
AcDbEntity
  8
0
100
AcDbCircle
 10
184.6609764932123
 20
86.69212842605151
 30
0.0
 40
3.0
  0
CIRCLE
  5
1516
330
17
100
AcDbEntity
  8
0
100
AcDbCircle
 10
797.9037051485678
 20
583.4870407382354
 30
0.0
 40
3.0
  0
CIRCLE
  5
1517
330
17
100
AcDbEntity
  8
0
100
AcDbCircle
 10
33.10198509492221
 20
70.17869850250209
 30
0.0
 40
3.0
  0
CIRCLE
  5
1518
330
17
100
AcDbEntity
  8
0
100
AcDbCircle
 10
92.09894850819734
 20
955.8815386387369
 30
0.0
 40
3.0
  0
CIRCLE
  5
1519
330
17
100
AcDbEntity
  8
0
100
AcDbCircle
 10
16.796853558455332
 20
3.3341939026522867
 30
0.0
 40
3.0
  0
CIRCLE
  5
151A
330
17
100
AcDbEntity
  8
0
100
AcDbCircle
 10
853.4183233933377
 20
769.313198922205
 30
0.0
 40
3.0
  0
CIRCLE
  5
151B
330
17
100
AcDbEntity
  8
0
100
AcDbCircle
 10
281.64061321007404
 20
187.21669167530703
 30
0.0
 40
3.0
  0
CIRCLE
  5
151C
330
17
100
AcDbEntity
  8
0
100
AcDbCircle
 10
173.67258116967056
 20
75.14958688944932
 30
0.0
 40
3.0
  0
CIRCLE
  5
151D
330
17
100
AcDbEntity
  8
0
100
AcDbCircle
 10
519.7358734171452
 20
996.8961570299939
 30
0.0
 40
3.0
  0
CIRCLE
  5
151E
330
17
100
AcDbEntity
  8
0
100
AcDbCircle
 10
677.0118249262358
 20
656.7454671136408
 30
0.0
 40
3.0
  0
CIRCLE
  5
151F
330
17
100
AcDbEntity
  8
0
100
AcDbCircle
 10
514.7411675224206
 20
281.27561401742844
 30
0.0
 40
3.0
  0
CIRCLE
  5
1520
330
17
100
AcDbEntity
  8
0
100
AcDbCircle
 10
678.5738611211134
 20
801.4112112802746
 30
0.0
 40
3.0
  0
CIRCLE
  5
1521
330
17
100
AcDbEntity
  8
0
100
AcDbCircle
 10
391.42406420462606
 20
14.285829889001938
 30
0.0
 40
3.0
  0
CIRCLE
  5
1522
330
17
100
AcDbEntity
  8
0
100
AcDbCircle
 10
533.2075492056757
 20
523.4846124218908
 30
0.0
 40
3.0
  0
CIRCLE
  5
1523
330
17
100
AcDbEntity
  8
0
100
AcDbCircle
 10
41.84999363287902
 20
271.31253880407445
 30
0.0
 40
3.0
  0
CIRCLE
  5
1524
330
17
100
AcDbEntity
  8
0
100
AcDbCircle
 10
395.3856345705004
 20
890.4976057776346
 30
0.0
 40
3.0
  0
CIRCLE
  5
1525
330
17
100
AcDbEntity
  8
0
100
AcDbCircle
 10
349.7109890845104
 20
144.96242908910946
 30
0.0
 40
3.0
  0
CIRCLE
  5
1526
330
17
100
AcDbEntity
  8
0
100
AcDbCircle
 10
919.465641806739
 20
914.999368479097
 30
0.0
 40
3.0
  0
CIRCLE
  5
1527
330
17
100
AcDbEntity
  8
0
100
AcDbCircle
 10
707.3576351716226
 20
361.72034821755597
 30
0.0
 40
3.0
  0
CIRCLE
  5
1528
330
17
100
AcDbEntity
  8
0
100
AcDbCircle
 10
961.2995670189557
 20
334.10421887277874
 30
0.0
 40
3.0
  0
CIRCLE
  5
1529
330
17
100
AcDbEntity
  8
0
100
AcDbCircle
 10
764.3174598572016
 20
655.0309713674454
 30
0.0
 40
3.0
  0
CIRCLE
  5
152A
330
17
100
AcDbEntity
  8
0
100
AcDbCircle
 10
3.3131771848331097
 20
25.18001877342788
 30
0.0
 40
3.0
  0
CIRCLE
  5
152B
330
17
100
AcDbEntity
  8
0
100
AcDbCircle
 10
908.8871038286821
 20
214.7041200773792
 30
0.0
 40
3.0
  0
CIRCLE
  5
152C
330
17
100
AcDbEntity
  8
0
100
AcDbCircle
 10
435.7617009393934
 20
361.1437126115808
 30
0.0
 40
3.0
  0
CIRCLE
  5
152D
330
17
100
AcDbEntity
  8
0
100
AcDbCircle
 10
765.8102069658937
 20
586.803298953355
 30
0.0
 40
3.0
  0
CIRCLE
  5
152E
330
17
100
AcDbEntity
  8
0
100
AcDbCircle
 10
327.0332571262792
 20
530.683384029487
 30
0.0
 40
3.0
  0
CIRCLE
  5
152F
330
17
100
AcDbEntity
  8
0
100
AcDbCircle
 10
39.46054512633891
 20
996.8210298719662
 30
0.0
 40
3.0
  0
CIRCLE
  5
1530
330
17
100
AcDbEntity
  8
0
100
AcDbCircle
 10
165.79584782009482
 20
979.8738464172184
 30
0.0
 40
3.0
  0
CIRCLE
  5
1531
330
17
100
AcDbEntity
  8
0
100
AcDbCircle
 10
3.0849821116774607
 20
980.24530714311
 30
0.0
 40
3.0
  0
CIRCLE
  5
1532
330
17
100
AcDbEntity
  8
0
100
AcDbCircle
 10
68.68356054754312
 20
223.24432512172004
 30
0.0
 40
3.0
  0
CIRCLE
  5
1533
330
17
100
AcDbEntity
  8
0
100
AcDbCircle
 10
267.759948396152
 20
209.78257267502673
 30
0.0
 40
3.0
  0
CIRCLE
  5
1534
330
17
100
AcDbEntity
  8
0
100
AcDbCircle
 10
897.975043936092
 20
304.92898097781466
 30
0.0
 40
3.0
  0
CIRCLE
  5
1535
330
17
100
AcDbEntity
  8
0
100
AcDbCircle
 10
594.4377036452412
 20
196.54536870761441
 30
0.0
 40
3.0
  0
CIRCLE
  5
1536
330
17
100
AcDbEntity
  8
0
100
AcDbCircle
 10
311.34595863573094
 20
24.78082324068103
 30
0.0
 40
3.0
  0
CIRCLE
  5
1537
330
17
100
AcDbEntity
  8
0
100
AcDbCircle
 10
401.8831242355719
 20
446.9642593776777
 30
0.0
 40
3.0
  0
CIRCLE
  5
1538
330
17
100
AcDbEntity
  8
0
100
AcDbCircle
 10
903.3137311659244
 20
600.2765988738535
 30
0.0
 40
3.0
  0
CIRCLE
  5
1539
330
17
100
AcDbEntity
  8
0
100
AcDbCircle
 10
952.0435423000673
 20
598.9657962705616
 30
0.0
 40
3.0
  0
CIRCLE
  5
153A
330
17
100
AcDbEntity
  8
0
100
AcDbCircle
 10
591.0891990679766
 20
853.2411002434267
 30
0.0
 40
3.0
  0
CIRCLE
  5
153B
330
17
100
AcDbEntity
  8
0
100
AcDbCircle
 10
509.11816236947607
 20
938.2572868364252
 30
0.0
 40
3.0
  0
CIRCLE
  5
153C
330
17
100
AcDbEntity
  8
0
100
AcDbCircle
 10
534.3285088791038
 20
311.33322320817075
 30
0.0
 40
3.0
  0
CIRCLE
  5
153D
330
17
100
AcDbEntity
  8
0
100
AcDbCircle
 10
56.086599281025684
 20
256.60655650125113
 30
0.0
 40
3.0
  0
CIRCLE
  5
153E
330
17
100
AcDbEntity
  8
0
100
AcDbCircle
 10
205.8216136077583
 20
956.82035924374
 30
0.0
 40
3.0
  0
CIRCLE
  5
153F
330
17
100
AcDbEntity
  8
0
100
AcDbCircle
 10
977.8009784690114
 20
148.2876786310846
 30
0.0
 40
3.0
  0
CIRCLE
  5
1540
330
17
100
AcDbEntity
  8
0
100
AcDbCircle
 10
980.1692530718192
 20
337.9855572027162
 30
0.0
 40
3.0
  0
CIRCLE
  5
1541
330
17
100
AcDbEntity
  8
0
100
AcDbCircle
 10
34.7925418468511
 20
309.0207334914375
 30
0.0
 40
3.0
  0
CIRCLE
  5
1542
330
17
100
AcDbEntity
  8
0
100
AcDbCircle
 10
247.22277093376144
 20
613.9071765605007
 30
0.0
 40
3.0
  0
CIRCLE
  5
1543
330
17
100
AcDbEntity
  8
0
100
AcDbCircle
 10
720.9116389894176
 20
701.6654603691052
 30
0.0
 40
3.0
  0
CIRCLE
  5
1544
330
17
100
AcDbEntity
  8
0
100
AcDbCircle
 10
245.4787519111918
 20
721.4270372293236
 30
0.0
 40
3.0
  0
CIRCLE
  5
1545
330
17
100
AcDbEntity
  8
0
100
AcDbCircle
 10
243.1069001725926
 20
566.4273834918209
 30
0.0
 40
3.0
  0
CIRCLE
  5
1546
330
17
100
AcDbEntity
  8
0
100
AcDbCircle
 10
216.88488208601575
 20
989.3341243185191
 30
0.0
 40
3.0
  0
CIRCLE
  5
1547
330
17
100
AcDbEntity
  8
0
100
AcDbCircle
 10
208.87702351642318
 20
542.400090705524
 30
0.0
 40
3.0
  0
CIRCLE
  5
1548
330
17
100
AcDbEntity
  8
0
100
AcDbCircle
 10
142.76228064118658
 20
286.76652028064365
 30
0.0
 40
3.0
  0
CIRCLE
  5
1549
330
17
100
AcDbEntity
  8
0
100
AcDbCircle
 10
173.70711454189635
 20
695.9292696101386
 30
0.0
 40
3.0
  0
CIRCLE
  5
154A
330
17
100
AcDbEntity
  8
0
100
AcDbCircle
 10
959.6646434704917
 20
115.49938537270842
 30
0.0
 40
3.0
  0
CIRCLE
  5
154B
330
17
100
AcDbEntity
  8
0
100
AcDbCircle
 10
167.16077972903466
 20
617.2889837702608
 30
0.0
 40
3.0
  0
CIRCLE
  5
154C
330
17
100
AcDbEntity
  8
0
100
AcDbCircle
 10
424.14941952372396
 20
434.4886986538909
 30
0.0
 40
3.0
  0
CIRCLE
  5
154D
330
17
100
AcDbEntity
  8
0
100
AcDbCircle
 10
703.83499309316
 20
197.92319349443542
 30
0.0
 40
3.0
  0
CIRCLE
  5
154E
330
17
100
AcDbEntity
  8
0
100
AcDbCircle
 10
366.3480089066346
 20
728.9258710922547
 30
0.0
 40
3.0
  0
CIRCLE
  5
154F
330
17
100
AcDbEntity
  8
0
100
AcDbCircle
 10
391.93141191036585
 20
725.9552075714328
 30
0.0
 40
3.0
  0
CIRCLE
  5
1550
330
17
100
AcDbEntity
  8
0
100
AcDbCircle
 10
512.6557415082474
 20
634.0062975095176
 30
0.0
 40
3.0
  0
CIRCLE
  5
1551
330
17
100
AcDbEntity
  8
0
100
AcDbCircle
 10
275.99125343648575
 20
795.9888823250842
 30
0.0
 40
3.0
  0
CIRCLE
  5
1552
330
17
100
AcDbEntity
  8
0
100
AcDbCircle
 10
515.568683362616
 20
577.6313690485691
 30
0.0
 40
3.0
  0
CIRCLE
  5
1553
330
17
100
AcDbEntity
  8
0
100
AcDbCircle
 10
460.5220351602251
 20
26.32373111805649
 30
0.0
 40
3.0
  0
CIRCLE
  5
1554
330
17
100
AcDbEntity
  8
0
100
AcDbCircle
 10
989.6456384859794
 20
60.04320711982142
 30
0.0
 40
3.0
  0
CIRCLE
  5
1555
330
17
100
AcDbEntity
  8
0
100
AcDbCircle
 10
469.10915218482955
 20
149.07524267967224
 30
0.0
 40
3.0
  0
CIRCLE
  5
1556
330
17
100
AcDbEntity
  8
0
100
AcDbCircle
 10
992.8984202243128
 20
410.52857709626517
 30
0.0
 40
3.0
  0
CIRCLE
  5
1557
330
17
100
AcDbEntity
  8
0
100
AcDbCircle
 10
249.82704370156637
 20
115.74886651178441
 30
0.0
 40
3.0
  0
CIRCLE
  5
1558
330
17
100
AcDbEntity
  8
0
100
AcDbCircle
 10
971.963652332846
 20
931.6259500963828
 30
0.0
 40
3.0
  0
CIRCLE
  5
1559
330
17
100
AcDbEntity
  8
0
100
AcDbCircle
 10
645.2441995592139
 20
689.5048963620965
 30
0.0
 40
3.0
  0
CIRCLE
  5
155A
330
17
100
AcDbEntity
  8
0
100
AcDbCircle
 10
846.5762483573365
 20
916.0611468852221
 30
0.0
 40
3.0
  0
CIRCLE
  5
155B
330
17
100
AcDbEntity
  8
0
100
AcDbCircle
 10
71.81922038608647
 20
859.304530593637
 30
0.0
 40
3.0
  0
CIRCLE
  5
155C
330
17
100
AcDbEntity
  8
0
100
AcDbCircle
 10
486.8374418791549
 20
990.1991987866929
 30
0.0
 40
3.0
  0
CIRCLE
  5
155D
330
17
100
AcDbEntity
  8
0
100
AcDbCircle
 10
356.9131904844469
 20
525.1072465051164
 30
0.0
 40
3.0
  0
CIRCLE
  5
155E
330
17
100
AcDbEntity
  8
0
100
AcDbCircle
 10
198.08573874989378
 20
179.71709050258693
 30
0.0
 40
3.0
  0
CIRCLE
  5
155F
330
17
100
AcDbEntity
  8
0
100
AcDbCircle
 10
837.0615507265493
 20
774.5420071602165
 30
0.0
 40
3.0
  0
CIRCLE
  5
1560
330
17
100
AcDbEntity
  8
0
100
AcDbCircle
 10
504.9710569635953
 20
313.33964721397274
 30
0.0
 40
3.0
  0
CIRCLE
  5
1561
330
17
100
AcDbEntity
  8
0
100
AcDbCircle
 10
67.93980596256434
 20
13.642700051659585
 30
0.0
 40
3.0
  0
CIRCLE
  5
1562
330
17
100
AcDbEntity
  8
0
100
AcDbCircle
 10
634.2659653809559
 20
584.4728940538486
 30
0.0
 40
3.0
  0
CIRCLE
  5
1563
330
17
100
AcDbEntity
  8
0
100
AcDbCircle
 10
187.68186568778756
 20
970.980503593178
 30
0.0
 40
3.0
  0
CIRCLE
  5
1564
330
17
100
AcDbEntity
  8
0
100
AcDbCircle
 10
706.4658949960167
 20
163.6232462520869
 30
0.0
 40
3.0
  0
CIRCLE
  5
1565
330
17
100
AcDbEntity
  8
0
100
AcDbCircle
 10
372.8010098594691
 20
742.6337033686091
 30
0.0
 40
3.0
  0
CIRCLE
  5
1566
330
17
100
AcDbEntity
  8
0
100
AcDbCircle
 10
633.9759474435416
 20
428.3325407853165
 30
0.0
 40
3.0
  0
CIRCLE
  5
1567
330
17
100
AcDbEntity
  8
0
100
AcDbCircle
 10
713.0480445195232
 20
595.4292789971058
 30
0.0
 40
3.0
  0
CIRCLE
  5
1568
330
17
100
AcDbEntity
  8
0
100
AcDbCircle
 10
286.49090981886826
 20
613.1830641146529
 30
0.0
 40
3.0
  0
CIRCLE
  5
1569
330
17
100
AcDbEntity
  8
0
100
AcDbCircle
 10
703.6416931214754
 20
502.584705921976
 30
0.0
 40
3.0
  0
CIRCLE
  5
156A
330
17
100
AcDbEntity
  8
0
100
AcDbCircle
 10
350.64548459631806
 20
123.69552463781588
 30
0.0
 40
3.0
  0
CIRCLE
  5
156B
330
17
100
AcDbEntity
  8
0
100
AcDbCircle
 10
869.3405818721427
 20
150.47476892215144
 30
0.0
 40
3.0
  0
CIRCLE
  5
156C
330
17
100
AcDbEntity
  8
0
100
AcDbCircle
 10
336.89760386239595
 20
879.1412535725622
 30
0.0
 40
3.0
  0
CIRCLE
  5
156D
330
17
100
AcDbEntity
  8
0
100
AcDbCircle
 10
144.53912363519413
 20
78.73844648289503
 30
0.0
 40
3.0
  0
CIRCLE
  5
156E
330
17
100
AcDbEntity
  8
0
100
AcDbCircle
 10
16.6989326954538
 20
381.9464817753844
 30
0.0
 40
3.0
  0
CIRCLE
  5
156F
330
17
100
AcDbEntity
  8
0
100
AcDbCircle
 10
770.2097792297283
 20
18.310914145130074
 30
0.0
 40
3.0
  0
CIRCLE
  5
1570
330
17
100
AcDbEntity
  8
0
100
AcDbCircle
 10
130.63362293177454
 20
196.56696539045424
 30
0.0
 40
3.0
  0
CIRCLE
  5
1571
330
17
100
AcDbEntity
  8
0
100
AcDbCircle
 10
105.26052533684502
 20
737.99298209502
 30
0.0
 40
3.0
  0
CIRCLE
  5
1572
330
17
100
AcDbEntity
  8
0
100
AcDbCircle
 10
226.27865546919304
 20
3.150637457193034
 30
0.0
 40
3.0
  0
CIRCLE
  5
1573
330
17
100
AcDbEntity
  8
0
100
AcDbCircle
 10
204.42100987195568
 20
599.6521930752932
 30
0.0
 40
3.0
  0
CIRCLE
  5
1574
330
17
100
AcDbEntity
  8
0
100
AcDbCircle
 10
965.9067298774171
 20
653.2788020858394
 30
0.0
 40
3.0
  0
CIRCLE
  5
1575
330
17
100
AcDbEntity
  8
0
100
AcDbCircle
 10
377.81924715927784
 20
25.494715885742593
 30
0.0
 40
3.0
  0
CIRCLE
  5
1576
330
17
100
AcDbEntity
  8
0
100
AcDbCircle
 10
976.3869504639729
 20
698.9578849518737
 30
0.0
 40
3.0
  0
CIRCLE
  5
1577
330
17
100
AcDbEntity
  8
0
100
AcDbCircle
 10
134.4192025342044
 20
173.68436201641777
 30
0.0
 40
3.0
  0
CIRCLE
  5
1578
330
17
100
AcDbEntity
  8
0
100
AcDbCircle
 10
30.763634205924134
 20
867.8594892830093
 30
0.0
 40
3.0
  0
CIRCLE
  5
1579
330
17
100
AcDbEntity
  8
0
100
AcDbCircle
 10
509.44691264524846
 20
503.04043462476704
 30
0.0
 40
3.0
  0
CIRCLE
  5
157A
330
17
100
AcDbEntity
  8
0
100
AcDbCircle
 10
358.05849387053655
 20
29.89799185264561
 30
0.0
 40
3.0
  0
CIRCLE
  5
157B
330
17
100
AcDbEntity
  8
0
100
AcDbCircle
 10
939.8729915678923
 20
21.59029568816561
 30
0.0
 40
3.0
  0
CIRCLE
  5
157C
330
17
100
AcDbEntity
  8
0
100
AcDbCircle
 10
55.302904122369696
 20
848.0827997979986
 30
0.0
 40
3.0
  0
CIRCLE
  5
157D
330
17
100
AcDbEntity
  8
0
100
AcDbCircle
 10
851.653281132192
 20
820.6858318564032
 30
0.0
 40
3.0
  0
CIRCLE
  5
157E
330
17
100
AcDbEntity
  8
0
100
AcDbCircle
 10
41.47844404257539
 20
21.813910753439586
 30
0.0
 40
3.0
  0
CIRCLE
  5
157F
330
17
100
AcDbEntity
  8
0
100
AcDbCircle
 10
412.89396919373485
 20
417.87684141376326
 30
0.0
 40
3.0
  0
CIRCLE
  5
1580
330
17
100
AcDbEntity
  8
0
100
AcDbCircle
 10
588.5282677997394
 20
119.0390784197441
 30
0.0
 40
3.0
  0
CIRCLE
  5
1581
330
17
100
AcDbEntity
  8
0
100
AcDbCircle
 10
12.371534481509778
 20
575.3625335623763
 30
0.0
 40
3.0
  0
CIRCLE
  5
1582
330
17
100
AcDbEntity
  8
0
100
AcDbCircle
 10
484.57703118691956
 20
730.2778144569445
 30
0.0
 40
3.0
  0
CIRCLE
  5
1583
330
17
100
AcDbEntity
  8
0
100
AcDbCircle
 10
766.6723854254053
 20
33.643213182300336
 30
0.0
 40
3.0
  0
CIRCLE
  5
1584
330
17
100
AcDbEntity
  8
0
100
AcDbCircle
 10
718.2597066304112
 20
287.74006988675666
 30
0.0
 40
3.0
  0
CIRCLE
  5
1585
330
17
100
AcDbEntity
  8
0
100
AcDbCircle
 10
310.51908610702924
 20
718.7401234579033
 30
0.0
 40
3.0
  0
CIRCLE
  5
1586
330
17
100
AcDbEntity
  8
0
100
AcDbCircle
 10
770.9981162390116
 20
504.74033004692717
 30
0.0
 40
3.0
  0
CIRCLE
  5
1587
330
17
100
AcDbEntity
  8
0
100
AcDbCircle
 10
939.6862176861576
 20
661.1229391015794
 30
0.0
 40
3.0
  0
CIRCLE
  5
1588
330
17
100
AcDbEntity
  8
0
100
AcDbCircle
 10
996.9069822141432
 20
803.1940634154553
 30
0.0
 40
3.0
  0
CIRCLE
  5
1589
330
17
100
AcDbEntity
  8
0
100
AcDbCircle
 10
422.3819262997676
 20
171.3832636351454
 30
0.0
 40
3.0
  0
CIRCLE
  5
158A
330
17
100
AcDbEntity
  8
0
100
AcDbCircle
 10
506.36378602442153
 20
571.0898093744944
 30
0.0
 40
3.0
  0
CIRCLE
  5
158B
330
17
100
AcDbEntity
  8
0
100
AcDbCircle
 10
34.88589170115091
 20
737.8281699265249
 30
0.0
 40
3.0
  0
CIRCLE
  5
158C
330
17
100
AcDbEntity
  8
0
100
AcDbCircle
 10
366.64410915174733
 20
61.37182505539685
 30
0.0
 40
3.0
  0
CIRCLE
  5
158D
330
17
100
AcDbEntity
  8
0
100
AcDbCircle
 10
30.56762650941338
 20
634.9638268285697
 30
0.0
 40
3.0
  0
CIRCLE
  5
158E
330
17
100
AcDbEntity
  8
0
100
AcDbCircle
 10
175.27359292303976
 20
719.5406660554207
 30
0.0
 40
3.0
  0
CIRCLE
  5
158F
330
17
100
AcDbEntity
  8
0
100
AcDbCircle
 10
884.9797446109352
 20
925.0569781902179
 30
0.0
 40
3.0
  0
CIRCLE
  5
1590
330
17
100
AcDbEntity
  8
0
100
AcDbCircle
 10
713.9265808670178
 20
797.3313155574821
 30
0.0
 40
3.0
  0
CIRCLE
  5
1591
330
17
100
AcDbEntity
  8
0
100
AcDbCircle
 10
764.2060952161941
 20
100.37278476376895
 30
0.0
 40
3.0
  0
CIRCLE
  5
1592
330
17
100
AcDbEntity
  8
0
100
AcDbCircle
 10
677.6147715761808
 20
78.81856985860675
 30
0.0
 40
3.0
  0
CIRCLE
  5
1593
330
17
100
AcDbEntity
  8
0
100
AcDbCircle
 10
533.6234271142454
 20
93.92292049393726
 30
0.0
 40
3.0
  0
CIRCLE
  5
1594
330
17
100
AcDbEntity
  8
0
100
AcDbCircle
 10
774.044347422073
 20
989.7314914706501
 30
0.0
 40
3.0
  0
CIRCLE
  5
1595
330
17
100
AcDbEntity
  8
0
100
AcDbCircle
 10
93.07214137485518
 20
862.7778308967338
 30
0.0
 40
3.0
  0
CIRCLE
  5
1596
330
17
100
AcDbEntity
  8
0
100
AcDbCircle
 10
867.3702015932165
 20
905.9903763184095
 30
0.0
 40
3.0
  0
CIRCLE
  5
1597
330
17
100
AcDbEntity
  8
0
100
AcDbCircle
 10
749.4128302391525
 20
82.41568236262053
 30
0.0
 40
3.0
  0
CIRCLE
  5
1598
330
17
100
AcDbEntity
  8
0
100
AcDbCircle
 10
200.9122180756851
 20
104.09606610848688
 30
0.0
 40
3.0
  0
CIRCLE
  5
1599
330
17
100
AcDbEntity
  8
0
100
AcDbCircle
 10
500.31239560190863
 20
257.83118719338466
 30
0.0
 40
3.0
  0
CIRCLE
  5
159A
330
17
100
AcDbEntity
  8
0
100
AcDbCircle
 10
242.9383874031577
 20
806.5667734736838
 30
0.0
 40
3.0
  0
CIRCLE
  5
159B
330
17
100
AcDbEntity
  8
0
100
AcDbCircle
 10
207.76896728414286
 20
507.46679460783406
 30
0.0
 40
3.0
  0
CIRCLE
  5
159C
330
17
100
AcDbEntity
  8
0
100
AcDbCircle
 10
294.3323522265176
 20
28.817123103539604
 30
0.0
 40
3.0
  0
CIRCLE
  5
159D
330
17
100
AcDbEntity
  8
0
100
AcDbCircle
 10
297.490664887165
 20
463.41902467250304
 30
0.0
 40
3.0
  0
CIRCLE
  5
159E
330
17
100
AcDbEntity
  8
0
100
AcDbCircle
 10
329.1294131421231
 20
633.6689008319414
 30
0.0
 40
3.0
  0
CIRCLE
  5
159F
330
17
100
AcDbEntity
  8
0
100
AcDbCircle
 10
720.879146651252
 20
67.62522334412924
 30
0.0
 40
3.0
  0
CIRCLE
  5
15A0
330
17
100
AcDbEntity
  8
0
100
AcDbCircle
 10
74.43558220475187
 20
249.49614147828615
 30
0.0
 40
3.0
  0
CIRCLE
  5
15A1
330
17
100
AcDbEntity
  8
0
100
AcDbCircle
 10
597.8279945988985
 20
582.6496565173826
 30
0.0
 40
3.0
  0
CIRCLE
  5
15A2
330
17
100
AcDbEntity
  8
0
100
AcDbCircle
 10
192.33626793540665
 20
443.08800774831604
 30
0.0
 40
3.0
  0
CIRCLE
  5
15A3
330
17
100
AcDbEntity
  8
0
100
AcDbCircle
 10
10.081060905273596
 20
463.27974948342955
 30
0.0
 40
3.0
  0
CIRCLE
  5
15A4
330
17
100
AcDbEntity
  8
0
100
AcDbCircle
 10
901.2361005419194
 20
237.67400136219098
 30
0.0
 40
3.0
  0
CIRCLE
  5
15A5
330
17
100
AcDbEntity
  8
0
100
AcDbCircle
 10
323.13859366113024
 20
491.48724606486184
 30
0.0
 40
3.0
  0
CIRCLE
  5
15A6
330
17
100
AcDbEntity
  8
0
100
AcDbCircle
 10
966.216748431595
 20
842.6151545857052
 30
0.0
 40
3.0
  0
CIRCLE
  5
15A7
330
17
100
AcDbEntity
  8
0
100
AcDbCircle
 10
765.0776627262683
 20
830.9516496976219
 30
0.0
 40
3.0
  0
CIRCLE
  5
15A8
330
17
100
AcDbEntity
  8
0
100
AcDbCircle
 10
413.0072794800735
 20
177.21265602383878
 30
0.0
 40
3.0
  0
CIRCLE
  5
15A9
330
17
100
AcDbEntity
  8
0
100
AcDbCircle
 10
425.9965852864745
 20
694.1112657867116
 30
0.0
 40
3.0
  0
CIRCLE
  5
15AA
330
17
100
AcDbEntity
  8
0
100
AcDbCircle
 10
511.691965757701
 20
731.1104868974511
 30
0.0
 40
3.0
  0
CIRCLE
  5
15AB
330
17
100
AcDbEntity
  8
0
100
AcDbCircle
 10
804.7068545949392
 20
838.8295951811486
 30
0.0
 40
3.0
  0
CIRCLE
  5
15AC
330
17
100
AcDbEntity
  8
0
100
AcDbCircle
 10
152.98861294396005
 20
470.0782887270466
 30
0.0
 40
3.0
  0
CIRCLE
  5
15AD
330
17
100
AcDbEntity
  8
0
100
AcDbCircle
 10
362.0944978979137
 20
626.9494393385735
 30
0.0
 40
3.0
  0
CIRCLE
  5
15AE
330
17
100
AcDbEntity
  8
0
100
AcDbCircle
 10
924.7998043202928
 20
21.590661006530315
 30
0.0
 40
3.0
  0
CIRCLE
  5
15AF
330
17
100
AcDbEntity
  8
0
100
AcDbCircle
 10
435.88559076705695
 20
447.3478988604984
 30
0.0
 40
3.0
  0
CIRCLE
  5
15B0
330
17
100
AcDbEntity
  8
0
100
AcDbCircle
 10
245.89083833867898
 20
594.6928155124374
 30
0.0
 40
3.0
  0
CIRCLE
  5
15B1
330
17
100
AcDbEntity
  8
0
100
AcDbCircle
 10
564.4946657508342
 20
671.3355725229751
 30
0.0
 40
3.0
  0
CIRCLE
  5
15B2
330
17
100
AcDbEntity
  8
0
100
AcDbCircle
 10
862.7223109123365
 20
78.61640329934426
 30
0.0
 40
3.0
  0
CIRCLE
  5
15B3
330
17
100
AcDbEntity
  8
0
100
AcDbCircle
 10
490.1710407586294
 20
327.6540087615712
 30
0.0
 40
3.0
  0
CIRCLE
  5
15B4
330
17
100
AcDbEntity
  8
0
100
AcDbCircle
 10
189.11369903529823
 20
217.64829097868838
 30
0.0
 40
3.0
  0
CIRCLE
  5
15B5
330
17
100
AcDbEntity
  8
0
100
AcDbCircle
 10
318.61611563085177
 20
157.5749140731059
 30
0.0
 40
3.0
  0
CIRCLE
  5
15B6
330
17
100
AcDbEntity
  8
0
100
AcDbCircle
 10
3.3704060556029525
 20
153.1193953531241
 30
0.0
 40
3.0
  0
CIRCLE
  5
15B7
330
17
100
AcDbEntity
  8
0
100
AcDbCircle
 10
952.4226882802599
 20
194.15777006183444
 30
0.0
 40
3.0
  0
CIRCLE
  5
15B8
330
17
100
AcDbEntity
  8
0
100
AcDbCircle
 10
636.7588432837996
 20
867.892114269509
 30
0.0
 40
3.0
  0
CIRCLE
  5
15B9
330
17
100
AcDbEntity
  8
0
100
AcDbCircle
 10
653.9857974294877
 20
305.2571884102731
 30
0.0
 40
3.0
  0
CIRCLE
  5
15BA
330
17
100
AcDbEntity
  8
0
100
AcDbCircle
 10
876.4563509760416
 20
213.4559079971605
 30
0.0
 40
3.0
  0
CIRCLE
  5
15BB
330
17
100
AcDbEntity
  8
0
100
AcDbCircle
 10
775.3801497808498
 20
145.02510597906038
 30
0.0
 40
3.0
  0
CIRCLE
  5
15BC
330
17
100
AcDbEntity
  8
0
100
AcDbCircle
 10
400.0484445967609
 20
295.51421658632
 30
0.0
 40
3.0
  0
CIRCLE
  5
15BD
330
17
100
AcDbEntity
  8
0
100
AcDbCircle
 10
144.53205334868787
 20
299.1980764197291
 30
0.0
 40
3.0
  0
CIRCLE
  5
15BE
330
17
100
AcDbEntity
  8
0
100
AcDbCircle
 10
948.5883427174062
 20
99.42676180159471
 30
0.0
 40
3.0
  0
CIRCLE
  5
15BF
330
17
100
AcDbEntity
  8
0
100
AcDbCircle
 10
855.4300593395374
 20
647.4833304598562
 30
0.0
 40
3.0
  0
CIRCLE
  5
15C0
330
17
100
AcDbEntity
  8
0
100
AcDbCircle
 10
858.5339542278897
 20
991.970488326585
 30
0.0
 40
3.0
  0
CIRCLE
  5
15C1
330
17
100
AcDbEntity
  8
0
100
AcDbCircle
 10
220.0430491340814
 20
716.4129092805753
 30
0.0
 40
3.0
  0
CIRCLE
  5
15C2
330
17
100
AcDbEntity
  8
0
100
AcDbCircle
 10
477.13486406214923
 20
267.3105957596343
 30
0.0
 40
3.0
  0
CIRCLE
  5
15C3
330
17
100
AcDbEntity
  8
0
100
AcDbCircle
 10
293.5769968592987
 20
178.299883874367
 30
0.0
 40
3.0
  0
CIRCLE
  5
15C4
330
17
100
AcDbEntity
  8
0
100
AcDbCircle
 10
64.40344682609206
 20
76.94550765712773
 30
0.0
 40
3.0
  0
CIRCLE
  5
15C5
330
17
100
AcDbEntity
  8
0
100
AcDbCircle
 10
820.7886581895302
 20
365.0246248209211
 30
0.0
 40
3.0
  0
CIRCLE
  5
15C6
330
17
100
AcDbEntity
  8
0
100
AcDbCircle
 10
433.6376011614836
 20
385.24617805511394
 30
0.0
 40
3.0
  0
CIRCLE
  5
15C7
330
17
100
AcDbEntity
  8
0
100
AcDbCircle
 10
301.3729987074864
 20
490.6020289124521
 30
0.0
 40
3.0
  0
CIRCLE
  5
15C8
330
17
100
AcDbEntity
  8
0
100
AcDbCircle
 10
369.12789011016315
 20
188.4729782415228
 30
0.0
 40
3.0
  0
CIRCLE
  5
15C9
330
17
100
AcDbEntity
  8
0
100
AcDbCircle
 10
835.7872112227628
 20
394.95012140262133
 30
0.0
 40
3.0
  0
CIRCLE
  5
15CA
330
17
100
AcDbEntity
  8
0
100
AcDbCircle
 10
996.9153199544829
 20
597.5063737543711
 30
0.0
 40
3.0
  0
CIRCLE
  5
15CB
330
17
100
AcDbEntity
  8
0
100
AcDbCircle
 10
318.08786259606654
 20
884.140578712206
 30
0.0
 40
3.0
  0
CIRCLE
  5
15CC
330
17
100
AcDbEntity
  8
0
100
AcDbCircle
 10
327.34001278322745
 20
137.62057351657603
 30
0.0
 40
3.0
  0
CIRCLE
  5
15CD
330
17
100
AcDbEntity
  8
0
100
AcDbCircle
 10
240.0691563189062
 20
635.6315303751118
 30
0.0
 40
3.0
  0
CIRCLE
  5
15CE
330
17
100
AcDbEntity
  8
0
100
AcDbCircle
 10
163.88994402818926
 20
349.64281393411073
 30
0.0
 40
3.0
  0
CIRCLE
  5
15CF
330
17
100
AcDbEntity
  8
0
100
AcDbCircle
 10
548.2383177907618
 20
3.5825958349857565
 30
0.0
 40
3.0
  0
CIRCLE
  5
15D0
330
17
100
AcDbEntity
  8
0
100
AcDbCircle
 10
604.2690142761853
 20
343.2342373812515
 30
0.0
 40
3.0
  0
CIRCLE
  5
15D1
330
17
100
AcDbEntity
  8
0
100
AcDbCircle
 10
109.3185125019364
 20
597.290789214246
 30
0.0
 40
3.0
  0
CIRCLE
  5
15D2
330
17
100
AcDbEntity
  8
0
100
AcDbCircle
 10
904.6619334206002
 20
119.2072656011759
 30
0.0
 40
3.0
  0
CIRCLE
  5
15D3
330
17
100
AcDbEntity
  8
0
100
AcDbCircle
 10
996.7781710983033
 20
230.04856992195064
 30
0.0
 40
3.0
  0
CIRCLE
  5
15D4
330
17
100
AcDbEntity
  8
0
100
AcDbCircle
 10
343.22377517707264
 20
128.2349561066119
 30
0.0
 40
3.0
  0
CIRCLE
  5
15D5
330
17
100
AcDbEntity
  8
0
100
AcDbCircle
 10
476.4695842550164
 20
957.341434228703
 30
0.0
 40
3.0
  0
CIRCLE
  5
15D6
330
17
100
AcDbEntity
  8
0
100
AcDbCircle
 10
561.4845518250121
 20
188.87383520568
 30
0.0
 40
3.0
  0
CIRCLE
  5
15D7
330
17
100
AcDbEntity
  8
0
100
AcDbCircle
 10
561.2544267941532
 20
19.802440304572755
 30
0.0
 40
3.0
  0
CIRCLE
  5
15D8
330
17
100
AcDbEntity
  8
0
100
AcDbCircle
 10
351.7744251440667
 20
502.7186309428332
 30
0.0
 40
3.0
  0
CIRCLE
  5
15D9
330
17
100
AcDbEntity
  8
0
100
AcDbCircle
 10
357.7314023025155
 20
3.001511321553658
 30
0.0
 40
3.0
  0
CIRCLE
  5
15DA
330
17
100
AcDbEntity
  8
0
100
AcDbCircle
 10
339.8091251170865
 20
739.7871049000262
 30
0.0
 40
3.0
  0
CIRCLE
  5
15DB
330
17
100
AcDbEntity
  8
0
100
AcDbCircle
 10
64.55386109040974
 20
279.6844829887014
 30
0.0
 40
3.0
  0
CIRCLE
  5
15DC
330
17
100
AcDbEntity
  8
0
100
AcDbCircle
 10
136.5025904379492
 20
203.15170983156244
 30
0.0
 40
3.0
  0
CIRCLE
  5
15DD
330
17
100
AcDbEntity
  8
0
100
AcDbCircle
 10
28.079512164863733
 20
940.9172655671839
 30
0.0
 40
3.0
  0
CIRCLE
  5
15DE
330
17
100
AcDbEntity
  8
0
100
AcDbCircle
 10
525.3082741116752
 20
954.8483928342815
 30
0.0
 40
3.0
  0
CIRCLE
  5
15DF
330
17
100
AcDbEntity
  8
0
100
AcDbCircle
 10
186.56180897093947
 20
422.8463885928711
 30
0.0
 40
3.0
  0
CIRCLE
  5
15E0
330
17
100
AcDbEntity
  8
0
100
AcDbCircle
 10
545.5344057949897
 20
937.3739377226613
 30
0.0
 40
3.0
  0
CIRCLE
  5
15E1
330
17
100
AcDbEntity
  8
0
100
AcDbCircle
 10
90.29531269002004
 20
834.4088329481541
 30
0.0
 40
3.0
  0
CIRCLE
  5
15E2
330
17
100
AcDbEntity
  8
0
100
AcDbCircle
 10
310.98967657780645
 20
3.3272751523699977
 30
0.0
 40
3.0
  0
CIRCLE
  5
15E3
330
17
100
AcDbEntity
  8
0
100
AcDbCircle
 10
990.0901200240447
 20
484.617519540708
 30
0.0
 40
3.0
  0
CIRCLE
  5
15E4
330
17
100
AcDbEntity
  8
0
100
AcDbCircle
 10
388.9940842425186
 20
3.2847093272974934
 30
0.0
 40
3.0
  0
CIRCLE
  5
15E5
330
17
100
AcDbEntity
  8
0
100
AcDbCircle
 10
953.3913739380787
 20
180.84096181237925
 30
0.0
 40
3.0
  0
CIRCLE
  5
15E6
330
17
100
AcDbEntity
  8
0
100
AcDbCircle
 10
805.020244716221
 20
865.8651590003282
 30
0.0
 40
3.0
  0
CIRCLE
  5
15E7
330
17
100
AcDbEntity
  8
0
100
AcDbCircle
 10
952.501783257543
 20
315.7162658022313
 30
0.0
 40
3.0
  0
CIRCLE
  5
15E8
330
17
100
AcDbEntity
  8
0
100
AcDbCircle
 10
570.0539307067405
 20
100.57391055643265
 30
0.0
 40
3.0
  0
CIRCLE
  5
15E9
330
17
100
AcDbEntity
  8
0
100
AcDbCircle
 10
504.62408990785474
 20
16.064137599646116
 30
0.0
 40
3.0
  0
CIRCLE
  5
15EA
330
17
100
AcDbEntity
  8
0
100
AcDbCircle
 10
992.0526959163435
 20
628.0053106654831
 30
0.0
 40
3.0
  0
CIRCLE
  5
15EB
330
17
100
AcDbEntity
  8
0
100
AcDbCircle
 10
466.22816273642184
 20
746.4782037258592
 30
0.0
 40
3.0
  0
CIRCLE
  5
15EC
330
17
100
AcDbEntity
  8
0
100
AcDbCircle
 10
154.24946094863225
 20
435.7663508699393
 30
0.0
 40
3.0
  0
CIRCLE
  5
15ED
330
17
100
AcDbEntity
  8
0
100
AcDbCircle
 10
100.68995976519886
 20
61.82828947993786
 30
0.0
 40
3.0
  0
CIRCLE
  5
15EE
330
17
100
AcDbEntity
  8
0
100
AcDbCircle
 10
903.586826970001
 20
879.4617018155151
 30
0.0
 40
3.0
  0
CIRCLE
  5
15EF
330
17
100
AcDbEntity
  8
0
100
AcDbCircle
 10
147.11716392256722
 20
63.05221550803319
 30
0.0
 40
3.0
  0
CIRCLE
  5
15F0
330
17
100
AcDbEntity
  8
0
100
AcDbCircle
 10
793.3413866439563
 20
749.627226930046
 30
0.0
 40
3.0
  0
CIRCLE
  5
15F1
330
17
100
AcDbEntity
  8
0
100
AcDbCircle
 10
236.7491490184034
 20
226.21103887999652
 30
0.0
 40
3.0
  0
CIRCLE
  5
15F2
330
17
100
AcDbEntity
  8
0
100
AcDbCircle
 10
709.2619209408189
 20
23.275398151526957
 30
0.0
 40
3.0
  0
CIRCLE
  5
15F3
330
17
100
AcDbEntity
  8
0
100
AcDbCircle
 10
334.004369432558
 20
251.23270442789362
 30
0.0
 40
3.0
  0
CIRCLE
  5
15F4
330
17
100
AcDbEntity
  8
0
100
AcDbCircle
 10
421.4841648510202
 20
3.0519528339670234
 30
0.0
 40
3.0
  0
CIRCLE
  5
15F5
330
17
100
AcDbEntity
  8
0
100
AcDbCircle
 10
486.10965403754494
 20
39.574982031967295
 30
0.0
 40
3.0
  0
CIRCLE
  5
15F6
330
17
100
AcDbEntity
  8
0
100
AcDbCircle
 10
489.38734349076407
 20
886.6700097611704
 30
0.0
 40
3.0
  0
CIRCLE
  5
15F7
330
17
100
AcDbEntity
  8
0
100
AcDbCircle
 10
864.3298803043086
 20
39.24635119383175
 30
0.0
 40
3.0
  0
CIRCLE
  5
15F8
330
17
100
AcDbEntity
  8
0
100
AcDbCircle
 10
134.34994630756736
 20
68.69387691402612
 30
0.0
 40
3.0
  0
CIRCLE
  5
15F9
330
17
100
AcDbEntity
  8
0
100
AcDbCircle
 10
316.59763403302196
 20
720.5872841380992
 30
0.0
 40
3.0
  0
CIRCLE
  5
15FA
330
17
100
AcDbEntity
  8
0
100
AcDbCircle
 10
503.08326317001115
 20
974.7693385367029
 30
0.0
 40
3.0
  0
CIRCLE
  5
15FB
330
17
100
AcDbEntity
  8
0
100
AcDbCircle
 10
601.2556694500582
 20
736.6901851100952
 30
0.0
 40
3.0
  0
CIRCLE
  5
15FC
330
17
100
AcDbEntity
  8
0
100
AcDbCircle
 10
899.9649201366409
 20
855.4000467070944
 30
0.0
 40
3.0
  0
CIRCLE
  5
15FD
330
17
100
AcDbEntity
  8
0
100
AcDbCircle
 10
432.5158989859485
 20
846.5634069018837
 30
0.0
 40
3.0
  0
CIRCLE
  5
15FE
330
17
100
AcDbEntity
  8
0
100
AcDbCircle
 10
316.9167628012383
 20
861.0187426731629
 30
0.0
 40
3.0
  0
CIRCLE
  5
15FF
330
17
100
AcDbEntity
  8
0
100
AcDbCircle
 10
323.9233220303985
 20
875.263209323512
 30
0.0
 40
3.0
  0
CIRCLE
  5
1600
330
17
100
AcDbEntity
  8
0
100
AcDbCircle
 10
385.60943953916376
 20
873.2889606587827
 30
0.0
 40
3.0
  0
CIRCLE
  5
1601
330
17
100
AcDbEntity
  8
0
100
AcDbCircle
 10
474.5996222984998
 20
369.958003557251
 30
0.0
 40
3.0
  0
CIRCLE
  5
1602
330
17
100
AcDbEntity
  8
0
100
AcDbCircle
 10
425.356722169592
 20
272.6827079280663
 30
0.0
 40
3.0
  0
CIRCLE
  5
1603
330
17
100
AcDbEntity
  8
0
100
AcDbCircle
 10
303.28276189823447
 20
844.6848675056535
 30
0.0
 40
3.0
  0
CIRCLE
  5
1604
330
17
100
AcDbEntity
  8
0
100
AcDbCircle
 10
391.36385860085454
 20
968.131212784033
 30
0.0
 40
3.0
  0
CIRCLE
  5
1605
330
17
100
AcDbEntity
  8
0
100
AcDbCircle
 10
383.39153858582415
 20
400.9924436122661
 30
0.0
 40
3.0
  0
CIRCLE
  5
1606
330
17
100
AcDbEntity
  8
0
100
AcDbCircle
 10
107.68534068523782
 20
18.292109628072733
 30
0.0
 40
3.0
  0
CIRCLE
  5
1607
330
17
100
AcDbEntity
  8
0
100
AcDbCircle
 10
743.8902204132763
 20
807.059436067774
 30
0.0
 40
3.0
  0
CIRCLE
  5
1608
330
17
100
AcDbEntity
  8
0
100
AcDbCircle
 10
536.2220867119947
 20
287.7735391778079
 30
0.0
 40
3.0
  0
CIRCLE
  5
1609
330
17
100
AcDbEntity
  8
0
100
AcDbCircle
 10
785.0382567812662
 20
733.6878418750691
 30
0.0
 40
3.0
  0
CIRCLE
  5
160A
330
17
100
AcDbEntity
  8
0
100
AcDbCircle
 10
247.79262664268938
 20
642.4991570257915
 30
0.0
 40
3.0
  0
CIRCLE
  5
160B
330
17
100
AcDbEntity
  8
0
100
AcDbCircle
 10
966.6784183881884
 20
104.9446574336795
 30
0.0
 40
3.0
  0
CIRCLE
  5
160C
330
17
100
AcDbEntity
  8
0
100
AcDbCircle
 10
897.1015263135562
 20
443.2656443402021
 30
0.0
 40
3.0
  0
CIRCLE
  5
160D
330
17
100
AcDbEntity
  8
0
100
AcDbCircle
 10
352.1085562603765
 20
450.5892427314649
 30
0.0
 40
3.0
  0
CIRCLE
  5
160E
330
17
100
AcDbEntity
  8
0
100
AcDbCircle
 10
721.6740012187635
 20
265.1491984670525
 30
0.0
 40
3.0
  0
CIRCLE
  5
160F
330
17
100
AcDbEntity
  8
0
100
AcDbCircle
 10
690.6775642991468
 20
788.5635591362002
 30
0.0
 40
3.0
  0
CIRCLE
  5
1610
330
17
100
AcDbEntity
  8
0
100
AcDbCircle
 10
98.48797435491555
 20
918.8902559450667
 30
0.0
 40
3.0
  0
CIRCLE
  5
1611
330
17
100
AcDbEntity
  8
0
100
AcDbCircle
 10
186.78950344154683
 20
184.03069013773631
 30
0.0
 40
3.0
  0
CIRCLE
  5
1612
330
17
100
AcDbEntity
  8
0
100
AcDbCircle
 10
348.5899230177531
 20
153.6138556374465
 30
0.0
 40
3.0
  0
CIRCLE
  5
1613
330
17
100
AcDbEntity
  8
0
100
AcDbCircle
 10
575.3179745282339
 20
654.165698495232
 30
0.0
 40
3.0
  0
CIRCLE
  5
1614
330
17
100
AcDbEntity
  8
0
100
AcDbCircle
 10
153.89225510883264
 20
792.592216964381
 30
0.0
 40
3.0
  0
CIRCLE
  5
1615
330
17
100
AcDbEntity
  8
0
100
AcDbCircle
 10
103.90646063771447
 20
417.0066070334391
 30
0.0
 40
3.0
  0
CIRCLE
  5
1616
330
17
100
AcDbEntity
  8
0
100
AcDbCircle
 10
54.95489939223825
 20
991.5494173992925
 30
0.0
 40
3.0
  0
CIRCLE
  5
1617
330
17
100
AcDbEntity
  8
0
100
AcDbCircle
 10
910.0026965812942
 20
421.2146782157727
 30
0.0
 40
3.0
  0
CIRCLE
  5
1618
330
17
100
AcDbEntity
  8
0
100
AcDbCircle
 10
775.1012073941833
 20
248.5386381965794
 30
0.0
 40
3.0
  0
CIRCLE
  5
1619
330
17
100
AcDbEntity
  8
0
100
AcDbCircle
 10
182.65614510430424
 20
333.936645608545
 30
0.0
 40
3.0
  0
CIRCLE
  5
161A
330
17
100
AcDbEntity
  8
0
100
AcDbCircle
 10
880.6447855098214
 20
827.0516201322492
 30
0.0
 40
3.0
  0
CIRCLE
  5
161B
330
17
100
AcDbEntity
  8
0
100
AcDbCircle
 10
775.3866130811105
 20
854.3204396542219
 30
0.0
 40
3.0
  0
CIRCLE
  5
161C
330
17
100
AcDbEntity
  8
0
100
AcDbCircle
 10
506.75763379849246
 20
928.0519126227156
 30
0.0
 40
3.0
  0
CIRCLE
  5
161D
330
17
100
AcDbEntity
  8
0
100
AcDbCircle
 10
835.2253898757682
 20
109.92709402166791
 30
0.0
 40
3.0
  0
CIRCLE
  5
161E
330
17
100
AcDbEntity
  8
0
100
AcDbCircle
 10
867.8100171671626
 20
643.3948915076328
 30
0.0
 40
3.0
  0
CIRCLE
  5
161F
330
17
100
AcDbEntity
  8
0
100
AcDbCircle
 10
986.8666234026641
 20
9.60009678274753
 30
0.0
 40
3.0
  0
CIRCLE
  5
1620
330
17
100
AcDbEntity
  8
0
100
AcDbCircle
 10
563.6584473544202
 20
273.22914123181476
 30
0.0
 40
3.0
  0
CIRCLE
  5
1621
330
17
100
AcDbEntity
  8
0
100
AcDbCircle
 10
972.3087131955308
 20
762.8286243905177
 30
0.0
 40
3.0
  0
CIRCLE
  5
1622
330
17
100
AcDbEntity
  8
0
100
AcDbCircle
 10
658.3873175857008
 20
452.6443004892053
 30
0.0
 40
3.0
  0
CIRCLE
  5
1623
330
17
100
AcDbEntity
  8
0
100
AcDbCircle
 10
512.4913706260733
 20
829.4380944926511
 30
0.0
 40
3.0
  0
CIRCLE
  5
1624
330
17
100
AcDbEntity
  8
0
100
AcDbCircle
 10
294.9845240775167
 20
822.9301862173149
 30
0.0
 40
3.0
  0
CIRCLE
  5
1625
330
17
100
AcDbEntity
  8
0
100
AcDbCircle
 10
13.385283653212447
 20
98.59279605324822
 30
0.0
 40
3.0
  0
CIRCLE
  5
1626
330
17
100
AcDbEntity
  8
0
100
AcDbCircle
 10
916.8631874652722
 20
236.77612136299666
 30
0.0
 40
3.0
  0
CIRCLE
  5
1627
330
17
100
AcDbEntity
  8
0
100
AcDbCircle
 10
110.72464521160917
 20
255.43312050022033
 30
0.0
 40
3.0
  0
CIRCLE
  5
1628
330
17
100
AcDbEntity
  8
0
100
AcDbCircle
 10
18.230957118116834
 20
94.21901461097217
 30
0.0
 40
3.0
  0
CIRCLE
  5
1629
330
17
100
AcDbEntity
  8
0
100
AcDbCircle
 10
451.3337454693288
 20
245.2387011006738
 30
0.0
 40
3.0
  0
CIRCLE
  5
162A
330
17
100
AcDbEntity
  8
0
100
AcDbCircle
 10
229.8310406971308
 20
303.9028416810819
 30
0.0
 40
3.0
  0
CIRCLE
  5
162B
330
17
100
AcDbEntity
  8
0
100
AcDbCircle
 10
467.7825647089249
 20
876.6404062378356
 30
0.0
 40
3.0
  0
CIRCLE
  5
162C
330
17
100
AcDbEntity
  8
0
100
AcDbCircle
 10
454.1812494887545
 20
472.02323675143987
 30
0.0
 40
3.0
  0
CIRCLE
  5
162D
330
17
100
AcDbEntity
  8
0
100
AcDbCircle
 10
328.0163155715252
 20
473.49806119461994
 30
0.0
 40
3.0
  0
CIRCLE
  5
162E
330
17
100
AcDbEntity
  8
0
100
AcDbCircle
 10
488.83233447968996
 20
186.83189394301718
 30
0.0
 40
3.0
  0
CIRCLE
  5
162F
330
17
100
AcDbEntity
  8
0
100
AcDbCircle
 10
197.16433532922926
 20
118.39187342998233
 30
0.0
 40
3.0
  0
CIRCLE
  5
1630
330
17
100
AcDbEntity
  8
0
100
AcDbCircle
 10
493.79421355651584
 20
3.1442541157799404
 30
0.0
 40
3.0
  0
CIRCLE
  5
1631
330
17
100
AcDbEntity
  8
0
100
AcDbCircle
 10
178.9479200901084
 20
202.16767278326884
 30
0.0
 40
3.0
  0
CIRCLE
  5
1632
330
17
100
AcDbEntity
  8
0
100
AcDbCircle
 10
696.5981477926686
 20
213.9679532971882
 30
0.0
 40
3.0
  0
CIRCLE
  5
1633
330
17
100
AcDbEntity
  8
0
100
AcDbCircle
 10
562.8648653762474
 20
385.7476521112417
 30
0.0
 40
3.0
  0
CIRCLE
  5
1634
330
17
100
AcDbEntity
  8
0
100
AcDbCircle
 10
161.55826431087505
 20
648.8300094458363
 30
0.0
 40
3.0
  0
CIRCLE
  5
1635
330
17
100
AcDbEntity
  8
0
100
AcDbCircle
 10
525.0417834943645
 20
264.803040383384
 30
0.0
 40
3.0
  0
CIRCLE
  5
1636
330
17
100
AcDbEntity
  8
0
100
AcDbCircle
 10
196.212295103835
 20
711.204436624597
 30
0.0
 40
3.0
  0
CIRCLE
  5
1637
330
17
100
AcDbEntity
  8
0
100
AcDbCircle
 10
81.06741948033545
 20
222.28529393038414
 30
0.0
 40
3.0
  0
CIRCLE
  5
1638
330
17
100
AcDbEntity
  8
0
100
AcDbCircle
 10
174.26639047638898
 20
213.84699066533304
 30
0.0
 40
3.0
  0
CIRCLE
  5
1639
330
17
100
AcDbEntity
  8
0
100
AcDbCircle
 10
40.68529829625015
 20
440.3633568039402
 30
0.0
 40
3.0
  0
CIRCLE
  5
163A
330
17
100
AcDbEntity
  8
0
100
AcDbCircle
 10
572.7182834055778
 20
827.2967951032248
 30
0.0
 40
3.0
  0
CIRCLE
  5
163B
330
17
100
AcDbEntity
  8
0
100
AcDbCircle
 10
3.0045436108788883
 20
6.899244619011856
 30
0.0
 40
3.0
  0
CIRCLE
  5
163C
330
17
100
AcDbEntity
  8
0
100
AcDbCircle
 10
510.63813710650464
 20
218.46008713491
 30
0.0
 40
3.0
  0
CIRCLE
  5
163D
330
17
100
AcDbEntity
  8
0
100
AcDbCircle
 10
52.91283142070521
 20
950.312194085337
 30
0.0
 40
3.0
  0
CIRCLE
  5
163E
330
17
100
AcDbEntity
  8
0
100
AcDbCircle
 10
278.07162278856873
 20
898.5895160763379
 30
0.0
 40
3.0
  0
CIRCLE
  5
163F
330
17
100
AcDbEntity
  8
0
100
AcDbCircle
 10
54.86925695575941
 20
644.6627829605156
 30
0.0
 40
3.0
  0
CIRCLE
  5
1640
330
17
100
AcDbEntity
  8
0
100
AcDbCircle
 10
260.20468003420933
 20
978.6240125962341
 30
0.0
 40
3.0
  0
CIRCLE
  5
1641
330
17
100
AcDbEntity
  8
0
100
AcDbCircle
 10
281.04401226826315
 20
873.8337600208216
 30
0.0
 40
3.0
  0
CIRCLE
  5
1642
330
17
100
AcDbEntity
  8
0
100
AcDbCircle
 10
285.38119564375967
 20
209.7605025779847
 30
0.0
 40
3.0
  0
CIRCLE
  5
1643
330
17
100
AcDbEntity
  8
0
100
AcDbCircle
 10
17.212015808671424
 20
65.3583937177955
 30
0.0
 40
3.0
  0
CIRCLE
  5
1644
330
17
100
AcDbEntity
  8
0
100
AcDbCircle
 10
94.84044053786347
 20
770.7092288152613
 30
0.0
 40
3.0
  0
CIRCLE
  5
1645
330
17
100
AcDbEntity
  8
0
100
AcDbCircle
 10
3.035136883810482
 20
446.7085915807015
 30
0.0
 40
3.0
  0
CIRCLE
  5
1646
330
17
100
AcDbEntity
  8
0
100
AcDbCircle
 10
459.1052177080756
 20
216.59709921808945
 30
0.0
 40
3.0
  0
CIRCLE
  5
1647
330
17
100
AcDbEntity
  8
0
100
AcDbCircle
 10
554.011558097587
 20
282.5622516244473
 30
0.0
 40
3.0
  0
CIRCLE
  5
1648
330
17
100
AcDbEntity
  8
0
100
AcDbCircle
 10
401.83998029258885
 20
68.55080285762025
 30
0.0
 40
3.0
  0
CIRCLE
  5
1649
330
17
100
AcDbEntity
  8
0
100
AcDbCircle
 10
393.8976526656757
 20
134.21474162446003
 30
0.0
 40
3.0
  0
CIRCLE
  5
164A
330
17
100
AcDbEntity
  8
0
100
AcDbCircle
 10
431.15752520468993
 20
596.8893637520364
 30
0.0
 40
3.0
  0
CIRCLE
  5
164B
330
17
100
AcDbEntity
  8
0
100
AcDbCircle
 10
65.55608282479061
 20
450.4627748567387
 30
0.0
 40
3.0
  0
CIRCLE
  5
164C
330
17
100
AcDbEntity
  8
0
100
AcDbCircle
 10
98.35990324253349
 20
608.2349276580039
 30
0.0
 40
3.0
  0
CIRCLE
  5
164D
330
17
100
AcDbEntity
  8
0
100
AcDbCircle
 10
745.9230057474142
 20
909.7558094367906
 30
0.0
 40
3.0
  0
CIRCLE
  5
164E
330
17
100
AcDbEntity
  8
0
100
AcDbCircle
 10
211.7477264832189
 20
983.0642343403999
 30
0.0
 40
3.0
  0
CIRCLE
  5
164F
330
17
100
AcDbEntity
  8
0
100
AcDbCircle
 10
633.6765430275476
 20
898.0896097017792
 30
0.0
 40
3.0
  0
CIRCLE
  5
1650
330
17
100
AcDbEntity
  8
0
100
AcDbCircle
 10
390.98526904580507
 20
69.63128223071635
 30
0.0
 40
3.0
  0
CIRCLE
  5
1651
330
17
100
AcDbEntity
  8
0
100
AcDbCircle
 10
610.1321895584504
 20
3.2101647987875186
 30
0.0
 40
3.0
  0
CIRCLE
  5
1652
330
17
100
AcDbEntity
  8
0
100
AcDbCircle
 10
815.3855706686215
 20
873.0846274950328
 30
0.0
 40
3.0
  0
CIRCLE
  5
1653
330
17
100
AcDbEntity
  8
0
100
AcDbCircle
 10
973.5872164255311
 20
289.2876095975174
 30
0.0
 40
3.0
  0
CIRCLE
  5
1654
330
17
100
AcDbEntity
  8
0
100
AcDbCircle
 10
925.6942632897358
 20
218.0193539182486
 30
0.0
 40
3.0
  0
CIRCLE
  5
1655
330
17
100
AcDbEntity
  8
0
100
AcDbCircle
 10
821.2750386116118
 20
388.0635554606556
 30
0.0
 40
3.0
  0
CIRCLE
  5
1656
330
17
100
AcDbEntity
  8
0
100
AcDbCircle
 10
575.6085608118267
 20
631.7706824348951
 30
0.0
 40
3.0
  0
CIRCLE
  5
1657
330
17
100
AcDbEntity
  8
0
100
AcDbCircle
 10
877.1135129720652
 20
182.95566427400547
 30
0.0
 40
3.0
  0
CIRCLE
  5
1658
330
17
100
AcDbEntity
  8
0
100
AcDbCircle
 10
766.8081782543968
 20
843.3242977687512
 30
0.0
 40
3.0
  0
CIRCLE
  5
1659
330
17
100
AcDbEntity
  8
0
100
AcDbCircle
 10
749.2116772901347
 20
782.8528798465343
 30
0.0
 40
3.0
  0
CIRCLE
  5
165A
330
17
100
AcDbEntity
  8
0
100
AcDbCircle
 10
266.97390957666823
 20
70.02282633831575
 30
0.0
 40
3.0
  0
CIRCLE
  5
165B
330
17
100
AcDbEntity
  8
0
100
AcDbCircle
 10
344.82664253365533
 20
767.7274030046771
 30
0.0
 40
3.0
  0
CIRCLE
  5
165C
330
17
100
AcDbEntity
  8
0
100
AcDbCircle
 10
73.99176433754322
 20
256.76726786528826
 30
0.0
 40
3.0
  0
CIRCLE
  5
165D
330
17
100
AcDbEntity
  8
0
100
AcDbCircle
 10
467.21037415637716
 20
355.2483802801468
 30
0.0
 40
3.0
  0
CIRCLE
  5
165E
330
17
100
AcDbEntity
  8
0
100
AcDbCircle
 10
637.402657427771
 20
668.5358254382855
 30
0.0
 40
3.0
  0
CIRCLE
  5
165F
330
17
100
AcDbEntity
  8
0
100
AcDbCircle
 10
343.17483620366306
 20
3.1840245485749494
 30
0.0
 40
3.0
  0
CIRCLE
  5
1660
330
17
100
AcDbEntity
  8
0
100
AcDbCircle
 10
454.66633215414817
 20
9.96166817820926
 30
0.0
 40
3.0
  0
CIRCLE
  5
1661
330
17
100
AcDbEntity
  8
0
100
AcDbCircle
 10
175.99289510459448
 20
626.7360802365076
 30
0.0
 40
3.0
  0
CIRCLE
  5
1662
330
17
100
AcDbEntity
  8
0
100
AcDbCircle
 10
969.7017553296251
 20
964.2726938047666
 30
0.0
 40
3.0
  0
CIRCLE
  5
1663
330
17
100
AcDbEntity
  8
0
100
AcDbCircle
 10
749.0115267217793
 20
690.6284967878036
 30
0.0
 40
3.0
  0
CIRCLE
  5
1664
330
17
100
AcDbEntity
  8
0
100
AcDbCircle
 10
986.7711871596928
 20
155.05257065033038
 30
0.0
 40
3.0
  0
CIRCLE
  5
1665
330
17
100
AcDbEntity
  8
0
100
AcDbCircle
 10
512.0524298656253
 20
199.76605852772056
 30
0.0
 40
3.0
  0
CIRCLE
  5
1666
330
17
100
AcDbEntity
  8
0
100
AcDbCircle
 10
865.1781800177208
 20
983.7294772423364
 30
0.0
 40
3.0
  0
CIRCLE
  5
1667
330
17
100
AcDbEntity
  8
0
100
AcDbCircle
 10
261.9462447415733
 20
996.8318637934566
 30
0.0
 40
3.0
  0
CIRCLE
  5
1668
330
17
100
AcDbEntity
  8
0
100
AcDbCircle
 10
936.7266117527698
 20
923.4146584658621
 30
0.0
 40
3.0
  0
CIRCLE
  5
1669
330
17
100
AcDbEntity
  8
0
100
AcDbCircle
 10
744.3884143310075
 20
3.2081918322912633
 30
0.0
 40
3.0
  0
CIRCLE
  5
166A
330
17
100
AcDbEntity
  8
0
100
AcDbCircle
 10
797.9907407787089
 20
224.0530486822124
 30
0.0
 40
3.0
  0
CIRCLE
  5
166B
330
17
100
AcDbEntity
  8
0
100
AcDbCircle
 10
684.2433905883111
 20
693.1771137048622
 30
0.0
 40
3.0
  0
CIRCLE
  5
166C
330
17
100
AcDbEntity
  8
0
100
AcDbCircle
 10
627.9499149766019
 20
871.3478856018316
 30
0.0
 40
3.0
  0
CIRCLE
  5
166D
330
17
100
AcDbEntity
  8
0
100
AcDbCircle
 10
139.1472351828846
 20
729.8626939938936
 30
0.0
 40
3.0
  0
CIRCLE
  5
166E
330
17
100
AcDbEntity
  8
0
100
AcDbCircle
 10
511.8391533651015
 20
246.5155594113881
 30
0.0
 40
3.0
  0
CIRCLE
  5
166F
330
17
100
AcDbEntity
  8
0
100
AcDbCircle
 10
996.8374940289006
 20
383.6905041711207
 30
0.0
 40
3.0
  0
CIRCLE
  5
1670
330
17
100
AcDbEntity
  8
0
100
AcDbCircle
 10
251.94844567649338
 20
23.716420736120813
 30
0.0
 40
3.0
  0
CIRCLE
  5
1671
330
17
100
AcDbEntity
  8
0
100
AcDbCircle
 10
941.2676558655157
 20
514.967941633633
 30
0.0
 40
3.0
  0
CIRCLE
  5
1672
330
17
100
AcDbEntity
  8
0
100
AcDbCircle
 10
359.49360472813396
 20
152.57945080973374
 30
0.0
 40
3.0
  0
CIRCLE
  5
1673
330
17
100
AcDbEntity
  8
0
100
AcDbCircle
 10
277.96859623908335
 20
25.501472386165496
 30
0.0
 40
3.0
  0
CIRCLE
  5
1674
330
17
100
AcDbEntity
  8
0
100
AcDbCircle
 10
455.08531114221836
 20
260.32739439435665
 30
0.0
 40
3.0
  0
CIRCLE
  5
1675
330
17
100
AcDbEntity
  8
0
100
AcDbCircle
 10
311.04210935756873
 20
363.1797917008098
 30
0.0
 40
3.0
  0
CIRCLE
  5
1676
330
17
100
AcDbEntity
  8
0
100
AcDbCircle
 10
158.76092444642825
 20
305.2422865764646
 30
0.0
 40
3.0
  0
CIRCLE
  5
1677
330
17
100
AcDbEntity
  8
0
100
AcDbCircle
 10
925.0181986409823
 20
979.5287442581597
 30
0.0
 40
3.0
  0
CIRCLE
  5
1678
330
17
100
AcDbEntity
  8
0
100
AcDbCircle
 10
690.7682309147573
 20
48.42882879354249
 30
0.0
 40
3.0
  0
CIRCLE
  5
1679
330
17
100
AcDbEntity
  8
0
100
AcDbCircle
 10
627.497191695734
 20
461.8595920207424
 30
0.0
 40
3.0
  0
CIRCLE
  5
167A
330
17
100
AcDbEntity
  8
0
100
AcDbCircle
 10
861.6520251634204
 20
99.63671689395369
 30
0.0
 40
3.0
  0
CIRCLE
  5
167B
330
17
100
AcDbEntity
  8
0
100
AcDbCircle
 10
661.8185839821364
 20
267.04081859747976
 30
0.0
 40
3.0
  0
CIRCLE
  5
167C
330
17
100
AcDbEntity
  8
0
100
AcDbCircle
 10
216.81563368405284
 20
623.3037218618599
 30
0.0
 40
3.0
  0
CIRCLE
  5
167D
330
17
100
AcDbEntity
  8
0
100
AcDbCircle
 10
874.3519255891952
 20
632.6425245885042
 30
0.0
 40
3.0
  0
CIRCLE
  5
167E
330
17
100
AcDbEntity
  8
0
100
AcDbCircle
 10
996.9857821027399
 20
813.7988956404441
 30
0.0
 40
3.0
  0
CIRCLE
  5
167F
330
17
100
AcDbEntity
  8
0
100
AcDbCircle
 10
120.94709855756814
 20
516.8310063061957
 30
0.0
 40
3.0
  0
CIRCLE
  5
1680
330
17
100
AcDbEntity
  8
0
100
AcDbCircle
 10
213.9447180720854
 20
299.28194030303035
 30
0.0
 40
3.0
  0
CIRCLE
  5
1681
330
17
100
AcDbEntity
  8
0
100
AcDbCircle
 10
708.7733994057473
 20
911.2080464438635
 30
0.0
 40
3.0
  0
CIRCLE
  5
1682
330
17
100
AcDbEntity
  8
0
100
AcDbCircle
 10
522.1447850251545
 20
807.2111365706011
 30
0.0
 40
3.0
  0
CIRCLE
  5
1683
330
17
100
AcDbEntity
  8
0
100
AcDbCircle
 10
65.20072942170926
 20
527.3850893922039
 30
0.0
 40
3.0
  0
CIRCLE
  5
1684
330
17
100
AcDbEntity
  8
0
100
AcDbCircle
 10
57.95711302100335
 20
120.45415413482525
 30
0.0
 40
3.0
  0
CIRCLE
  5
1685
330
17
100
AcDbEntity
  8
0
100
AcDbCircle
 10
776.7367137618836
 20
787.3621478577227
 30
0.0
 40
3.0
  0
CIRCLE
  5
1686
330
17
100
AcDbEntity
  8
0
100
AcDbCircle
 10
252.29340610294966
 20
637.7179789432654
 30
0.0
 40
3.0
  0
CIRCLE
  5
1687
330
17
100
AcDbEntity
  8
0
100
AcDbCircle
 10
917.6028266050063
 20
204.45727367148015
 30
0.0
 40
3.0
  0
CIRCLE
  5
1688
330
17
100
AcDbEntity
  8
0
100
AcDbCircle
 10
574.9547011786245
 20
325.21692053204634
 30
0.0
 40
3.0
  0
CIRCLE
  5
1689
330
17
100
AcDbEntity
  8
0
100
AcDbCircle
 10
40.78622684210268
 20
985.3524061408127
 30
0.0
 40
3.0
  0
CIRCLE
  5
168A
330
17
100
AcDbEntity
  8
0
100
AcDbCircle
 10
300.3224626784849
 20
469.7828083658412
 30
0.0
 40
3.0
  0
CIRCLE
  5
168B
330
17
100
AcDbEntity
  8
0
100
AcDbCircle
 10
8.129998699669006
 20
626.0264815124629
 30
0.0
 40
3.0
  0
CIRCLE
  5
168C
330
17
100
AcDbEntity
  8
0
100
AcDbCircle
 10
818.2270602712912
 20
917.9368015474658
 30
0.0
 40
3.0
  0
CIRCLE
  5
168D
330
17
100
AcDbEntity
  8
0
100
AcDbCircle
 10
64.68776300516886
 20
248.41345016742562
 30
0.0
 40
3.0
  0
CIRCLE
  5
168E
330
17
100
AcDbEntity
  8
0
100
AcDbCircle
 10
238.07714858975018
 20
18.331132891519257
 30
0.0
 40
3.0
  0
CIRCLE
  5
168F
330
17
100
AcDbEntity
  8
0
100
AcDbCircle
 10
245.76351143072387
 20
76.9223644579178
 30
0.0
 40
3.0
  0
CIRCLE
  5
1690
330
17
100
AcDbEntity
  8
0
100
AcDbCircle
 10
9.480865936659539
 20
241.84979737817815
 30
0.0
 40
3.0
  0
CIRCLE
  5
1691
330
17
100
AcDbEntity
  8
0
100
AcDbCircle
 10
338.6989632679983
 20
74.44910739416602
 30
0.0
 40
3.0
  0
CIRCLE
  5
1692
330
17
100
AcDbEntity
  8
0
100
AcDbCircle
 10
870.5084361095165
 20
163.7649251411148
 30
0.0
 40
3.0
  0
CIRCLE
  5
1693
330
17
100
AcDbEntity
  8
0
100
AcDbCircle
 10
483.0089396947331
 20
337.5620372335259
 30
0.0
 40
3.0
  0
CIRCLE
  5
1694
330
17
100
AcDbEntity
  8
0
100
AcDbCircle
 10
965.5629551353537
 20
51.389698928616596
 30
0.0
 40
3.0
  0
CIRCLE
  5
1695
330
17
100
AcDbEntity
  8
0
100
AcDbCircle
 10
117.16535275346642
 20
884.0563911530282
 30
0.0
 40
3.0
  0
CIRCLE
  5
1696
330
17
100
AcDbEntity
  8
0
100
AcDbCircle
 10
962.7159728664226
 20
230.4164999807687
 30
0.0
 40
3.0
  0
ENDSEC
  0
SECTION
  2
OBJECTS
  0
DICTIONARY
  5
A
330
0
100
AcDbDictionary
281
1
  3
ACAD_COLOR
350
B
  3
ACAD_GROUP
350
C
  3
ACAD_LAYOUT
350
D
  3
ACAD_MATERIAL
350
E
  3
ACAD_MLEADERSTYLE
350
F
  3
ACAD_MLINESTYLE
350
10
  3
ACAD_PLOTSETTINGS
350
11
  3
ACAD_PLOTSTYLENAME
350
12
  3
ACAD_SCALELIST
350
14
  3
ACAD_TABLESTYLE
350
15
  3
ACAD_VISUALSTYLE
350
16
  3
EZDXF_META
350
2D
  0
DICTIONARY
  5
B
330
A
100
AcDbDictionary
281
1
  0
DICTIONARY
  5
C
330
A
100
AcDbDictionary
281
1
  0
DICTIONARY
  5
D
330
A
100
AcDbDictionary
281
1
  3
Model
350
1A
  3
Layout1
350
1E
  0
DICTIONARY
  5
E
330
A
100
AcDbDictionary
281
1
  3
ByBlock
350
1F
  3
ByLayer
350
20
  3
Global
350
21
  0
DICTIONARY
  5
F
330
A
100
AcDbDictionary
281
1
  3
Standard
350
2C
  0
DICTIONARY
  5
10
330
A
100
AcDbDictionary
281
1
  3
Standard
350
22
  0
DICTIONARY
  5
11
330
A
100
AcDbDictionary
281
1
  0
ACDBDICTIONARYWDFLT
  5
12
330
A
100
AcDbDictionary
281
1
  3
Normal
350
13
100
AcDbDictionaryWithDefault
340
13
  0
ACDBPLACEHOLDER
  5
13
330
12
  0
DICTIONARY
  5
14
330
A
100
AcDbDictionary
281
1
  0
DICTIONARY
  5
15
330
A
100
AcDbDictionary
281
1
  0
DICTIONARY
  5
16
330
A
100
AcDbDictionary
281
1
  0
LAYOUT
  5
1A
330
D
100
AcDbPlotSettings
  1

  4
A3
  6

 40
7.5
 41
20.0
 42
7.5
 43
20.0
 44
420.0
 45
297.0
 46
0.0
 47
0.0
 48
0.0
 49
0.0
140
0.0
141
0.0
142
1.0
143
1.0
 70
1024
 72
1
 73
0
 74
5
  7

 75
16
 76
0
 77
2
 78
300
147
1.0
148
0.0
149
0.0
100
AcDbLayout
  1
Model
 70
1
 71
0
 10
0.0
 20
0.0
 11
420.0
 21
297.0
 12
0.0
 22
0.0
 32
0.0
 14
1e+20
 24
1e+20
 34
1e+20
 15
-1e+20
 25
-1e+20
 35
-1e+20
146
0.0
 13
0.0
 23
0.0
 33
0.0
 16
1.0
 26
0.0
 36
0.0
 17
0.0
 27
1.0
 37
0.0
 76
1
330
17
  0
LAYOUT
  5
1E
330
D
100
AcDbPlotSettings
  1

  4
A3
  6

 40
7.5
 41
20.0
 42
7.5
 43
20.0
 44
420.0
 45
297.0
 46
0.0
 47
0.0
 48
0.0
 49
0.0
140
0.0
141
0.0
142
1.0
143
1.0
 70
0
 72
1
 73
0
 74
5
  7

 75
16
 76
0
 77
2
 78
300
147
1.0
148
0.0
149
0.0
100
AcDbLayout
  1
Layout1
 70
1
 71
1
 10
0.0
 20
0.0
 11
420.0
 21
297.0
 12
0.0
 22
0.0
 32
0.0
 14
1e+20
 24
1e+20
 34
1e+20
 15
-1e+20
 25
-1e+20
 35
-1e+20
146
0.0
 13
0.0
 23
0.0
 33
0.0
 16
1.0
 26
0.0
 36
0.0
 17
0.0
 27
1.0
 37
0.0
 76
1
330
1B
  0
MATERIAL
  5
1F
102
{ACAD_REACTORS
330
E
102
}
330
E
100
AcDbMaterial
  1
ByBlock
  2

 70
0
 40
1.0
 71
1
 41
1.0
 91
-1023410177
 42
1.0
 72
1
  3

 73
1
 74
1
 75
1
 44
0.5
 73
0
 45
1.0
 46
1.0
 77
1
  4

 78
1
 79
1
170
1
 48
1.0
171
1
  6

172
1
173
1
174
1
140
1.0
141
1.0
175
1
  7

176
1
177
1
178
1
143
1.0
179
1
  8

270
1
271
1
272
1
145
1.0
146
1.0
273
1
  9

274
1
275
1
276
1
 42
1.0
 72
1
  3

 73
1
 74
1
 75
1
 94
63
  0
MATERIAL
  5
20
102
{ACAD_REACTORS
330
E
102
}
330
E
100
AcDbMaterial
  1
ByLayer
  2

 70
0
 40
1.0
 71
1
 41
1.0
 91
-1023410177
 42
1.0
 72
1
  3

 73
1
 74
1
 75
1
 44
0.5
 73
0
 45
1.0
 46
1.0
 77
1
  4

 78
1
 79
1
170
1
 48
1.0
171
1
  6

172
1
173
1
174
1
140
1.0
141
1.0
175
1
  7

176
1
177
1
178
1
143
1.0
179
1
  8

270
1
271
1
272
1
145
1.0
146
1.0
273
1
  9

274
1
275
1
276
1
 42
1.0
 72
1
  3

 73
1
 74
1
 75
1
 94
63
  0
MATERIAL
  5
21
102
{ACAD_REACTORS
330
E
102
}
330
E
100
AcDbMaterial
  1
Global
  2

 70
0
 40
1.0
 71
1
 41
1.0
 91
-1023410177
 42
1.0
 72
1
  3

 73
1
 74
1
 75
1
 44
0.5
 73
0
 45
1.0
 46
1.0
 77
1
  4

 78
1
 79
1
170
1
 48
1.0
171
1
  6

172
1
173
1
174
1
140
1.0
141
1.0
175
1
  7

176
1
177
1
178
1
143
1.0
179
1
  8

270
1
271
1
272
1
145
1.0
146
1.0
273
1
  9

274
1
275
1
276
1
 42
1.0
 72
1
  3

 73
1
 74
1
 75
1
 94
63
  0
MLINESTYLE
  5
22
102
{ACAD_REACTORS
330
10
102
}
330
10
100
AcDbMlineStyle
  2
Standard
 70
0
  3

 62
256
 51
90.0
 52
90.0
 71
2
 49
0.5
 62
256
  6
BYLAYER
 49
-0.5
 62
256
  6
BYLAYER
  0
MLEADERSTYLE
  5
2C
102
{ACAD_REACTORS
330
F
102
}
330
F
100
AcDbMLeaderStyle
179
2
170
2
171
1
172
0
 90
2
 40
0.0
 41
0.0
173
1
 91
-1056964608
 92
-2
290
1
 42
2.0
291
1
 43
8.0
  3
Standard
 44
4.0
300

342
29
174
1
175
1
176
0
178
1
 93
-1056964608
 45
4.0
292
0
297
0
 46
4.0
 94
-1056964608
 47
1.0
 49
1.0
140
1.0
294
1
141
0.0
177
0
142
1.0
295
0
296
0
143
3.75
271
0
272
9
273
9
  0
DICTIONARY
  5
2D
330
A
100
AcDbDictionary
280
1
281
1
  3
CREATED_BY_EZDXF
350
2E
  3
WRITTEN_BY_EZDXF
350
1699
  0
DICTIONARYVAR
  5
2E
330
2D
100
DictionaryVariables
280
0
  1
1.4.4 @ 2026-10-10T13:31:10.536564+00:00
  0
DICTIONARYVAR
  5
1699
330
2D
100
DictionaryVariables
280
0
  1
1.4.4 @ 2026-10-10T13:31:10.588758+00:00
  0
ENDSEC
  0
EOF
